userId,movieId,rating,timestamp,title,genres
6,10,3.0,845553253,GoldenEye (1995),Action|Adventure|Thriller
6,32,4.0,845553426,Twelve Monkeys (a.k.a. 12 Monkeys) (1995),Mystery|Sci-Fi|Thriller
6,34,4.0,845553354,Babe (1995),Children|Drama
6,47,4.0,845553317,Seven (a.k.a. Se7en) (1995),Mystery|Thriller
6,50,1.0,845553381,"Usual Suspects, The (1995)",Crime|Mystery|Thriller
6,110,5.0,845553283,Braveheart (1995),Action|Drama|War
6,150,4.0,845553110,Apollo 13 (1995),Adventure|Drama|IMAX
6,153,3.0,845553146,Batman Forever (1995),Action|Adventure|Comedy|Crime
6,165,3.0,845553146,Die Hard: With a Vengeance (1995),Action|Crime|Thriller
6,231,3.0,845553174,Dumb & Dumber (Dumb and Dumber) (1994),Adventure|Comedy
6,293,3.0,845553660,Léon: The Professional (a.k.a. The Professional) (Léon) (1994),Action|Crime|Drama|Thriller
6,296,2.0,845553110,Pulp Fiction (1994),Comedy|Crime|Drama|Thriller
6,316,5.0,845553174,Stargate (1994),Action|Adventure|Sci-Fi
6,318,5.0,845553200,"Shawshank Redemption, The (1994)",Crime|Drama
6,344,3.0,845553146,Ace Ventura: Pet Detective (1994),Comedy
6,356,5.0,845553200,Forrest Gump (1994),Comedy|Drama|Romance|War
6,364,5.0,845553317,"Lion King, The (1994)",Adventure|Animation|Children|Drama|Musical|IMAX
6,367,4.0,845553317,"Mask, The (1994)",Action|Comedy|Crime|Fantasy
6,377,5.0,845553317,Speed (1994),Action|Romance|Thriller
6,380,4.0,845553110,True Lies (1994),Action|Adventure|Comedy|Romance|Thriller
6,457,5.0,845553174,"Fugitive, The (1993)",Thriller
6,480,5.0,845553200,Jurassic Park (1993),Action|Adventure|Sci-Fi|Thriller
6,500,5.0,845553354,Mrs. Doubtfire (1993),Comedy|Drama
6,527,3.0,845553426,Schindler's List (1993),Drama|War
6,588,5.0,845553146,Aladdin (1992),Adventure|Animation|Children|Comedy|Musical
6,589,3.0,845553317,Terminator 2: Judgment Day (1991),Action|Sci-Fi
6,590,5.0,845553109,Dances with Wolves (1990),Adventure|Drama|Western
6,592,3.0,845553109,Batman (1989),Action|Crime|Thriller
6,593,4.0,845553174,"Silence of the Lambs, The (1991)",Crime|Horror|Thriller
6,595,5.0,845553174,Beauty and the Beast (1991),Animation|Children|Fantasy|Musical|Romance|IMAX
6,597,4.0,845553354,Pretty Woman (1990),Comedy|Romance
6,608,3.0,845553844,Fargo (1996),Comedy|Crime|Drama|Thriller
6,780,5.0,845556915,Independence Day (a.k.a. ID4) (1996),Action|Adventure|Sci-Fi|Thriller
18,1,3.5,1455209816,Toy Story (1995),Adventure|Animation|Children|Comedy|Fantasy
18,32,4.0,1455209840,Twelve Monkeys (a.k.a. 12 Monkeys) (1995),Mystery|Sci-Fi|Thriller
18,34,2.5,1455617533,Babe (1995),Children|Drama
18,47,4.5,1455050013,Seven (a.k.a. Se7en) (1995),Mystery|Thriller
18,50,5.0,1455049343,"Usual Suspects, The (1995)",Crime|Mystery|Thriller
18,110,4.5,1455050170,Braveheart (1995),Action|Drama|War
18,165,4.0,1455209902,Die Hard: With a Vengeance (1995),Action|Crime|Thriller
18,231,2.5,1455748462,Dumb & Dumber (Dumb and Dumber) (1994),Adventure|Comedy
18,260,4.0,1455049368,Star Wars: Episode IV - A New Hope (1977),Action|Adventure|Sci-Fi
18,293,4.5,1455050049,Léon: The Professional (a.k.a. The Professional) (Léon) (1994),Action|Crime|Drama|Thriller
18,296,4.0,1455050745,Pulp Fiction (1994),Comedy|Crime|Drama|Thriller
18,318,5.0,1455049328,"Shawshank Redemption, The (1994)",Crime|Drama
18,344,2.5,1455209869,Ace Ventura: Pet Detective (1994),Comedy
18,356,4.5,1455050112,Forrest Gump (1994),Comedy|Drama|Romance|War
18,364,3.0,1455209887,"Lion King, The (1994)",Adventure|Animation|Children|Drama|Musical|IMAX
18,367,2.5,1455618093,"Mask, The (1994)",Action|Comedy|Crime|Fantasy
18,377,2.5,1455209879,Speed (1994),Action|Romance|Thriller
18,380,2.5,1455209846,True Lies (1994),Action|Adventure|Comedy|Romance|Thriller
18,457,3.5,1477432493,"Fugitive, The (1993)",Thriller
18,480,3.5,1455209811,Jurassic Park (1993),Action|Adventure|Sci-Fi|Thriller
18,500,3.5,1455618095,Mrs. Doubtfire (1993),Comedy|Drama
18,527,4.5,1455050006,Schindler's List (1993),Drama|War
18,541,4.0,1456745325,Blade Runner (1982),Action|Sci-Fi|Thriller
18,588,3.5,1455209912,Aladdin (1992),Adventure|Animation|Children|Comedy|Musical
18,589,4.5,1455209793,Terminator 2: Judgment Day (1991),Action|Sci-Fi
18,590,4.0,1455209837,Dances with Wolves (1990),Adventure|Drama|Western
18,593,4.5,1455050067,"Silence of the Lambs, The (1991)",Crime|Horror|Thriller
18,595,3.0,1455209900,Beauty and the Beast (1991),Animation|Children|Fantasy|Musical|Romance|IMAX
18,608,4.5,1455050069,Fargo (1996),Comedy|Crime|Drama|Thriller
18,648,3.0,1455209873,Mission: Impossible (1996),Action|Adventure|Mystery|Thriller
18,780,4.0,1455209824,Independence Day (a.k.a. ID4) (1996),Action|Adventure|Sci-Fi|Thriller
18,858,4.0,1455050024,"Godfather, The (1972)",Crime|Drama
18,1036,4.0,1455618103,Die Hard (1988),Action|Crime|Thriller
18,1089,4.0,1455051391,Reservoir Dogs (1992),Crime|Mystery|Thriller
18,1136,4.5,1455210625,Monty Python and the Holy Grail (1975),Adventure|Comedy|Fantasy
18,1193,4.5,1517686025,One Flew Over the Cuckoo's Nest (1975),Drama
18,1196,4.0,1455209805,Star Wars: Episode V - The Empire Strikes Back (1980),Action|Adventure|Sci-Fi
18,1198,4.0,1455049377,Raiders of the Lost Ark (Indiana Jones and the Raiders of the Lost Ark) (1981),Action|Adventure
18,1210,4.5,1455209798,Star Wars: Episode VI - Return of the Jedi (1983),Action|Adventure|Sci-Fi
18,1213,4.5,1455050000,Goodfellas (1990),Crime|Drama
18,1214,4.0,1455050629,Alien (1979),Horror|Sci-Fi
18,1221,5.0,1460242083,"Godfather: Part II, The (1974)",Crime|Drama
18,1240,4.0,1455618100,"Terminator, The (1984)",Action|Sci-Fi|Thriller
18,1270,4.0,1455748627,Back to the Future (1985),Adventure|Comedy|Sci-Fi
18,1291,4.0,1455059809,Indiana Jones and the Last Crusade (1989),Action|Adventure
18,1580,3.5,1455748435,Men in Black (a.k.a. MIB) (1997),Action|Comedy|Sci-Fi
18,1682,3.0,1455231395,"Truman Show, The (1998)",Comedy|Drama|Sci-Fi
18,1704,4.0,1455050003,Good Will Hunting (1997),Drama|Romance
18,1721,4.0,1455748443,Titanic (1997),Drama|Romance
18,2028,4.0,1455209855,Saving Private Ryan (1998),Action|Drama|War
18,2329,4.0,1455209651,American History X (1998),Crime|Drama
18,2571,4.5,1455209654,"Matrix, The (1999)",Action|Sci-Fi|Thriller
18,2762,4.5,1455209891,"Sixth Sense, The (1999)",Drama|Horror|Mystery
18,2959,4.5,1455049351,Fight Club (1999),Action|Crime|Drama|Thriller
18,3578,4.5,1455209857,Gladiator (2000),Action|Adventure|Drama
18,3793,4.0,1464994762,X-Men (2000),Action|Adventure|Sci-Fi
18,4226,4.5,1455231390,Memento (2000),Mystery|Thriller
18,4306,4.0,1455209697,Shrek (2001),Adventure|Animation|Children|Comedy|Fantasy|Romance
18,4886,4.0,1455209685,"Monsters, Inc. (2001)",Adventure|Animation|Children|Comedy|Fantasy
18,4993,4.5,1455209675,"Lord of the Rings: The Fellowship of the Ring, The (2001)",Adventure|Fantasy
18,5952,3.5,1455209677,"Lord of the Rings: The Two Towers, The (2002)",Adventure|Fantasy
18,6377,4.0,1455049810,Finding Nemo (2003),Adventure|Animation|Children|Comedy
18,6539,4.5,1455049808,Pirates of the Caribbean: The Curse of the Black Pearl (2003),Action|Adventure|Comedy|Fantasy
18,6874,3.5,1455049814,Kill Bill: Vol. 1 (2003),Action|Crime|Thriller
18,7153,4.5,1455049801,"Lord of the Rings: The Return of the King, The (2003)",Action|Adventure|Drama|Fantasy
18,7361,4.0,1456924036,Eternal Sunshine of the Spotless Mind (2004),Drama|Romance|Sci-Fi
18,8961,3.5,1455209724,"Incredibles, The (2004)",Action|Adventure|Animation|Children|Comedy
18,58559,4.0,1455049372,"Dark Knight, The (2008)",Action|Crime|Drama|IMAX
18,79132,4.5,1455050059,Inception (2010),Action|Crime|Drama|Mystery|Sci-Fi|Thriller|IMAX
19,1,4.0,965705637,Toy Story (1995),Adventure|Animation|Children|Comedy|Fantasy
19,10,2.0,965709556,GoldenEye (1995),Action|Adventure|Thriller
19,32,4.0,965703646,Twelve Monkeys (a.k.a. 12 Monkeys) (1995),Mystery|Sci-Fi|Thriller
19,34,4.0,965705661,Babe (1995),Children|Drama
19,47,3.0,965710720,Seven (a.k.a. Se7en) (1995),Mystery|Thriller
19,153,2.0,965707889,Batman Forever (1995),Action|Adventure|Comedy|Crime
19,165,3.0,965711413,Die Hard: With a Vengeance (1995),Action|Crime|Thriller
19,231,2.0,965706728,Dumb & Dumber (Dumb and Dumber) (1994),Adventure|Comedy
19,260,4.0,965704248,Star Wars: Episode IV - A New Hope (1977),Action|Adventure|Sci-Fi
19,293,4.0,965710720,Léon: The Professional (a.k.a. The Professional) (Léon) (1994),Action|Crime|Drama|Thriller
19,316,2.0,965703785,Stargate (1994),Action|Adventure|Sci-Fi
19,344,2.0,965706566,Ace Ventura: Pet Detective (1994),Comedy
19,356,2.0,965706045,Forrest Gump (1994),Comedy|Drama|Romance|War
19,364,3.0,965709102,"Lion King, The (1994)",Adventure|Animation|Children|Drama|Musical|IMAX
19,367,4.0,965704281,"Mask, The (1994)",Action|Comedy|Crime|Fantasy
19,377,4.0,965711156,Speed (1994),Action|Romance|Thriller
19,380,3.0,965707487,True Lies (1994),Action|Adventure|Comedy|Romance|Thriller
19,457,4.0,965710781,"Fugitive, The (1993)",Thriller
19,480,2.0,965703785,Jurassic Park (1993),Action|Adventure|Sci-Fi|Thriller
19,500,2.0,965706636,Mrs. Doubtfire (1993),Comedy|Drama
19,541,4.0,965703555,Blade Runner (1982),Action|Sci-Fi|Thriller
19,588,3.0,965706337,Aladdin (1992),Adventure|Animation|Children|Comedy|Musical
19,589,5.0,965710720,Terminator 2: Judgment Day (1991),Action|Sci-Fi
19,592,5.0,965709445,Batman (1989),Action|Crime|Thriller
19,597,3.0,965706967,Pretty Woman (1990),Comedy|Romance
19,648,3.0,965709656,Mission: Impossible (1996),Action|Adventure|Mystery|Thriller
19,1089,3.0,965710671,Reservoir Dogs (1992),Crime|Mystery|Thriller
19,1136,3.0,965705588,Monty Python and the Holy Grail (1975),Adventure|Comedy|Fantasy
19,1193,4.0,965702660,One Flew Over the Cuckoo's Nest (1975),Drama
19,1196,4.0,965703555,Star Wars: Episode V - The Empire Strikes Back (1980),Action|Adventure|Sci-Fi
19,1197,5.0,965705725,"Princess Bride, The (1987)",Action|Adventure|Comedy|Fantasy|Romance
19,1198,5.0,965709394,Raiders of the Lost Ark (Indiana Jones and the Raiders of the Lost Ark) (1981),Action|Adventure
19,1200,3.0,965710693,Aliens (1986),Action|Adventure|Horror|Sci-Fi
19,1210,3.0,965709445,Star Wars: Episode VI - Return of the Jedi (1983),Action|Adventure|Sci-Fi
19,1214,4.0,965703555,Alien (1979),Horror|Sci-Fi
19,1240,4.0,965703605,"Terminator, The (1984)",Action|Sci-Fi|Thriller
19,1265,4.0,965705677,Groundhog Day (1993),Comedy|Fantasy|Romance
19,1270,4.0,965703583,Back to the Future (1985),Adventure|Comedy|Sci-Fi
19,1291,5.0,965709426,Indiana Jones and the Last Crusade (1989),Action|Adventure
19,1580,2.0,965703698,Men in Black (a.k.a. MIB) (1997),Action|Comedy|Sci-Fi
19,2571,4.0,965703605,"Matrix, The (1999)",Action|Sci-Fi|Thriller
19,2628,3.0,965703756,Star Wars: Episode I - The Phantom Menace (1999),Action|Adventure|Sci-Fi
19,2762,4.0,965710565,"Sixth Sense, The (1999)",Drama|Horror|Mystery
19,2858,4.0,965702994,American Beauty (1999),Drama|Romance
19,2959,5.0,965703109,Fight Club (1999),Action|Crime|Drama|Thriller
19,3578,3.0,965703221,Gladiator (2000),Action|Adventure|Drama
19,3793,4.0,965702777,X-Men (2000),Action|Adventure|Sci-Fi
21,1,3.5,1407618878,Toy Story (1995),Adventure|Animation|Children|Comedy|Fantasy
21,10,5.0,1403459783,GoldenEye (1995),Action|Adventure|Thriller
21,165,3.5,1418846918,Die Hard: With a Vengeance (1995),Action|Crime|Thriller
21,260,4.5,1417378080,Star Wars: Episode IV - A New Hope (1977),Action|Adventure|Sci-Fi
21,293,3.0,1436989949,Léon: The Professional (a.k.a. The Professional) (Léon) (1994),Action|Crime|Drama|Thriller
21,296,3.5,1500701533,Pulp Fiction (1994),Comedy|Crime|Drama|Thriller
21,356,4.5,1407617845,Forrest Gump (1994),Comedy|Drama|Romance|War
21,364,4.0,1418063557,"Lion King, The (1994)",Adventure|Animation|Children|Drama|Musical|IMAX
21,367,3.0,1407617838,"Mask, The (1994)",Action|Comedy|Crime|Fantasy
21,480,4.0,1418063303,Jurassic Park (1993),Action|Adventure|Sci-Fi|Thriller
21,500,2.5,1407617852,Mrs. Doubtfire (1993),Comedy|Drama
21,541,3.5,1452052129,Blade Runner (1982),Action|Sci-Fi|Thriller
21,588,4.0,1407618992,Aladdin (1992),Adventure|Animation|Children|Comedy|Musical
21,589,3.5,1418846818,Terminator 2: Judgment Day (1991),Action|Sci-Fi
21,592,3.5,1419795406,Batman (1989),Action|Crime|Thriller
21,597,4.0,1407617864,Pretty Woman (1990),Comedy|Romance
21,648,4.5,1403637454,Mission: Impossible (1996),Action|Adventure|Mystery|Thriller
21,780,3.5,1452052029,Independence Day (a.k.a. ID4) (1996),Action|Adventure|Sci-Fi|Thriller
21,858,2.5,1376823648,"Godfather, The (1972)",Crime|Drama
21,1036,3.5,1418063296,Die Hard (1988),Action|Crime|Thriller
21,1196,4.5,1403460820,Star Wars: Episode V - The Empire Strikes Back (1980),Action|Adventure|Sci-Fi
21,1198,4.0,1417378082,Raiders of the Lost Ark (Indiana Jones and the Raiders of the Lost Ark) (1981),Action|Adventure
21,1200,2.0,1419795311,Aliens (1986),Action|Adventure|Horror|Sci-Fi
21,1210,4.5,1417378078,Star Wars: Episode VI - Return of the Jedi (1983),Action|Adventure|Sci-Fi
21,1214,1.5,1419795364,Alien (1979),Horror|Sci-Fi
21,1221,2.5,1428775441,"Godfather: Part II, The (1974)",Crime|Drama
21,1240,3.5,1436989924,"Terminator, The (1984)",Action|Sci-Fi|Thriller
21,1265,3.5,1428775428,Groundhog Day (1993),Comedy|Fantasy|Romance
21,1270,5.0,1407617830,Back to the Future (1985),Adventure|Comedy|Sci-Fi
21,1291,4.0,1417378089,Indiana Jones and the Last Crusade (1989),Action|Adventure
21,1580,4.5,1407617833,Men in Black (a.k.a. MIB) (1997),Action|Comedy|Sci-Fi
21,1704,3.5,1418932074,Good Will Hunting (1997),Drama|Romance
21,1721,3.5,1418846922,Titanic (1997),Drama|Romance
21,2571,4.0,1412967844,"Matrix, The (1999)",Action|Sci-Fi|Thriller
21,2628,4.0,1418063222,Star Wars: Episode I - The Phantom Menace (1999),Action|Adventure|Sci-Fi
21,2762,0.5,1403460436,"Sixth Sense, The (1999)",Drama|Horror|Mystery
21,2858,2.0,1441392960,American Beauty (1999),Drama|Romance
21,2959,2.0,1441392954,Fight Club (1999),Action|Crime|Drama|Thriller
21,3578,2.5,1436989941,Gladiator (2000),Action|Adventure|Drama
21,3793,3.5,1441392970,X-Men (2000),Action|Adventure|Sci-Fi
21,4306,4.0,1418932197,Shrek (2001),Adventure|Animation|Children|Comedy|Fantasy|Romance
21,4886,3.5,1418932236,"Monsters, Inc. (2001)",Adventure|Animation|Children|Comedy|Fantasy
21,4993,1.5,1419025153,"Lord of the Rings: The Fellowship of the Ring, The (2001)",Adventure|Fantasy
21,5952,2.0,1419025155,"Lord of the Rings: The Two Towers, The (2002)",Adventure|Fantasy
21,6539,4.0,1419795351,Pirates of the Caribbean: The Curse of the Black Pearl (2003),Action|Adventure|Comedy|Fantasy
21,6874,1.5,1468113479,Kill Bill: Vol. 1 (2003),Action|Crime|Thriller
21,7153,1.5,1419025150,"Lord of the Rings: The Return of the King, The (2003)",Action|Adventure|Drama|Fantasy
21,8961,3.5,1441393027,"Incredibles, The (2004)",Action|Adventure|Animation|Children|Comedy
21,58559,3.5,1376823495,"Dark Knight, The (2008)",Action|Crime|Drama|IMAX
21,79132,3.5,1441393020,Inception (2010),Action|Crime|Drama|Mystery|Sci-Fi|Thriller|IMAX
28,32,3.5,1234335329,Twelve Monkeys (a.k.a. 12 Monkeys) (1995),Mystery|Sci-Fi|Thriller
28,47,3.0,1235975946,Seven (a.k.a. Se7en) (1995),Mystery|Thriller
28,50,3.5,1234337966,"Usual Suspects, The (1995)",Crime|Mystery|Thriller
28,110,3.5,1234515793,Braveheart (1995),Action|Drama|War
28,260,4.0,1234338579,Star Wars: Episode IV - A New Hope (1977),Action|Adventure|Sci-Fi
28,293,4.5,1234338073,Léon: The Professional (a.k.a. The Professional) (Léon) (1994),Action|Crime|Drama|Thriller
28,296,4.5,1234338046,Pulp Fiction (1994),Comedy|Crime|Drama|Thriller
28,316,4.0,1277002153,Stargate (1994),Action|Adventure|Sci-Fi
28,318,3.5,1234338000,"Shawshank Redemption, The (1994)",Crime|Drama
28,356,4.0,1243837724,Forrest Gump (1994),Comedy|Drama|Romance|War
28,377,1.5,1234516131,Speed (1994),Action|Romance|Thriller
28,457,3.0,1234515692,"Fugitive, The (1993)",Thriller
28,480,2.5,1234515708,Jurassic Park (1993),Action|Adventure|Sci-Fi|Thriller
28,527,3.0,1234570054,Schindler's List (1993),Drama|War
28,541,4.0,1234335500,Blade Runner (1982),Action|Sci-Fi|Thriller
28,589,4.5,1234515689,Terminator 2: Judgment Day (1991),Action|Sci-Fi
28,590,4.0,1242290279,Dances with Wolves (1990),Adventure|Drama|Western
28,592,2.5,1234516064,Batman (1989),Action|Crime|Thriller
28,593,2.5,1234570144,"Silence of the Lambs, The (1991)",Crime|Horror|Thriller
28,608,3.0,1243837137,Fargo (1996),Comedy|Crime|Drama|Thriller
28,780,3.0,1234516111,Independence Day (a.k.a. ID4) (1996),Action|Adventure|Sci-Fi|Thriller
28,858,4.5,1234338178,"Godfather, The (1972)",Crime|Drama
28,1036,2.0,1234515645,Die Hard (1988),Action|Crime|Thriller
28,1089,3.0,1234338253,Reservoir Dogs (1992),Crime|Mystery|Thriller
28,1136,3.5,1234338716,Monty Python and the Holy Grail (1975),Adventure|Comedy|Fantasy
28,1196,4.0,1234338139,Star Wars: Episode V - The Empire Strikes Back (1980),Action|Adventure|Sci-Fi
28,1197,2.5,1243837364,"Princess Bride, The (1987)",Action|Adventure|Comedy|Fantasy|Romance
28,1198,2.5,1234569517,Raiders of the Lost Ark (Indiana Jones and the Raiders of the Lost Ark) (1981),Action|Adventure
28,1200,4.0,1234338743,Aliens (1986),Action|Adventure|Horror|Sci-Fi
28,1210,4.0,1234515113,Star Wars: Episode VI - Return of the Jedi (1983),Action|Adventure|Sci-Fi
28,1213,4.0,1234338180,Goodfellas (1990),Crime|Drama
28,1214,3.5,1234338454,Alien (1979),Horror|Sci-Fi
28,1221,4.0,1234338282,"Godfather: Part II, The (1974)",Crime|Drama
28,1240,4.5,1234515680,"Terminator, The (1984)",Action|Sci-Fi|Thriller
28,1580,3.0,1234516117,Men in Black (a.k.a. MIB) (1997),Action|Comedy|Sci-Fi
28,1682,1.5,1242289815,"Truman Show, The (1998)",Comedy|Drama|Sci-Fi
28,1704,3.0,1235806527,Good Will Hunting (1997),Drama|Romance
28,2028,3.5,1234515641,Saving Private Ryan (1998),Action|Drama|War
28,2329,2.5,1234569909,American History X (1998),Crime|Drama
28,2571,4.0,1234338350,"Matrix, The (1999)",Action|Sci-Fi|Thriller
28,2628,4.0,1234516355,Star Wars: Episode I - The Phantom Menace (1999),Action|Adventure|Sci-Fi
28,2762,3.0,1234570602,"Sixth Sense, The (1999)",Drama|Horror|Mystery
28,2858,4.0,1234338144,American Beauty (1999),Drama|Romance
28,2959,3.5,1234338005,Fight Club (1999),Action|Crime|Drama|Thriller
28,3578,4.0,1234515839,Gladiator (2000),Action|Adventure|Drama
28,3793,3.5,1234516011,X-Men (2000),Action|Adventure|Sci-Fi
28,4226,3.5,1234337963,Memento (2000),Mystery|Thriller
28,4993,3.0,1234338192,"Lord of the Rings: The Fellowship of the Ring, The (2001)",Adventure|Fantasy
28,5952,3.5,1234338346,"Lord of the Rings: The Two Towers, The (2002)",Adventure|Fantasy
28,6539,2.0,1242031882,Pirates of the Caribbean: The Curse of the Black Pearl (2003),Action|Adventure|Comedy|Fantasy
28,6874,4.0,1234515778,Kill Bill: Vol. 1 (2003),Action|Crime|Thriller
28,7153,3.5,1234338343,"Lord of the Rings: The Return of the King, The (2003)",Action|Adventure|Drama|Fantasy
28,7361,2.5,1277001831,Eternal Sunshine of the Spotless Mind (2004),Drama|Romance|Sci-Fi
28,8961,3.5,1243837502,"Incredibles, The (2004)",Action|Adventure|Animation|Children|Comedy
28,58559,3.5,1234337988,"Dark Knight, The (2008)",Action|Crime|Drama|IMAX
42,10,5.0,996215205,GoldenEye (1995),Action|Adventure|Thriller
42,47,4.0,996218105,Seven (a.k.a. Se7en) (1995),Mystery|Thriller
42,50,5.0,996217838,"Usual Suspects, The (1995)",Crime|Mystery|Thriller
42,110,4.0,996217933,Braveheart (1995),Action|Drama|War
42,150,5.0,996217989,Apollo 13 (1995),Adventure|Drama|IMAX
42,153,2.0,996255744,Batman Forever (1995),Action|Adventure|Comedy|Crime
42,165,2.0,996216316,Die Hard: With a Vengeance (1995),Action|Crime|Thriller
42,231,4.0,996220872,Dumb & Dumber (Dumb and Dumber) (1994),Adventure|Comedy
42,260,5.0,996261559,Star Wars: Episode IV - A New Hope (1977),Action|Adventure|Sci-Fi
42,296,5.0,996214107,Pulp Fiction (1994),Comedy|Crime|Drama|Thriller
42,316,2.0,996219275,Stargate (1994),Action|Adventure|Sci-Fi
42,318,4.0,996217804,"Shawshank Redemption, The (1994)",Crime|Drama
42,344,2.0,996220343,Ace Ventura: Pet Detective (1994),Comedy
42,356,5.0,996218222,Forrest Gump (1994),Comedy|Drama|Romance|War
42,364,4.0,996218379,"Lion King, The (1994)",Adventure|Animation|Children|Drama|Musical|IMAX
42,380,3.0,996219248,True Lies (1994),Action|Adventure|Comedy|Romance|Thriller
42,457,4.0,996216038,"Fugitive, The (1993)",Thriller
42,527,4.0,996217804,Schindler's List (1993),Drama|War
42,590,4.0,996218404,Dances with Wolves (1990),Adventure|Drama|Western
42,592,3.0,996258232,Batman (1989),Action|Crime|Thriller
42,593,5.0,996217838,"Silence of the Lambs, The (1991)",Crime|Horror|Thriller
42,597,5.0,996218906,Pretty Woman (1990),Comedy|Romance
42,648,5.0,996219248,Mission: Impossible (1996),Action|Adventure|Mystery|Thriller
42,780,2.0,996220093,Independence Day (a.k.a. ID4) (1996),Action|Adventure|Sci-Fi|Thriller
42,858,5.0,996213544,"Godfather, The (1972)",Crime|Drama
42,1036,4.0,996216013,Die Hard (1988),Action|Crime|Thriller
42,1089,5.0,996217838,Reservoir Dogs (1992),Crime|Mystery|Thriller
42,1196,3.0,996215831,Star Wars: Episode V - The Empire Strikes Back (1980),Action|Adventure|Sci-Fi
42,1197,5.0,996258052,"Princess Bride, The (1987)",Action|Adventure|Comedy|Fantasy|Romance
42,1210,5.0,996258118,Star Wars: Episode VI - Return of the Jedi (1983),Action|Adventure|Sci-Fi
42,1213,5.0,996214157,Goodfellas (1990),Crime|Drama
42,1221,5.0,996213544,"Godfather: Part II, The (1974)",Crime|Drama
42,1265,5.0,996218017,Groundhog Day (1993),Comedy|Fantasy|Romance
42,1270,4.0,996258052,Back to the Future (1985),Adventure|Comedy|Sci-Fi
42,1580,4.0,996214503,Men in Black (a.k.a. MIB) (1997),Action|Comedy|Sci-Fi
42,1682,3.0,996218934,"Truman Show, The (1998)",Comedy|Drama|Sci-Fi
42,1704,5.0,996214937,Good Will Hunting (1997),Drama|Romance
42,2028,5.0,996217964,Saving Private Ryan (1998),Action|Drama|War
42,2329,5.0,996217964,American History X (1998),Crime|Drama
42,2571,5.0,996214210,"Matrix, The (1999)",Action|Sci-Fi|Thriller
42,2628,3.0,996220790,Star Wars: Episode I - The Phantom Menace (1999),Action|Adventure|Sci-Fi
42,2959,3.0,996217838,Fight Club (1999),Action|Crime|Drama|Thriller
42,3578,3.0,996212879,Gladiator (2000),Action|Adventure|Drama
42,3793,2.0,996212879,X-Men (2000),Action|Adventure|Sci-Fi
45,1,4.0,951170182,Toy Story (1995),Adventure|Animation|Children|Comedy|Fantasy
45,32,4.5,1121724503,Twelve Monkeys (a.k.a. 12 Monkeys) (1995),Mystery|Sci-Fi|Thriller
45,50,5.0,951756750,"Usual Suspects, The (1995)",Crime|Mystery|Thriller
45,110,5.0,950741520,Braveheart (1995),Action|Drama|War
45,150,5.0,1007484259,Apollo 13 (1995),Adventure|Drama|IMAX
45,165,5.0,1091305945,Die Hard: With a Vengeance (1995),Action|Crime|Thriller
45,231,5.0,1091305997,Dumb & Dumber (Dumb and Dumber) (1994),Adventure|Comedy
45,260,5.0,950726388,Star Wars: Episode IV - A New Hope (1977),Action|Adventure|Sci-Fi
45,296,5.0,1007483989,Pulp Fiction (1994),Comedy|Crime|Drama|Thriller
45,316,4.0,950740601,Stargate (1994),Action|Adventure|Sci-Fi
45,344,4.0,951170563,Ace Ventura: Pet Detective (1994),Comedy
45,356,5.0,951170194,Forrest Gump (1994),Comedy|Drama|Romance|War
45,364,5.0,950726215,"Lion King, The (1994)",Adventure|Animation|Children|Drama|Musical|IMAX
45,367,4.0,950724840,"Mask, The (1994)",Action|Comedy|Crime|Fantasy
45,380,4.0,950726688,True Lies (1994),Action|Adventure|Comedy|Romance|Thriller
45,457,4.0,950726408,"Fugitive, The (1993)",Thriller
45,480,4.0,950740478,Jurassic Park (1993),Action|Adventure|Sci-Fi|Thriller
45,500,4.0,951170445,Mrs. Doubtfire (1993),Comedy|Drama
45,541,3.0,950718561,Blade Runner (1982),Action|Sci-Fi|Thriller
45,588,5.0,950726248,Aladdin (1992),Adventure|Animation|Children|Comedy|Musical
45,589,5.0,950726569,Terminator 2: Judgment Day (1991),Action|Sci-Fi
45,590,4.0,1091305624,Dances with Wolves (1990),Adventure|Drama|Western
45,593,4.0,951756812,"Silence of the Lambs, The (1991)",Crime|Horror|Thriller
45,595,5.0,950726248,Beauty and the Beast (1991),Animation|Children|Fantasy|Musical|Romance|IMAX
45,597,3.0,951170238,Pretty Woman (1990),Comedy|Romance
45,648,4.0,950740583,Mission: Impossible (1996),Action|Adventure|Mystery|Thriller
45,780,3.0,950741000,Independence Day (a.k.a. ID4) (1996),Action|Adventure|Sci-Fi|Thriller
45,858,5.0,950722240,"Godfather, The (1972)",Crime|Drama
45,1036,3.0,950741520,Die Hard (1988),Action|Crime|Thriller
45,1136,5.0,1091306083,Monty Python and the Holy Grail (1975),Adventure|Comedy|Fantasy
45,1196,5.0,950726388,Star Wars: Episode V - The Empire Strikes Back (1980),Action|Adventure|Sci-Fi
45,1197,5.0,1091306041,"Princess Bride, The (1987)",Action|Adventure|Comedy|Fantasy|Romance
45,1198,4.0,950726408,Raiders of the Lost Ark (Indiana Jones and the Raiders of the Lost Ark) (1981),Action|Adventure
45,1210,5.0,950726673,Star Wars: Episode VI - Return of the Jedi (1983),Action|Adventure|Sci-Fi
45,1213,5.0,951756891,Goodfellas (1990),Crime|Drama
45,1221,4.0,950723493,"Godfather: Part II, The (1974)",Crime|Drama
45,1240,3.0,950740818,"Terminator, The (1984)",Action|Sci-Fi|Thriller
45,1265,3.0,950724757,Groundhog Day (1993),Comedy|Fantasy|Romance
45,1270,3.5,1091305972,Back to the Future (1985),Adventure|Comedy|Sci-Fi
45,1291,5.0,950726569,Indiana Jones and the Last Crusade (1989),Action|Adventure
45,1580,3.0,950740871,Men in Black (a.k.a. MIB) (1997),Action|Comedy|Sci-Fi
45,1682,4.0,1121724734,"Truman Show, The (1998)",Comedy|Drama|Sci-Fi
45,1704,5.0,951756899,Good Will Hunting (1997),Drama|Romance
45,1721,4.0,1091306055,Titanic (1997),Drama|Romance
45,2028,5.0,950726408,Saving Private Ryan (1998),Action|Drama|War
45,2329,5.0,1007484492,American History X (1998),Crime|Drama
45,2571,5.0,950718872,"Matrix, The (1999)",Action|Sci-Fi|Thriller
45,2628,4.0,950740549,Star Wars: Episode I - The Phantom Menace (1999),Action|Adventure|Sci-Fi
45,2762,5.0,959624096,"Sixth Sense, The (1999)",Drama|Horror|Mystery
45,2858,5.0,959624096,American Beauty (1999),Drama|Romance
45,2959,5.0,1007483918,Fight Club (1999),Action|Crime|Drama|Thriller
45,3578,5.0,1020803425,Gladiator (2000),Action|Adventure|Drama
45,3793,5.0,1007995171,X-Men (2000),Action|Adventure|Sci-Fi
45,4306,5.0,1007483642,Shrek (2001),Adventure|Animation|Children|Comedy|Fantasy|Romance
45,4886,5.0,1007483502,"Monsters, Inc. (2001)",Adventure|Animation|Children|Comedy|Fantasy
45,4993,5.0,1034343730,"Lord of the Rings: The Fellowship of the Ring, The (2001)",Adventure|Fantasy
45,6377,5.0,1057006897,Finding Nemo (2003),Adventure|Animation|Children|Comedy
45,6539,5.0,1121724104,Pirates of the Caribbean: The Curse of the Black Pearl (2003),Action|Adventure|Comedy|Fantasy
51,260,5.0,1230931614,Star Wars: Episode IV - A New Hope (1977),Action|Adventure|Sci-Fi
51,316,4.5,1230931604,Stargate (1994),Action|Adventure|Sci-Fi
51,344,3.0,1230929299,Ace Ventura: Pet Detective (1994),Comedy
51,377,3.0,1230931596,Speed (1994),Action|Romance|Thriller
51,380,4.0,1230931592,True Lies (1994),Action|Adventure|Comedy|Romance|Thriller
51,527,3.0,1230929292,Schindler's List (1993),Drama|War
51,589,5.0,1230929287,Terminator 2: Judgment Day (1991),Action|Sci-Fi
51,593,5.0,1230931534,"Silence of the Lambs, The (1991)",Crime|Horror|Thriller
51,597,3.5,1230931528,Pretty Woman (1990),Comedy|Romance
51,858,3.5,1230931501,"Godfather, The (1972)",Crime|Drama
51,1196,5.0,1230929268,Star Wars: Episode V - The Empire Strikes Back (1980),Action|Adventure|Sci-Fi
51,1200,5.0,1230929263,Aliens (1986),Action|Adventure|Horror|Sci-Fi
51,1214,5.0,1230929258,Alien (1979),Horror|Sci-Fi
51,1580,5.0,1230929254,Men in Black (a.k.a. MIB) (1997),Action|Comedy|Sci-Fi
51,2762,5.0,1230929240,"Sixth Sense, The (1999)",Drama|Horror|Mystery
51,4886,4.0,1230929389,"Monsters, Inc. (2001)",Adventure|Animation|Children|Comedy|Fantasy
51,58559,4.0,1230932758,"Dark Knight, The (2008)",Action|Crime|Drama|IMAX
57,1,5.0,965796031,Toy Story (1995),Adventure|Animation|Children|Comedy|Fantasy
57,10,3.0,965798286,GoldenEye (1995),Action|Adventure|Thriller
57,32,4.0,965798685,Twelve Monkeys (a.k.a. 12 Monkeys) (1995),Mystery|Sci-Fi|Thriller
57,50,5.0,965796686,"Usual Suspects, The (1995)",Crime|Mystery|Thriller
57,110,4.0,965799491,Braveheart (1995),Action|Drama|War
57,150,3.0,972172393,Apollo 13 (1995),Adventure|Drama|IMAX
57,153,2.0,969753973,Batman Forever (1995),Action|Adventure|Comedy|Crime
57,260,5.0,965798203,Star Wars: Episode IV - A New Hope (1977),Action|Adventure|Sci-Fi
57,296,3.0,972172502,Pulp Fiction (1994),Comedy|Crime|Drama|Thriller
57,316,3.0,965798870,Stargate (1994),Action|Adventure|Sci-Fi
57,356,4.0,965795650,Forrest Gump (1994),Comedy|Drama|Romance|War
57,364,4.0,965796140,"Lion King, The (1994)",Adventure|Animation|Children|Drama|Musical|IMAX
57,367,3.0,965797050,"Mask, The (1994)",Action|Comedy|Crime|Fantasy
57,377,2.0,969754312,Speed (1994),Action|Romance|Thriller
57,380,4.0,965797484,True Lies (1994),Action|Adventure|Comedy|Romance|Thriller
57,457,5.0,965796698,"Fugitive, The (1993)",Thriller
57,480,5.0,965798332,Jurassic Park (1993),Action|Adventure|Sci-Fi|Thriller
57,500,3.0,965797433,Mrs. Doubtfire (1993),Comedy|Drama
57,527,5.0,965799430,Schindler's List (1993),Drama|War
57,541,5.0,965796471,Blade Runner (1982),Action|Sci-Fi|Thriller
57,588,4.0,965796062,Aladdin (1992),Adventure|Animation|Children|Comedy|Musical
57,589,4.0,965798703,Terminator 2: Judgment Day (1991),Action|Sci-Fi
57,590,3.0,965798313,Dances with Wolves (1990),Adventure|Drama|Western
57,592,4.0,969753766,Batman (1989),Action|Crime|Thriller
57,593,5.0,965796656,"Silence of the Lambs, The (1991)",Crime|Horror|Thriller
57,595,5.0,965796080,Beauty and the Beast (1991),Animation|Children|Fantasy|Musical|Romance|IMAX
57,597,3.0,972174733,Pretty Woman (1990),Comedy|Romance
57,608,4.0,965796686,Fargo (1996),Comedy|Crime|Drama|Thriller
57,648,4.0,965795589,Mission: Impossible (1996),Action|Adventure|Mystery|Thriller
57,780,3.0,965799571,Independence Day (a.k.a. ID4) (1996),Action|Adventure|Sci-Fi|Thriller
57,858,5.0,965795615,"Godfather, The (1972)",Crime|Drama
57,1036,4.0,969754215,Die Hard (1988),Action|Crime|Thriller
57,1136,5.0,965796238,Monty Python and the Holy Grail (1975),Adventure|Comedy|Fantasy
57,1193,4.0,965795928,One Flew Over the Cuckoo's Nest (1975),Drama
57,1196,4.0,965798130,Star Wars: Episode V - The Empire Strikes Back (1980),Action|Adventure|Sci-Fi
57,1197,5.0,965796373,"Princess Bride, The (1987)",Action|Adventure|Comedy|Fantasy|Romance
57,1198,5.0,965798130,Raiders of the Lost Ark (Indiana Jones and the Raiders of the Lost Ark) (1981),Action|Adventure
57,1200,4.0,965799430,Aliens (1986),Action|Adventure|Horror|Sci-Fi
57,1210,4.0,965798130,Star Wars: Episode VI - Return of the Jedi (1983),Action|Adventure|Sci-Fi
57,1221,5.0,965795745,"Godfather: Part II, The (1974)",Crime|Drama
57,1240,4.0,965796733,"Terminator, The (1984)",Action|Sci-Fi|Thriller
57,1265,5.0,965796352,Groundhog Day (1993),Comedy|Fantasy|Romance
57,1270,4.0,965798685,Back to the Future (1985),Adventure|Comedy|Sci-Fi
57,1291,4.0,965798248,Indiana Jones and the Last Crusade (1989),Action|Adventure
57,1580,4.0,965797070,Men in Black (a.k.a. MIB) (1997),Action|Comedy|Sci-Fi
57,1682,4.0,972172686,"Truman Show, The (1998)",Comedy|Drama|Sci-Fi
57,1704,3.0,972172431,Good Will Hunting (1997),Drama|Romance
57,1721,2.0,965799094,Titanic (1997),Drama|Romance
57,2028,5.0,965799491,Saving Private Ryan (1998),Action|Drama|War
57,2571,5.0,965796810,"Matrix, The (1999)",Action|Sci-Fi|Thriller
57,2628,3.0,965798332,Star Wars: Episode I - The Phantom Menace (1999),Action|Adventure|Sci-Fi
57,2762,5.0,965796686,"Sixth Sense, The (1999)",Drama|Horror|Mystery
57,2858,5.0,965796238,American Beauty (1999),Drama|Romance
57,3578,4.0,969754290,Gladiator (2000),Action|Adventure|Drama
62,47,4.5,1521489234,Seven (a.k.a. Se7en) (1995),Mystery|Thriller
62,110,4.5,1521822303,Braveheart (1995),Action|Drama|War
62,260,4.5,1521488893,Star Wars: Episode IV - A New Hope (1977),Action|Adventure|Sci-Fi
62,293,5.0,1521488906,Léon: The Professional (a.k.a. The Professional) (Léon) (1994),Action|Crime|Drama|Thriller
62,296,4.5,1521488575,Pulp Fiction (1994),Comedy|Crime|Drama|Thriller
62,318,4.0,1521488565,"Shawshank Redemption, The (1994)",Crime|Drama
62,344,3.0,1521822336,Ace Ventura: Pet Detective (1994),Comedy
62,356,5.0,1521822306,Forrest Gump (1994),Comedy|Drama|Romance|War
62,527,4.5,1521488569,Schindler's List (1993),Drama|War
62,593,5.0,1521488571,"Silence of the Lambs, The (1991)",Crime|Horror|Thriller
62,858,5.0,1521488566,"Godfather, The (1972)",Crime|Drama
62,1089,5.0,1521488724,Reservoir Dogs (1992),Crime|Mystery|Thriller
62,1193,4.0,1521488855,One Flew Over the Cuckoo's Nest (1975),Drama
62,1196,4.5,1521488711,Star Wars: Episode V - The Empire Strikes Back (1980),Action|Adventure|Sci-Fi
62,1198,4.5,1521490520,Raiders of the Lost Ark (Indiana Jones and the Raiders of the Lost Ark) (1981),Action|Adventure
62,1210,4.5,1521488714,Star Wars: Episode VI - Return of the Jedi (1983),Action|Adventure|Sci-Fi
62,1221,5.0,1521488574,"Godfather: Part II, The (1974)",Crime|Drama
62,1265,4.0,1536618534,Groundhog Day (1993),Comedy|Fantasy|Romance
62,1270,4.5,1521822319,Back to the Future (1985),Adventure|Comedy|Sci-Fi
62,1291,4.5,1523111068,Indiana Jones and the Last Crusade (1989),Action|Adventure
62,1580,3.0,1521822333,Men in Black (a.k.a. MIB) (1997),Action|Comedy|Sci-Fi
62,1682,4.5,1521489738,"Truman Show, The (1998)",Comedy|Drama|Sci-Fi
62,1704,5.0,1523560682,Good Will Hunting (1997),Drama|Romance
62,1721,4.0,1521822338,Titanic (1997),Drama|Romance
62,2028,4.0,1521489641,Saving Private Ryan (1998),Action|Drama|War
62,2329,4.5,1522418540,American History X (1998),Crime|Drama
62,2571,5.0,1521489407,"Matrix, The (1999)",Action|Sci-Fi|Thriller
62,2628,4.5,1521822355,Star Wars: Episode I - The Phantom Menace (1999),Action|Adventure|Sci-Fi
62,2762,4.5,1523111064,"Sixth Sense, The (1999)",Drama|Horror|Mystery
62,2959,5.0,1521488573,Fight Club (1999),Action|Crime|Drama|Thriller
62,3578,4.5,1521489618,Gladiator (2000),Action|Adventure|Drama
62,3793,3.0,1525125407,X-Men (2000),Action|Adventure|Sci-Fi
62,4306,1.0,1521488595,Shrek (2001),Adventure|Animation|Children|Comedy|Fantasy|Romance
62,4993,5.0,1521488587,"Lord of the Rings: The Fellowship of the Ring, The (2001)",Adventure|Fantasy
62,5952,5.0,1521488589,"Lord of the Rings: The Two Towers, The (2002)",Adventure|Fantasy
62,6539,4.0,1521488598,Pirates of the Caribbean: The Curse of the Black Pearl (2003),Action|Adventure|Comedy|Fantasy
62,6874,5.0,1521489355,Kill Bill: Vol. 1 (2003),Action|Crime|Thriller
62,7153,5.0,1521488588,"Lord of the Rings: The Return of the King, The (2003)",Action|Adventure|Drama|Fantasy
62,7361,4.5,1521488882,Eternal Sunshine of the Spotless Mind (2004),Drama|Romance|Sci-Fi
62,8961,4.5,1521489915,"Incredibles, The (2004)",Action|Adventure|Animation|Children|Comedy
62,58559,5.0,1521488846,"Dark Knight, The (2008)",Action|Crime|Drama|IMAX
62,79132,5.0,1521488715,Inception (2010),Action|Crime|Drama|Mystery|Sci-Fi|Thriller|IMAX
64,1,4.0,1161520134,Toy Story (1995),Adventure|Animation|Children|Comedy|Fantasy
64,32,4.0,1161520763,Twelve Monkeys (a.k.a. 12 Monkeys) (1995),Mystery|Sci-Fi|Thriller
64,34,4.5,1161520212,Babe (1995),Children|Drama
64,47,4.5,1161520185,Seven (a.k.a. Se7en) (1995),Mystery|Thriller
64,50,3.0,1161528982,"Usual Suspects, The (1995)",Crime|Mystery|Thriller
64,110,4.0,1161520230,Braveheart (1995),Action|Drama|War
64,153,2.5,1161520389,Batman Forever (1995),Action|Adventure|Comedy|Crime
64,231,4.5,1161520600,Dumb & Dumber (Dumb and Dumber) (1994),Adventure|Comedy
64,260,3.5,1161520007,Star Wars: Episode IV - A New Hope (1977),Action|Adventure|Sci-Fi
64,293,4.0,1161521544,Léon: The Professional (a.k.a. The Professional) (Léon) (1994),Action|Crime|Drama|Thriller
64,296,4.5,1161520143,Pulp Fiction (1994),Comedy|Crime|Drama|Thriller
64,316,3.0,1161520309,Stargate (1994),Action|Adventure|Sci-Fi
64,318,5.0,1161520540,"Shawshank Redemption, The (1994)",Crime|Drama
64,344,3.5,1161520033,Ace Ventura: Pet Detective (1994),Comedy
64,356,4.0,1161520004,Forrest Gump (1994),Comedy|Drama|Romance|War
64,364,4.0,1161520878,"Lion King, The (1994)",Adventure|Animation|Children|Drama|Musical|IMAX
64,367,3.5,1161520598,"Mask, The (1994)",Action|Comedy|Crime|Fantasy
64,377,3.0,1161520155,Speed (1994),Action|Romance|Thriller
64,480,4.0,1161520140,Jurassic Park (1993),Action|Adventure|Sci-Fi|Thriller
64,500,3.5,1161520572,Mrs. Doubtfire (1993),Comedy|Drama
64,527,5.0,1161520178,Schindler's List (1993),Drama|War
64,588,4.0,1161520247,Aladdin (1992),Adventure|Animation|Children|Comedy|Musical
64,589,4.0,1161520454,Terminator 2: Judgment Day (1991),Action|Sci-Fi
64,590,5.0,1161520062,Dances with Wolves (1990),Adventure|Drama|Western
64,593,5.0,1161520116,"Silence of the Lambs, The (1991)",Crime|Horror|Thriller
64,595,3.5,1161520447,Beauty and the Beast (1991),Animation|Children|Fantasy|Musical|Romance|IMAX
64,597,3.5,1161520504,Pretty Woman (1990),Comedy|Romance
64,608,4.0,1161520658,Fargo (1996),Comedy|Crime|Drama|Thriller
64,780,3.0,1161520462,Independence Day (a.k.a. ID4) (1996),Action|Adventure|Sci-Fi|Thriller
64,858,5.0,1161520037,"Godfather, The (1972)",Crime|Drama
64,1036,3.0,1161520494,Die Hard (1988),Action|Crime|Thriller
64,1089,4.0,1161520988,Reservoir Dogs (1992),Crime|Mystery|Thriller
64,1136,4.0,1161520638,Monty Python and the Holy Grail (1975),Adventure|Comedy|Fantasy
64,1193,5.0,1161528996,One Flew Over the Cuckoo's Nest (1975),Drama
64,1196,3.5,1161520897,Star Wars: Episode V - The Empire Strikes Back (1980),Action|Adventure|Sci-Fi
64,1197,4.5,1161520498,"Princess Bride, The (1987)",Action|Adventure|Comedy|Fantasy|Romance
64,1210,3.5,1161520048,Star Wars: Episode VI - Return of the Jedi (1983),Action|Adventure|Sci-Fi
64,1213,5.0,1161520853,Goodfellas (1990),Crime|Drama
64,1214,4.0,1161520595,Alien (1979),Horror|Sci-Fi
64,1221,5.0,1161528995,"Godfather: Part II, The (1974)",Crime|Drama
64,1240,3.5,1161520175,"Terminator, The (1984)",Action|Sci-Fi|Thriller
64,1265,4.0,1161520350,Groundhog Day (1993),Comedy|Fantasy|Romance
64,1580,3.5,1161520051,Men in Black (a.k.a. MIB) (1997),Action|Comedy|Sci-Fi
64,1682,4.0,1161520745,"Truman Show, The (1998)",Comedy|Drama|Sci-Fi
64,1704,4.5,1161520428,Good Will Hunting (1997),Drama|Romance
64,2028,4.0,1161520159,Saving Private Ryan (1998),Action|Drama|War
64,2329,4.0,1161519962,American History X (1998),Crime|Drama
64,2571,4.0,1161519966,"Matrix, The (1999)",Action|Sci-Fi|Thriller
64,2762,4.5,1161520995,"Sixth Sense, The (1999)",Drama|Horror|Mystery
64,2858,2.5,1161520054,American Beauty (1999),Drama|Romance
64,2959,4.5,1161520542,Fight Club (1999),Action|Crime|Drama|Thriller
64,3793,3.5,1161520586,X-Men (2000),Action|Adventure|Sci-Fi
64,4226,4.5,1161520122,Memento (2000),Mystery|Thriller
64,4306,3.5,1161520021,Shrek (2001),Adventure|Animation|Children|Comedy|Fantasy|Romance
64,4886,4.0,1161520043,"Monsters, Inc. (2001)",Adventure|Animation|Children|Comedy|Fantasy
64,4993,4.5,1161519956,"Lord of the Rings: The Fellowship of the Ring, The (2001)",Adventure|Fantasy
64,5952,4.5,1161519958,"Lord of the Rings: The Two Towers, The (2002)",Adventure|Fantasy
64,6377,5.0,1161520313,Finding Nemo (2003),Adventure|Animation|Children|Comedy
64,6539,4.0,1161520011,Pirates of the Caribbean: The Curse of the Black Pearl (2003),Action|Adventure|Comedy|Fantasy
64,6874,4.0,1161520239,Kill Bill: Vol. 1 (2003),Action|Crime|Thriller
64,7153,4.5,1161519718,"Lord of the Rings: The Return of the King, The (2003)",Action|Adventure|Drama|Fantasy
64,7361,4.5,1161519997,Eternal Sunshine of the Spotless Mind (2004),Drama|Romance|Sci-Fi
64,8961,3.5,1161520721,"Incredibles, The (2004)",Action|Adventure|Animation|Children|Comedy
66,1,4.0,1104643957,Toy Story (1995),Adventure|Animation|Children|Comedy|Fantasy
66,32,5.0,1093747471,Twelve Monkeys (a.k.a. 12 Monkeys) (1995),Mystery|Sci-Fi|Thriller
66,47,5.0,1093747353,Seven (a.k.a. Se7en) (1995),Mystery|Thriller
66,50,4.0,1104644110,"Usual Suspects, The (1995)",Crime|Mystery|Thriller
66,110,5.0,1093747481,Braveheart (1995),Action|Drama|War
66,260,2.5,1093747550,Star Wars: Episode IV - A New Hope (1977),Action|Adventure|Sci-Fi
66,293,4.0,1093747362,Léon: The Professional (a.k.a. The Professional) (Léon) (1994),Action|Crime|Drama|Thriller
66,296,5.0,1093747506,Pulp Fiction (1994),Comedy|Crime|Drama|Thriller
66,318,4.5,1093747397,"Shawshank Redemption, The (1994)",Crime|Drama
66,356,5.0,1093747854,Forrest Gump (1994),Comedy|Drama|Romance|War
66,380,3.5,1104643944,True Lies (1994),Action|Adventure|Comedy|Romance|Thriller
66,457,3.0,1093747700,"Fugitive, The (1993)",Thriller
66,480,3.0,1104643911,Jurassic Park (1993),Action|Adventure|Sci-Fi|Thriller
66,541,5.0,1093748041,Blade Runner (1982),Action|Sci-Fi|Thriller
66,589,4.0,1104643949,Terminator 2: Judgment Day (1991),Action|Sci-Fi
66,590,4.5,1104643930,Dances with Wolves (1990),Adventure|Drama|Western
66,592,4.0,1104643920,Batman (1989),Action|Crime|Thriller
66,593,4.0,1093747465,"Silence of the Lambs, The (1991)",Crime|Horror|Thriller
66,608,4.0,1093748067,Fargo (1996),Comedy|Crime|Drama|Thriller
66,780,3.5,1104643954,Independence Day (a.k.a. ID4) (1996),Action|Adventure|Sci-Fi|Thriller
66,1036,4.0,1093747439,Die Hard (1988),Action|Crime|Thriller
66,1089,4.0,1093747663,Reservoir Dogs (1992),Crime|Mystery|Thriller
66,1136,5.0,1093747499,Monty Python and the Holy Grail (1975),Adventure|Comedy|Fantasy
66,1196,4.0,1093747539,Star Wars: Episode V - The Empire Strikes Back (1980),Action|Adventure|Sci-Fi
66,1197,4.0,1093747453,"Princess Bride, The (1987)",Action|Adventure|Comedy|Fantasy|Romance
66,1198,3.0,1104644125,Raiders of the Lost Ark (Indiana Jones and the Raiders of the Lost Ark) (1981),Action|Adventure
66,1200,5.0,1093747661,Aliens (1986),Action|Adventure|Horror|Sci-Fi
66,1210,3.0,1093747693,Star Wars: Episode VI - Return of the Jedi (1983),Action|Adventure|Sci-Fi
66,1213,3.5,1099187078,Goodfellas (1990),Crime|Drama
66,1214,4.0,1093747875,Alien (1979),Horror|Sci-Fi
66,1240,4.0,1093747795,"Terminator, The (1984)",Action|Sci-Fi|Thriller
66,1265,3.5,1093748059,Groundhog Day (1993),Comedy|Fantasy|Romance
66,1270,3.0,1093747585,Back to the Future (1985),Adventure|Comedy|Sci-Fi
66,1682,4.5,1093747644,"Truman Show, The (1998)",Comedy|Drama|Sci-Fi
66,1704,5.0,1099187248,Good Will Hunting (1997),Drama|Romance
66,2028,4.5,1093747622,Saving Private Ryan (1998),Action|Drama|War
66,2571,5.0,1093747372,"Matrix, The (1999)",Action|Sci-Fi|Thriller
66,2628,3.0,1113190079,Star Wars: Episode I - The Phantom Menace (1999),Action|Adventure|Sci-Fi
66,2762,5.0,1093747384,"Sixth Sense, The (1999)",Drama|Horror|Mystery
66,2858,5.0,1093747418,American Beauty (1999),Drama|Romance
66,2959,5.0,1093143975,Fight Club (1999),Action|Crime|Drama|Thriller
66,3578,3.5,1093747720,Gladiator (2000),Action|Adventure|Drama
66,4226,5.0,1093747316,Memento (2000),Mystery|Thriller
66,4306,5.0,1093144044,Shrek (2001),Adventure|Animation|Children|Comedy|Fantasy|Romance
66,4886,4.5,1099187215,"Monsters, Inc. (2001)",Adventure|Animation|Children|Comedy|Fantasy
66,4993,5.0,1093747405,"Lord of the Rings: The Fellowship of the Ring, The (2001)",Adventure|Fantasy
66,5952,5.0,1093747320,"Lord of the Rings: The Two Towers, The (2002)",Adventure|Fantasy
66,6377,4.5,1093747322,Finding Nemo (2003),Adventure|Animation|Children|Comedy
66,6539,3.5,1093747292,Pirates of the Caribbean: The Curse of the Black Pearl (2003),Action|Adventure|Comedy|Fantasy
66,6874,5.0,1093747485,Kill Bill: Vol. 1 (2003),Action|Crime|Thriller
66,7153,5.0,1093747306,"Lord of the Rings: The Return of the King, The (2003)",Action|Adventure|Drama|Fantasy
66,7361,4.5,1104643987,Eternal Sunshine of the Spotless Mind (2004),Drama|Romance|Sci-Fi
66,8961,4.0,1104644077,"Incredibles, The (2004)",Action|Adventure|Animation|Children|Comedy
68,1,2.5,1158531426,Toy Story (1995),Adventure|Animation|Children|Comedy|Fantasy
68,10,4.5,1158531612,GoldenEye (1995),Action|Adventure|Thriller
68,34,1.0,1158531735,Babe (1995),Children|Drama
68,47,4.0,1158531489,Seven (a.k.a. Se7en) (1995),Mystery|Thriller
68,50,3.0,1158531764,"Usual Suspects, The (1995)",Crime|Mystery|Thriller
68,110,2.5,1158531496,Braveheart (1995),Action|Drama|War
68,150,3.0,1158531364,Apollo 13 (1995),Adventure|Drama|IMAX
68,153,3.0,1158531596,Batman Forever (1995),Action|Adventure|Comedy|Crime
68,165,3.5,1158531548,Die Hard: With a Vengeance (1995),Action|Crime|Thriller
68,231,3.5,1158532011,Dumb & Dumber (Dumb and Dumber) (1994),Adventure|Comedy
68,260,5.0,1158531191,Star Wars: Episode IV - A New Hope (1977),Action|Adventure|Sci-Fi
68,293,4.0,1158532453,Léon: The Professional (a.k.a. The Professional) (Léon) (1994),Action|Crime|Drama|Thriller
68,296,2.0,1180916156,Pulp Fiction (1994),Comedy|Crime|Drama|Thriller
68,316,3.5,1158531378,Stargate (1994),Action|Adventure|Sci-Fi
68,318,3.0,1158531293,"Shawshank Redemption, The (1994)",Crime|Drama
68,344,2.5,1158531367,Ace Ventura: Pet Detective (1994),Comedy
68,356,3.5,1158531181,Forrest Gump (1994),Comedy|Drama|Romance|War
68,364,4.5,1158531894,"Lion King, The (1994)",Adventure|Animation|Children|Drama|Musical|IMAX
68,367,3.0,1158531592,"Mask, The (1994)",Action|Comedy|Crime|Fantasy
68,377,5.0,1158531516,Speed (1994),Action|Romance|Thriller
68,380,3.5,1158531354,True Lies (1994),Action|Adventure|Comedy|Romance|Thriller
68,457,4.5,1158531542,"Fugitive, The (1993)",Thriller
68,480,3.5,1158531200,Jurassic Park (1993),Action|Adventure|Sci-Fi|Thriller
68,500,3.0,1158531950,Mrs. Doubtfire (1993),Comedy|Drama
68,527,4.0,1305861414,Schindler's List (1993),Drama|War
68,541,2.0,1158532190,Blade Runner (1982),Action|Sci-Fi|Thriller
68,588,3.5,1158531766,Aladdin (1992),Adventure|Animation|Children|Comedy|Musical
68,589,3.5,1158531164,Terminator 2: Judgment Day (1991),Action|Sci-Fi
68,590,4.0,1158531481,Dances with Wolves (1990),Adventure|Drama|Western
68,592,4.0,1158531159,Batman (1989),Action|Crime|Thriller
68,593,3.5,1158531247,"Silence of the Lambs, The (1991)",Crime|Horror|Thriller
68,595,4.5,1158531532,Beauty and the Beast (1991),Animation|Children|Fantasy|Musical|Romance|IMAX
68,597,4.5,1158532014,Pretty Woman (1990),Comedy|Romance
68,608,2.5,1158531452,Fargo (1996),Comedy|Crime|Drama|Thriller
68,648,4.0,1158531681,Mission: Impossible (1996),Action|Adventure|Mystery|Thriller
68,780,4.0,1158531402,Independence Day (a.k.a. ID4) (1996),Action|Adventure|Sci-Fi|Thriller
68,858,4.0,1268848984,"Godfather, The (1972)",Crime|Drama
68,1036,3.0,1158531885,Die Hard (1988),Action|Crime|Thriller
68,1089,3.5,1158532755,Reservoir Dogs (1992),Crime|Mystery|Thriller
68,1136,3.5,1158532161,Monty Python and the Holy Grail (1975),Adventure|Comedy|Fantasy
68,1193,3.0,1240092977,One Flew Over the Cuckoo's Nest (1975),Drama
68,1196,5.0,1158531361,Star Wars: Episode V - The Empire Strikes Back (1980),Action|Adventure|Sci-Fi
68,1197,5.0,1158531521,"Princess Bride, The (1987)",Action|Adventure|Comedy|Fantasy|Romance
68,1198,5.0,1158531882,Raiders of the Lost Ark (Indiana Jones and the Raiders of the Lost Ark) (1981),Action|Adventure
68,1200,2.5,1158531997,Aliens (1986),Action|Adventure|Horror|Sci-Fi
68,1210,5.0,1158531261,Star Wars: Episode VI - Return of the Jedi (1983),Action|Adventure|Sci-Fi
68,1213,3.5,1240093011,Goodfellas (1990),Crime|Drama
68,1214,2.0,1158531713,Alien (1979),Horror|Sci-Fi
68,1221,3.0,1158531015,"Godfather: Part II, The (1974)",Crime|Drama
68,1240,4.0,1158531602,"Terminator, The (1984)",Action|Sci-Fi|Thriller
68,1265,2.5,1158531759,Groundhog Day (1993),Comedy|Fantasy|Romance
68,1270,3.0,1271544201,Back to the Future (1985),Adventure|Comedy|Sci-Fi
68,1291,5.0,1158531732,Indiana Jones and the Last Crusade (1989),Action|Adventure
68,1580,4.0,1158531346,Men in Black (a.k.a. MIB) (1997),Action|Comedy|Sci-Fi
68,1682,4.5,1158531979,"Truman Show, The (1998)",Comedy|Drama|Sci-Fi
68,1704,4.5,1158531769,Good Will Hunting (1997),Drama|Romance
68,1721,3.0,1158531226,Titanic (1997),Drama|Romance
68,2028,4.0,1158531283,Saving Private Ryan (1998),Action|Drama|War
68,2329,2.5,1158532441,American History X (1998),Crime|Drama
68,2571,4.5,1158531187,"Matrix, The (1999)",Action|Sci-Fi|Thriller
68,2628,3.0,1158531291,Star Wars: Episode I - The Phantom Menace (1999),Action|Adventure|Sci-Fi
68,2762,2.5,1158531219,"Sixth Sense, The (1999)",Drama|Horror|Mystery
68,2858,5.0,1158531519,American Beauty (1999),Drama|Romance
68,2959,2.5,1158531333,Fight Club (1999),Action|Crime|Drama|Thriller
68,3578,4.0,1158531236,Gladiator (2000),Action|Adventure|Drama
68,3793,4.5,1158531375,X-Men (2000),Action|Adventure|Sci-Fi
68,4226,4.0,1158531458,Memento (2000),Mystery|Thriller
68,4306,5.0,1158531222,Shrek (2001),Adventure|Animation|Children|Comedy|Fantasy|Romance
68,4886,4.5,1158531462,"Monsters, Inc. (2001)",Adventure|Animation|Children|Comedy|Fantasy
68,4993,4.5,1158531063,"Lord of the Rings: The Fellowship of the Ring, The (2001)",Adventure|Fantasy
68,5952,4.0,1158531245,"Lord of the Rings: The Two Towers, The (2002)",Adventure|Fantasy
68,6377,4.5,1271544881,Finding Nemo (2003),Adventure|Animation|Children|Comedy
68,6539,5.0,1158531197,Pirates of the Caribbean: The Curse of the Black Pearl (2003),Action|Adventure|Comedy|Fantasy
68,6874,3.0,1158531535,Kill Bill: Vol. 1 (2003),Action|Crime|Thriller
68,7153,4.5,1158531337,"Lord of the Rings: The Return of the King, The (2003)",Action|Adventure|Drama|Fantasy
68,7361,4.5,1158531395,Eternal Sunshine of the Spotless Mind (2004),Drama|Romance|Sci-Fi
68,8961,3.5,1158531177,"Incredibles, The (2004)",Action|Adventure|Animation|Children|Comedy
68,58559,5.0,1218679006,"Dark Knight, The (2008)",Action|Crime|Drama|IMAX
68,79132,5.0,1305861331,Inception (2010),Action|Crime|Drama|Mystery|Sci-Fi|Thriller|IMAX
89,1,3.0,1520408314,Toy Story (1995),Adventure|Animation|Children|Comedy|Fantasy
89,356,0.5,1520408275,Forrest Gump (1994),Comedy|Drama|Romance|War
89,588,1.0,1520408342,Aladdin (1992),Adventure|Animation|Children|Comedy|Musical
89,1136,2.5,1520408267,Monty Python and the Holy Grail (1975),Adventure|Comedy|Fantasy
89,1197,2.0,1520408268,"Princess Bride, The (1987)",Action|Adventure|Comedy|Fantasy|Romance
89,1265,1.0,1520408349,Groundhog Day (1993),Comedy|Fantasy|Romance
89,1270,1.0,1520408312,Back to the Future (1985),Adventure|Comedy|Sci-Fi
89,1580,1.5,1520408311,Men in Black (a.k.a. MIB) (1997),Action|Comedy|Sci-Fi
89,1682,0.5,1520408338,"Truman Show, The (1998)",Comedy|Drama|Sci-Fi
89,4306,3.0,1520408313,Shrek (2001),Adventure|Animation|Children|Comedy|Fantasy|Romance
89,4886,4.5,1520408523,"Monsters, Inc. (2001)",Adventure|Animation|Children|Comedy|Fantasy
91,1,4.0,1112713037,Toy Story (1995),Adventure|Animation|Children|Comedy|Fantasy
91,10,3.5,1112713269,GoldenEye (1995),Action|Adventure|Thriller
91,32,4.0,1112711273,Twelve Monkeys (a.k.a. 12 Monkeys) (1995),Mystery|Sci-Fi|Thriller
91,47,4.5,1112712832,Seven (a.k.a. Se7en) (1995),Mystery|Thriller
91,50,4.5,1112712816,"Usual Suspects, The (1995)",Crime|Mystery|Thriller
91,110,4.0,1112712339,Braveheart (1995),Action|Drama|War
91,150,3.5,1112712023,Apollo 13 (1995),Adventure|Drama|IMAX
91,153,2.0,1112711306,Batman Forever (1995),Action|Adventure|Comedy|Crime
91,165,3.0,1112713245,Die Hard: With a Vengeance (1995),Action|Crime|Thriller
91,231,3.0,1112713266,Dumb & Dumber (Dumb and Dumber) (1994),Adventure|Comedy
91,260,4.5,1112712846,Star Wars: Episode IV - A New Hope (1977),Action|Adventure|Sci-Fi
91,293,4.0,1112711284,Léon: The Professional (a.k.a. The Professional) (Léon) (1994),Action|Crime|Drama|Thriller
91,296,4.5,1112711264,Pulp Fiction (1994),Comedy|Crime|Drama|Thriller
91,316,4.0,1112713249,Stargate (1994),Action|Adventure|Sci-Fi
91,318,2.0,1112712135,"Shawshank Redemption, The (1994)",Crime|Drama
91,344,3.0,1112713227,Ace Ventura: Pet Detective (1994),Comedy
91,356,3.0,1112711237,Forrest Gump (1994),Comedy|Drama|Romance|War
91,364,3.5,1112711195,"Lion King, The (1994)",Adventure|Animation|Children|Drama|Musical|IMAX
91,367,3.5,1112713273,"Mask, The (1994)",Action|Comedy|Crime|Fantasy
91,377,3.0,1112713224,Speed (1994),Action|Romance|Thriller
91,380,3.5,1112713208,True Lies (1994),Action|Adventure|Comedy|Romance|Thriller
91,457,4.0,1112713197,"Fugitive, The (1993)",Thriller
91,480,4.5,1112713195,Jurassic Park (1993),Action|Adventure|Sci-Fi|Thriller
91,500,2.5,1112711245,Mrs. Doubtfire (1993),Comedy|Drama
91,541,5.0,1112711219,Blade Runner (1982),Action|Sci-Fi|Thriller
91,588,3.5,1112711205,Aladdin (1992),Adventure|Animation|Children|Comedy|Musical
91,589,4.0,1112711446,Terminator 2: Judgment Day (1991),Action|Sci-Fi
91,590,3.5,1112713201,Dances with Wolves (1990),Adventure|Drama|Western
91,592,5.0,1112713199,Batman (1989),Action|Crime|Thriller
91,593,4.5,1112712144,"Silence of the Lambs, The (1991)",Crime|Horror|Thriller
91,595,3.0,1112711215,Beauty and the Beast (1991),Animation|Children|Fantasy|Musical|Romance|IMAX
91,597,2.5,1112711248,Pretty Woman (1990),Comedy|Romance
91,608,3.5,1112713222,Fargo (1996),Comedy|Crime|Drama|Thriller
91,648,4.0,1112713238,Mission: Impossible (1996),Action|Adventure|Mystery|Thriller
91,780,3.5,1112713211,Independence Day (a.k.a. ID4) (1996),Action|Adventure|Sci-Fi|Thriller
91,858,5.0,1112711140,"Godfather, The (1972)",Crime|Drama
91,1036,4.0,1112713347,Die Hard (1988),Action|Crime|Thriller
91,1089,4.0,1112711148,Reservoir Dogs (1992),Crime|Mystery|Thriller
91,1136,5.0,1112711175,Monty Python and the Holy Grail (1975),Adventure|Comedy|Fantasy
91,1193,4.0,1112711128,One Flew Over the Cuckoo's Nest (1975),Drama
91,1196,4.5,1112711436,Star Wars: Episode V - The Empire Strikes Back (1980),Action|Adventure|Sci-Fi
91,1197,5.0,1112712901,"Princess Bride, The (1987)",Action|Adventure|Comedy|Fantasy|Romance
91,1198,5.0,1112712826,Raiders of the Lost Ark (Indiana Jones and the Raiders of the Lost Ark) (1981),Action|Adventure
91,1200,5.0,1112711448,Aliens (1986),Action|Adventure|Horror|Sci-Fi
91,1210,4.0,1112711157,Star Wars: Episode VI - Return of the Jedi (1983),Action|Adventure|Sci-Fi
91,1213,4.0,1112712318,Goodfellas (1990),Crime|Drama
91,1214,5.0,1112713343,Alien (1979),Horror|Sci-Fi
91,1221,4.0,1112712986,"Godfather: Part II, The (1974)",Crime|Drama
91,1240,4.5,1112711461,"Terminator, The (1984)",Action|Sci-Fi|Thriller
91,1265,4.0,1112713330,Groundhog Day (1993),Comedy|Fantasy|Romance
91,1270,3.5,1112713112,Back to the Future (1985),Adventure|Comedy|Sci-Fi
91,1291,4.0,1112712858,Indiana Jones and the Last Crusade (1989),Action|Adventure
91,1580,3.5,1112711168,Men in Black (a.k.a. MIB) (1997),Action|Comedy|Sci-Fi
91,1682,4.0,1112713540,"Truman Show, The (1998)",Comedy|Drama|Sci-Fi
91,1704,3.0,1112713388,Good Will Hunting (1997),Drama|Romance
91,2028,4.5,1112713067,Saving Private Ryan (1998),Action|Drama|War
91,2571,5.0,1112712839,"Matrix, The (1999)",Action|Sci-Fi|Thriller
91,2628,4.0,1112713335,Star Wars: Episode I - The Phantom Menace (1999),Action|Adventure|Sci-Fi
91,2762,4.0,1112712914,"Sixth Sense, The (1999)",Drama|Horror|Mystery
91,2959,4.5,1112711473,Fight Club (1999),Action|Crime|Drama|Thriller
91,3578,3.5,1112713384,Gladiator (2000),Action|Adventure|Drama
91,3793,4.0,1112713489,X-Men (2000),Action|Adventure|Sci-Fi
91,4226,4.5,1112712170,Memento (2000),Mystery|Thriller
91,4306,5.0,1112713468,Shrek (2001),Adventure|Animation|Children|Comedy|Fantasy|Romance
91,4886,4.0,1112712128,"Monsters, Inc. (2001)",Adventure|Animation|Children|Comedy|Fantasy
91,4993,4.5,1112711439,"Lord of the Rings: The Fellowship of the Ring, The (2001)",Adventure|Fantasy
91,5952,4.0,1112713695,"Lord of the Rings: The Two Towers, The (2002)",Adventure|Fantasy
91,6539,5.0,1112712353,Pirates of the Caribbean: The Curse of the Black Pearl (2003),Action|Adventure|Comedy|Fantasy
91,6874,4.0,1112711490,Kill Bill: Vol. 1 (2003),Action|Crime|Thriller
91,7153,4.5,1112711441,"Lord of the Rings: The Return of the King, The (2003)",Action|Adventure|Drama|Fantasy
91,8961,4.5,1112712003,"Incredibles, The (2004)",Action|Adventure|Animation|Children|Comedy
103,1,4.0,1431954238,Toy Story (1995),Adventure|Animation|Children|Comedy|Fantasy
103,34,4.0,1431957104,Babe (1995),Children|Drama
103,50,4.0,1431955220,"Usual Suspects, The (1995)",Crime|Mystery|Thriller
103,110,4.5,1431957016,Braveheart (1995),Action|Drama|War
103,150,4.0,1431957022,Apollo 13 (1995),Adventure|Drama|IMAX
103,260,4.0,1431954922,Star Wars: Episode IV - A New Hope (1977),Action|Adventure|Sci-Fi
103,296,5.0,1431954439,Pulp Fiction (1994),Comedy|Crime|Drama|Thriller
103,318,5.0,1431954380,"Shawshank Redemption, The (1994)",Crime|Drama
103,344,3.5,1431957046,Ace Ventura: Pet Detective (1994),Comedy
103,356,4.0,1431954248,Forrest Gump (1994),Comedy|Drama|Romance|War
103,364,3.0,1431957059,"Lion King, The (1994)",Adventure|Animation|Children|Drama|Musical|IMAX
103,367,3.5,1522172093,"Mask, The (1994)",Action|Comedy|Crime|Fantasy
103,480,4.0,1431954240,Jurassic Park (1993),Action|Adventure|Sci-Fi|Thriller
103,527,3.5,1431954472,Schindler's List (1993),Drama|War
103,590,4.0,1431957038,Dances with Wolves (1990),Adventure|Drama|Western
103,593,5.0,1431954229,"Silence of the Lambs, The (1991)",Crime|Horror|Thriller
103,595,3.0,1431957062,Beauty and the Beast (1991),Animation|Children|Fantasy|Musical|Romance|IMAX
103,608,4.0,1431957042,Fargo (1996),Comedy|Crime|Drama|Thriller
103,858,4.5,1431954477,"Godfather, The (1972)",Crime|Drama
103,1089,4.5,1432086525,Reservoir Dogs (1992),Crime|Mystery|Thriller
103,1193,4.5,1431954401,One Flew Over the Cuckoo's Nest (1975),Drama
103,1196,4.5,1431955078,Star Wars: Episode V - The Empire Strikes Back (1980),Action|Adventure|Sci-Fi
103,1197,3.5,1431954492,"Princess Bride, The (1987)",Action|Adventure|Comedy|Fantasy|Romance
103,1198,3.5,1431957032,Raiders of the Lost Ark (Indiana Jones and the Raiders of the Lost Ark) (1981),Action|Adventure
103,1210,3.5,1431957028,Star Wars: Episode VI - Return of the Jedi (1983),Action|Adventure|Sci-Fi
103,1213,5.0,1431954394,Goodfellas (1990),Crime|Drama
103,1221,4.5,1431954396,"Godfather: Part II, The (1974)",Crime|Drama
103,1291,4.0,1431957092,Indiana Jones and the Last Crusade (1989),Action|Adventure
103,1682,4.5,1431957209,"Truman Show, The (1998)",Comedy|Drama|Sci-Fi
103,1704,4.5,1431957130,Good Will Hunting (1997),Drama|Romance
103,2028,4.0,1431957058,Saving Private Ryan (1998),Action|Drama|War
103,2329,5.0,1440773468,American History X (1998),Crime|Drama
103,2571,4.0,1431954260,"Matrix, The (1999)",Action|Sci-Fi|Thriller
103,2628,3.5,1431957094,Star Wars: Episode I - The Phantom Menace (1999),Action|Adventure|Sci-Fi
103,2959,5.0,1431954432,Fight Club (1999),Action|Crime|Drama|Thriller
103,4226,5.0,1431954594,Memento (2000),Mystery|Thriller
103,4306,3.5,1431957080,Shrek (2001),Adventure|Animation|Children|Comedy|Fantasy|Romance
103,4886,3.5,1431957215,"Monsters, Inc. (2001)",Adventure|Animation|Children|Comedy|Fantasy
103,4993,4.0,1431955231,"Lord of the Rings: The Fellowship of the Ring, The (2001)",Adventure|Fantasy
103,5952,3.5,1431970503,"Lord of the Rings: The Two Towers, The (2002)",Adventure|Fantasy
103,6377,3.5,1431957229,Finding Nemo (2003),Adventure|Animation|Children|Comedy
103,6539,4.5,1431957197,Pirates of the Caribbean: The Curse of the Black Pearl (2003),Action|Adventure|Comedy|Fantasy
103,6874,4.5,1431957262,Kill Bill: Vol. 1 (2003),Action|Crime|Thriller
103,7153,4.0,1431955214,"Lord of the Rings: The Return of the King, The (2003)",Action|Adventure|Drama|Fantasy
103,7361,4.5,1431957254,Eternal Sunshine of the Spotless Mind (2004),Drama|Romance|Sci-Fi
103,8961,3.5,1431957306,"Incredibles, The (2004)",Action|Adventure|Animation|Children|Comedy
103,58559,5.0,1431954562,"Dark Knight, The (2008)",Action|Crime|Drama|IMAX
103,79132,4.5,1431957494,Inception (2010),Action|Crime|Drama|Mystery|Sci-Fi|Thriller|IMAX
105,32,3.5,1446571805,Twelve Monkeys (a.k.a. 12 Monkeys) (1995),Mystery|Sci-Fi|Thriller
105,47,5.0,1446571714,Seven (a.k.a. Se7en) (1995),Mystery|Thriller
105,50,5.0,1446571713,"Usual Suspects, The (1995)",Crime|Mystery|Thriller
105,110,3.5,1446571835,Braveheart (1995),Action|Drama|War
105,260,4.0,1446572093,Star Wars: Episode IV - A New Hope (1977),Action|Adventure|Sci-Fi
105,293,5.0,1446571797,Léon: The Professional (a.k.a. The Professional) (Léon) (1994),Action|Crime|Drama|Thriller
105,296,5.0,1446571768,Pulp Fiction (1994),Comedy|Crime|Drama|Thriller
105,318,5.0,1446571534,"Shawshank Redemption, The (1994)",Crime|Drama
105,356,3.5,1446572081,Forrest Gump (1994),Comedy|Drama|Romance|War
105,527,3.5,1446571560,Schindler's List (1993),Drama|War
105,541,4.0,1446571848,Blade Runner (1982),Action|Sci-Fi|Thriller
105,589,4.0,1446571832,Terminator 2: Judgment Day (1991),Action|Sci-Fi
105,593,4.5,1446571795,"Silence of the Lambs, The (1991)",Crime|Horror|Thriller
105,608,4.0,1446571800,Fargo (1996),Comedy|Crime|Drama|Thriller
105,858,5.0,1447574026,"Godfather, The (1972)",Crime|Drama
105,1089,5.0,1447586269,Reservoir Dogs (1992),Crime|Mystery|Thriller
105,1193,4.5,1447574045,One Flew Over the Cuckoo's Nest (1975),Drama
105,1198,4.0,1448196223,Raiders of the Lost Ark (Indiana Jones and the Raiders of the Lost Ark) (1981),Action|Adventure
105,1213,5.0,1447574024,Goodfellas (1990),Crime|Drama
105,1214,4.0,1448195676,Alien (1979),Horror|Sci-Fi
105,1221,4.5,1447574027,"Godfather: Part II, The (1974)",Crime|Drama
105,1265,4.0,1447579905,Groundhog Day (1993),Comedy|Fantasy|Romance
105,1704,4.0,1448196395,Good Will Hunting (1997),Drama|Romance
105,2028,5.0,1448213999,Saving Private Ryan (1998),Action|Drama|War
105,2329,4.0,1446571577,American History X (1998),Crime|Drama
105,2571,4.0,1446571567,"Matrix, The (1999)",Action|Sci-Fi|Thriller
105,2762,4.5,1448196106,"Sixth Sense, The (1999)",Drama|Horror|Mystery
105,2858,5.0,1446749499,American Beauty (1999),Drama|Romance
105,2959,5.0,1446571567,Fight Club (1999),Action|Crime|Drama|Thriller
105,3578,4.0,1446573294,Gladiator (2000),Action|Adventure|Drama
105,3793,3.5,1446573299,X-Men (2000),Action|Adventure|Sci-Fi
105,4226,3.5,1446573297,Memento (2000),Mystery|Thriller
105,4306,4.0,1446573295,Shrek (2001),Adventure|Animation|Children|Comedy|Fantasy|Romance
105,4886,3.5,1446573310,"Monsters, Inc. (2001)",Adventure|Animation|Children|Comedy|Fantasy
105,4993,4.0,1446573293,"Lord of the Rings: The Fellowship of the Ring, The (2001)",Adventure|Fantasy
105,5952,4.0,1446571726,"Lord of the Rings: The Two Towers, The (2002)",Adventure|Fantasy
105,6377,3.5,1446573311,Finding Nemo (2003),Adventure|Animation|Children|Comedy
105,6539,4.0,1446573300,Pirates of the Caribbean: The Curse of the Black Pearl (2003),Action|Adventure|Comedy|Fantasy
105,6874,4.0,1446571806,Kill Bill: Vol. 1 (2003),Action|Crime|Thriller
105,7153,4.5,1446571717,"Lord of the Rings: The Return of the King, The (2003)",Action|Adventure|Drama|Fantasy
105,7361,5.0,1446571724,Eternal Sunshine of the Spotless Mind (2004),Drama|Romance|Sci-Fi
105,8961,3.5,1446573326,"Incredibles, The (2004)",Action|Adventure|Animation|Children|Comedy
105,58559,3.5,1446571697,"Dark Knight, The (2008)",Action|Crime|Drama|IMAX
105,79132,5.0,1446571569,Inception (2010),Action|Crime|Drama|Mystery|Sci-Fi|Thriller|IMAX
111,34,2.5,1516153818,Babe (1995),Children|Drama
111,318,4.5,1518640631,"Shawshank Redemption, The (1994)",Crime|Drama
111,356,5.0,1516140793,Forrest Gump (1994),Comedy|Drama|Romance|War
111,364,3.5,1518661552,"Lion King, The (1994)",Adventure|Animation|Children|Drama|Musical|IMAX
111,480,2.5,1516140723,Jurassic Park (1993),Action|Adventure|Sci-Fi|Thriller
111,500,4.0,1516156095,Mrs. Doubtfire (1993),Comedy|Drama
111,588,4.5,1516156189,Aladdin (1992),Adventure|Animation|Children|Comedy|Musical
111,593,0.5,1516140707,"Silence of the Lambs, The (1991)",Crime|Horror|Thriller
111,595,3.0,1518661479,Beauty and the Beast (1991),Animation|Children|Fantasy|Musical|Romance|IMAX
111,597,4.0,1516154072,Pretty Woman (1990),Comedy|Romance
111,1036,2.0,1516140654,Die Hard (1988),Action|Crime|Thriller
111,1197,3.5,1516155000,"Princess Bride, The (1987)",Action|Adventure|Comedy|Fantasy|Romance
111,1580,3.0,1516140709,Men in Black (a.k.a. MIB) (1997),Action|Comedy|Sci-Fi
111,1682,4.0,1516156052,"Truman Show, The (1998)",Comedy|Drama|Sci-Fi
111,1704,4.0,1518661708,Good Will Hunting (1997),Drama|Romance
111,1721,4.0,1518902680,Titanic (1997),Drama|Romance
111,2329,3.5,1516140740,American History X (1998),Crime|Drama
111,2571,0.5,1516140656,"Matrix, The (1999)",Action|Sci-Fi|Thriller
111,2858,4.0,1518902665,American Beauty (1999),Drama|Romance
111,2959,5.0,1516140759,Fight Club (1999),Action|Crime|Drama|Thriller
111,4226,3.5,1516153842,Memento (2000),Mystery|Thriller
111,4306,3.0,1516140840,Shrek (2001),Adventure|Animation|Children|Comedy|Fantasy|Romance
111,4886,3.0,1516140848,"Monsters, Inc. (2001)",Adventure|Animation|Children|Comedy|Fantasy
111,6377,4.0,1516140849,Finding Nemo (2003),Adventure|Animation|Children|Comedy
111,6539,3.0,1516140846,Pirates of the Caribbean: The Curse of the Black Pearl (2003),Action|Adventure|Comedy|Fantasy
111,6874,3.5,1516140851,Kill Bill: Vol. 1 (2003),Action|Crime|Thriller
111,7361,3.5,1516140853,Eternal Sunshine of the Spotless Mind (2004),Drama|Romance|Sci-Fi
111,8961,1.0,1516140859,"Incredibles, The (2004)",Action|Adventure|Animation|Children|Comedy
111,58559,4.0,1516140842,"Dark Knight, The (2008)",Action|Crime|Drama|IMAX
111,79132,4.5,1516140844,Inception (2010),Action|Crime|Drama|Mystery|Sci-Fi|Thriller|IMAX
125,110,4.5,1474311613,Braveheart (1995),Action|Drama|War
125,296,4.5,1474141538,Pulp Fiction (1994),Comedy|Crime|Drama|Thriller
125,318,4.0,1474141490,"Shawshank Redemption, The (1994)",Crime|Drama
125,356,5.0,1474142139,Forrest Gump (1994),Comedy|Drama|Romance|War
125,589,4.0,1474289503,Terminator 2: Judgment Day (1991),Action|Sci-Fi
125,593,4.0,1474296735,"Silence of the Lambs, The (1991)",Crime|Horror|Thriller
125,608,3.0,1474311629,Fargo (1996),Comedy|Crime|Drama|Thriller
125,858,4.5,1474141453,"Godfather, The (1972)",Crime|Drama
125,1193,5.0,1474141468,One Flew Over the Cuckoo's Nest (1975),Drama
125,1210,4.0,1474289493,Star Wars: Episode VI - Return of the Jedi (1983),Action|Adventure|Sci-Fi
125,1221,4.5,1474289973,"Godfather: Part II, The (1974)",Crime|Drama
125,1240,4.0,1474289509,"Terminator, The (1984)",Action|Sci-Fi|Thriller
125,1265,4.5,1474413801,Groundhog Day (1993),Comedy|Fantasy|Romance
125,1270,5.0,1474282985,Back to the Future (1985),Adventure|Comedy|Sci-Fi
125,1580,4.0,1474569886,Men in Black (a.k.a. MIB) (1997),Action|Comedy|Sci-Fi
125,2571,5.0,1474141548,"Matrix, The (1999)",Action|Sci-Fi|Thriller
125,2858,5.0,1474294616,American Beauty (1999),Drama|Romance
125,2959,5.0,1474141464,Fight Club (1999),Action|Crime|Drama|Thriller
125,4226,4.0,1474413424,Memento (2000),Mystery|Thriller
125,6539,4.0,1474481294,Pirates of the Caribbean: The Curse of the Black Pearl (2003),Action|Adventure|Comedy|Fantasy
125,6874,4.5,1474311683,Kill Bill: Vol. 1 (2003),Action|Crime|Thriller
125,7361,4.5,1474311680,Eternal Sunshine of the Spotless Mind (2004),Drama|Romance|Sci-Fi
125,58559,4.0,1474296807,"Dark Knight, The (2008)",Action|Crime|Drama|IMAX
125,79132,4.0,1474297303,Inception (2010),Action|Crime|Drama|Mystery|Sci-Fi|Thriller|IMAX
132,1,2.0,1157921785,Toy Story (1995),Adventure|Animation|Children|Comedy|Fantasy
132,32,3.0,1329983726,Twelve Monkeys (a.k.a. 12 Monkeys) (1995),Mystery|Sci-Fi|Thriller
132,34,1.5,1157921395,Babe (1995),Children|Drama
132,47,4.0,1157921243,Seven (a.k.a. Se7en) (1995),Mystery|Thriller
132,50,4.0,1157920377,"Usual Suspects, The (1995)",Crime|Mystery|Thriller
132,260,2.0,1157920586,Star Wars: Episode IV - A New Hope (1977),Action|Adventure|Sci-Fi
132,293,4.0,1157922745,Léon: The Professional (a.k.a. The Professional) (Léon) (1994),Action|Crime|Drama|Thriller
132,296,4.0,1329983943,Pulp Fiction (1994),Comedy|Crime|Drama|Thriller
132,318,4.5,1329983827,"Shawshank Redemption, The (1994)",Crime|Drama
132,344,1.5,1157922631,Ace Ventura: Pet Detective (1994),Comedy
132,356,4.0,1157920481,Forrest Gump (1994),Comedy|Drama|Romance|War
132,364,4.5,1157921351,"Lion King, The (1994)",Adventure|Animation|Children|Drama|Musical|IMAX
132,500,2.5,1157922641,Mrs. Doubtfire (1993),Comedy|Drama
132,588,3.5,1157921180,Aladdin (1992),Adventure|Animation|Children|Comedy|Musical
132,592,2.0,1157920531,Batman (1989),Action|Crime|Thriller
132,593,3.5,1329983852,"Silence of the Lambs, The (1991)",Crime|Horror|Thriller
132,595,4.5,1329983927,Beauty and the Beast (1991),Animation|Children|Fantasy|Musical|Romance|IMAX
132,858,3.0,1157920986,"Godfather, The (1972)",Crime|Drama
132,1089,3.0,1157920267,Reservoir Dogs (1992),Crime|Mystery|Thriller
132,1196,2.0,1157922624,Star Wars: Episode V - The Empire Strikes Back (1980),Action|Adventure|Sci-Fi
132,1210,2.0,1157921254,Star Wars: Episode VI - Return of the Jedi (1983),Action|Adventure|Sci-Fi
132,1221,3.0,1157920997,"Godfather: Part II, The (1974)",Crime|Drama
132,1270,3.5,1157921202,Back to the Future (1985),Adventure|Comedy|Sci-Fi
132,1682,3.5,1329983628,"Truman Show, The (1998)",Comedy|Drama|Sci-Fi
132,1704,3.0,1157921515,Good Will Hunting (1997),Drama|Romance
132,1721,3.0,1157921273,Titanic (1997),Drama|Romance
132,2329,4.0,1157920389,American History X (1998),Crime|Drama
132,2571,4.5,1157920630,"Matrix, The (1999)",Action|Sci-Fi|Thriller
132,2628,2.0,1157922681,Star Wars: Episode I - The Phantom Menace (1999),Action|Adventure|Sci-Fi
132,2858,4.5,1157922636,American Beauty (1999),Drama|Romance
132,2959,4.0,1329984076,Fight Club (1999),Action|Crime|Drama|Thriller
132,3793,3.5,1157921437,X-Men (2000),Action|Adventure|Sci-Fi
132,4226,4.0,1157920977,Memento (2000),Mystery|Thriller
132,4306,3.5,1157921397,Shrek (2001),Adventure|Animation|Children|Comedy|Fantasy|Romance
132,4886,3.0,1157922876,"Monsters, Inc. (2001)",Adventure|Animation|Children|Comedy|Fantasy
132,4993,4.5,1157920555,"Lord of the Rings: The Fellowship of the Ring, The (2001)",Adventure|Fantasy
132,5952,3.0,1157920621,"Lord of the Rings: The Two Towers, The (2002)",Adventure|Fantasy
132,6377,3.0,1157923069,Finding Nemo (2003),Adventure|Animation|Children|Comedy
132,6539,3.0,1157920895,Pirates of the Caribbean: The Curse of the Black Pearl (2003),Action|Adventure|Comedy|Fantasy
132,6874,4.5,1157922367,Kill Bill: Vol. 1 (2003),Action|Crime|Thriller
132,7153,4.0,1157919901,"Lord of the Rings: The Return of the King, The (2003)",Action|Adventure|Drama|Fantasy
132,7361,4.0,1157920648,Eternal Sunshine of the Spotless Mind (2004),Drama|Romance|Sci-Fi
132,8961,3.0,1157920903,"Incredibles, The (2004)",Action|Adventure|Animation|Children|Comedy
132,58559,3.5,1329983669,"Dark Knight, The (2008)",Action|Crime|Drama|IMAX
132,79132,3.0,1329983560,Inception (2010),Action|Crime|Drama|Mystery|Sci-Fi|Thriller|IMAX
140,1,3.0,942924980,Toy Story (1995),Adventure|Animation|Children|Comedy|Fantasy
140,34,4.0,942910010,Babe (1995),Children|Drama
140,47,4.0,942842215,Seven (a.k.a. Se7en) (1995),Mystery|Thriller
140,50,3.0,942840991,"Usual Suspects, The (1995)",Crime|Mystery|Thriller
140,110,4.0,942903980,Braveheart (1995),Action|Drama|War
140,150,5.0,942842394,Apollo 13 (1995),Adventure|Drama|IMAX
140,165,4.0,967049233,Die Hard: With a Vengeance (1995),Action|Crime|Thriller
140,260,4.0,942842304,Star Wars: Episode IV - A New Hope (1977),Action|Adventure|Sci-Fi
140,293,5.0,942843185,Léon: The Professional (a.k.a. The Professional) (Léon) (1994),Action|Crime|Drama|Thriller
140,296,4.0,942843185,Pulp Fiction (1994),Comedy|Crime|Drama|Thriller
140,318,4.0,942840891,"Shawshank Redemption, The (1994)",Crime|Drama
140,356,4.0,949666898,Forrest Gump (1994),Comedy|Drama|Romance|War
140,364,4.0,949666898,"Lion King, The (1994)",Adventure|Animation|Children|Drama|Musical|IMAX
140,377,4.0,967048935,Speed (1994),Action|Romance|Thriller
140,380,4.0,1085569631,True Lies (1994),Action|Adventure|Comedy|Romance|Thriller
140,457,4.0,942841471,"Fugitive, The (1993)",Thriller
140,480,4.0,949667008,Jurassic Park (1993),Action|Adventure|Sci-Fi|Thriller
140,500,4.0,1030559180,Mrs. Doubtfire (1993),Comedy|Drama
140,527,5.0,942840891,Schindler's List (1993),Drama|War
140,541,3.0,942841859,Blade Runner (1982),Action|Sci-Fi|Thriller
140,588,3.0,942841791,Aladdin (1992),Adventure|Animation|Children|Comedy|Musical
140,590,5.0,942842894,Dances with Wolves (1990),Adventure|Drama|Western
140,593,4.0,949666792,"Silence of the Lambs, The (1991)",Crime|Horror|Thriller
140,595,5.0,942840991,Beauty and the Beast (1991),Animation|Children|Fantasy|Musical|Romance|IMAX
140,597,5.0,949667232,Pretty Woman (1990),Comedy|Romance
140,608,5.0,942842394,Fargo (1996),Comedy|Crime|Drama|Thriller
140,648,4.0,949667466,Mission: Impossible (1996),Action|Adventure|Mystery|Thriller
140,780,4.0,1008776130,Independence Day (a.k.a. ID4) (1996),Action|Adventure|Sci-Fi|Thriller
140,858,5.0,942842394,"Godfather, The (1972)",Crime|Drama
140,1036,4.0,942841715,Die Hard (1988),Action|Crime|Thriller
140,1089,3.0,949666815,Reservoir Dogs (1992),Crime|Mystery|Thriller
140,1193,3.0,942842304,One Flew Over the Cuckoo's Nest (1975),Drama
140,1196,3.0,942842265,Star Wars: Episode V - The Empire Strikes Back (1980),Action|Adventure|Sci-Fi
140,1198,4.0,942841170,Raiders of the Lost Ark (Indiana Jones and the Raiders of the Lost Ark) (1981),Action|Adventure
140,1200,4.5,1080845650,Aliens (1986),Action|Adventure|Horror|Sci-Fi
140,1210,3.5,1117729537,Star Wars: Episode VI - Return of the Jedi (1983),Action|Adventure|Sci-Fi
140,1213,3.0,942843185,Goodfellas (1990),Crime|Drama
140,1214,4.0,1080845712,Alien (1979),Horror|Sci-Fi
140,1221,3.0,942840891,"Godfather: Part II, The (1974)",Crime|Drama
140,1240,3.0,942841243,"Terminator, The (1984)",Action|Sci-Fi|Thriller
140,1265,3.0,949666815,Groundhog Day (1993),Comedy|Fantasy|Romance
140,1270,3.0,942841859,Back to the Future (1985),Adventure|Comedy|Sci-Fi
140,1291,3.0,942841859,Indiana Jones and the Last Crusade (1989),Action|Adventure
140,1580,3.0,1024051464,Men in Black (a.k.a. MIB) (1997),Action|Comedy|Sci-Fi
140,1682,4.0,942841471,"Truman Show, The (1998)",Comedy|Drama|Sci-Fi
140,1704,4.0,1055092969,Good Will Hunting (1997),Drama|Romance
140,1721,4.0,942841219,Titanic (1997),Drama|Romance
140,2028,5.0,942841170,Saving Private Ryan (1998),Action|Drama|War
140,2571,4.0,967048185,"Matrix, The (1999)",Action|Sci-Fi|Thriller
140,2628,4.0,942844235,Star Wars: Episode I - The Phantom Menace (1999),Action|Adventure|Sci-Fi
140,2858,4.0,1055092164,American Beauty (1999),Drama|Romance
140,3578,4.0,973265043,Gladiator (2000),Action|Adventure|Drama
140,4226,3.0,1020883962,Memento (2000),Mystery|Thriller
140,4306,3.0,1010775654,Shrek (2001),Adventure|Animation|Children|Comedy|Fantasy|Romance
140,4886,4.0,1039547738,"Monsters, Inc. (2001)",Adventure|Animation|Children|Comedy|Fantasy
140,4993,3.0,1030558904,"Lord of the Rings: The Fellowship of the Ring, The (2001)",Adventure|Fantasy
140,5952,4.0,1079472379,"Lord of the Rings: The Two Towers, The (2002)",Adventure|Fantasy
140,6377,4.0,1079472354,Finding Nemo (2003),Adventure|Animation|Children|Comedy
140,6539,3.5,1079472360,Pirates of the Caribbean: The Curse of the Black Pearl (2003),Action|Adventure|Comedy|Fantasy
140,6874,2.0,1115290612,Kill Bill: Vol. 1 (2003),Action|Crime|Thriller
140,7153,5.0,1075154234,"Lord of the Rings: The Return of the King, The (2003)",Action|Adventure|Drama|Fantasy
140,8961,4.5,1115290248,"Incredibles, The (2004)",Action|Adventure|Animation|Children|Comedy
156,1,4.0,1106854640,Toy Story (1995),Adventure|Animation|Children|Comedy|Fantasy
156,34,4.0,939853183,Babe (1995),Children|Drama
156,47,3.5,1106854709,Seven (a.k.a. Se7en) (1995),Mystery|Thriller
156,50,4.0,940001349,"Usual Suspects, The (1995)",Crime|Mystery|Thriller
156,150,4.0,1106854622,Apollo 13 (1995),Adventure|Drama|IMAX
156,260,1.0,939842538,Star Wars: Episode IV - A New Hope (1977),Action|Adventure|Sci-Fi
156,296,5.0,939884874,Pulp Fiction (1994),Comedy|Crime|Drama|Thriller
156,318,4.5,1106854626,"Shawshank Redemption, The (1994)",Crime|Drama
156,344,3.0,1106854664,Ace Ventura: Pet Detective (1994),Comedy
156,356,3.0,1106854601,Forrest Gump (1994),Comedy|Drama|Romance|War
156,367,3.0,946799769,"Mask, The (1994)",Action|Comedy|Crime|Fantasy
156,457,3.5,1106854612,"Fugitive, The (1993)",Thriller
156,480,3.0,1106854606,Jurassic Park (1993),Action|Adventure|Sci-Fi|Thriller
156,500,2.0,946800455,Mrs. Doubtfire (1993),Comedy|Drama
156,541,4.0,1106854868,Blade Runner (1982),Action|Sci-Fi|Thriller
156,590,3.5,1106854617,Dances with Wolves (1990),Adventure|Drama|Western
156,593,4.0,1106854598,"Silence of the Lambs, The (1991)",Crime|Horror|Thriller
156,597,4.0,1106854735,Pretty Woman (1990),Comedy|Romance
156,608,5.0,946798345,Fargo (1996),Comedy|Crime|Drama|Thriller
156,648,3.5,1106854675,Mission: Impossible (1996),Action|Adventure|Mystery|Thriller
156,858,5.0,946798345,"Godfather, The (1972)",Crime|Drama
156,1089,4.0,1106854501,Reservoir Dogs (1992),Crime|Mystery|Thriller
156,1136,5.0,939854531,Monty Python and the Holy Grail (1975),Adventure|Comedy|Fantasy
156,1193,4.0,939884874,One Flew Over the Cuckoo's Nest (1975),Drama
156,1198,4.0,939842493,Raiders of the Lost Ark (Indiana Jones and the Raiders of the Lost Ark) (1981),Action|Adventure
156,1213,4.0,1106855028,Goodfellas (1990),Crime|Drama
156,1221,4.0,1106854933,"Godfather: Part II, The (1974)",Crime|Drama
156,1265,5.0,946799291,Groundhog Day (1993),Comedy|Fantasy|Romance
156,1270,3.5,1106854726,Back to the Future (1985),Adventure|Comedy|Sci-Fi
156,1291,3.5,1106854910,Indiana Jones and the Last Crusade (1989),Action|Adventure
156,1580,3.0,946799679,Men in Black (a.k.a. MIB) (1997),Action|Comedy|Sci-Fi
156,1682,3.5,1106855262,"Truman Show, The (1998)",Comedy|Drama|Sci-Fi
156,1704,4.0,1106854994,Good Will Hunting (1997),Drama|Romance
156,1721,3.0,939854571,Titanic (1997),Drama|Romance
156,2571,3.0,1106854776,"Matrix, The (1999)",Action|Sci-Fi|Thriller
156,2858,4.5,1106854732,American Beauty (1999),Drama|Romance
156,3578,3.5,1106854990,Gladiator (2000),Action|Adventure|Drama
156,4226,4.5,1106855486,Memento (2000),Mystery|Thriller
156,6377,4.0,1106882012,Finding Nemo (2003),Adventure|Animation|Children|Comedy
156,6539,4.0,1106881798,Pirates of the Caribbean: The Curse of the Black Pearl (2003),Action|Adventure|Comedy|Fantasy
160,1,4.0,971115026,Toy Story (1995),Adventure|Animation|Children|Comedy|Fantasy
160,10,1.0,971196422,GoldenEye (1995),Action|Adventure|Thriller
160,32,5.0,971113953,Twelve Monkeys (a.k.a. 12 Monkeys) (1995),Mystery|Sci-Fi|Thriller
160,34,5.0,971619022,Babe (1995),Children|Drama
160,47,5.0,971115962,Seven (a.k.a. Se7en) (1995),Mystery|Thriller
160,50,4.0,971113158,"Usual Suspects, The (1995)",Crime|Mystery|Thriller
160,110,4.0,971112675,Braveheart (1995),Action|Drama|War
160,150,5.0,971620081,Apollo 13 (1995),Adventure|Drama|IMAX
160,153,3.0,971115686,Batman Forever (1995),Action|Adventure|Comedy|Crime
160,165,3.0,971115317,Die Hard: With a Vengeance (1995),Action|Crime|Thriller
160,260,5.0,971113925,Star Wars: Episode IV - A New Hope (1977),Action|Adventure|Sci-Fi
160,293,1.0,971112795,Léon: The Professional (a.k.a. The Professional) (Léon) (1994),Action|Crime|Drama|Thriller
160,296,5.0,971113194,Pulp Fiction (1994),Comedy|Crime|Drama|Thriller
160,316,2.0,971114356,Stargate (1994),Action|Adventure|Sci-Fi
160,356,3.0,971115856,Forrest Gump (1994),Comedy|Drama|Romance|War
160,364,5.0,971619114,"Lion King, The (1994)",Adventure|Animation|Children|Drama|Musical|IMAX
160,367,5.0,971437089,"Mask, The (1994)",Action|Comedy|Crime|Fantasy
160,377,3.0,971115187,Speed (1994),Action|Romance|Thriller
160,457,2.0,971115082,"Fugitive, The (1993)",Thriller
160,480,2.0,971114075,Jurassic Park (1993),Action|Adventure|Sci-Fi|Thriller
160,527,5.0,971113259,Schindler's List (1993),Drama|War
160,541,5.0,971113438,Blade Runner (1982),Action|Sci-Fi|Thriller
160,589,5.0,1065992580,Terminator 2: Judgment Day (1991),Action|Sci-Fi
160,592,4.0,971113741,Batman (1989),Action|Crime|Thriller
160,593,2.0,971113259,"Silence of the Lambs, The (1991)",Crime|Horror|Thriller
160,595,3.0,971619114,Beauty and the Beast (1991),Animation|Children|Fantasy|Musical|Romance|IMAX
160,608,5.0,971112675,Fargo (1996),Comedy|Crime|Drama|Thriller
160,648,1.0,971115383,Mission: Impossible (1996),Action|Adventure|Mystery|Thriller
160,780,1.0,971114316,Independence Day (a.k.a. ID4) (1996),Action|Adventure|Sci-Fi|Thriller
160,858,5.0,1058456802,"Godfather, The (1972)",Crime|Drama
160,1036,2.0,971113527,Die Hard (1988),Action|Crime|Thriller
160,1196,4.0,971113406,Star Wars: Episode V - The Empire Strikes Back (1980),Action|Adventure|Sci-Fi
160,1198,3.0,971113406,Raiders of the Lost Ark (Indiana Jones and the Raiders of the Lost Ark) (1981),Action|Adventure
160,1200,1.0,971113438,Aliens (1986),Action|Adventure|Horror|Sci-Fi
160,1210,5.0,971113953,Star Wars: Episode VI - Return of the Jedi (1983),Action|Adventure|Sci-Fi
160,1213,4.0,971113158,Goodfellas (1990),Crime|Drama
160,1214,2.0,971113925,Alien (1979),Horror|Sci-Fi
160,1221,5.0,1058456805,"Godfather: Part II, The (1974)",Crime|Drama
160,1240,4.0,971113579,"Terminator, The (1984)",Action|Sci-Fi|Thriller
160,1265,2.0,971115026,Groundhog Day (1993),Comedy|Fantasy|Romance
160,1270,5.0,977143765,Back to the Future (1985),Adventure|Comedy|Sci-Fi
160,1291,3.0,971113554,Indiana Jones and the Last Crusade (1989),Action|Adventure
160,1580,2.0,971114112,Men in Black (a.k.a. MIB) (1997),Action|Comedy|Sci-Fi
160,2028,5.0,971112587,Saving Private Ryan (1998),Action|Drama|War
160,2329,3.0,976798849,American History X (1998),Crime|Drama
160,2571,4.0,971113953,"Matrix, The (1999)",Action|Sci-Fi|Thriller
160,2628,2.0,971114208,Star Wars: Episode I - The Phantom Menace (1999),Action|Adventure|Sci-Fi
160,2762,5.0,971113327,"Sixth Sense, The (1999)",Drama|Horror|Mystery
160,2858,5.0,971113158,American Beauty (1999),Drama|Romance
160,2959,4.5,1065992795,Fight Club (1999),Action|Crime|Drama|Thriller
160,3578,5.0,975850290,Gladiator (2000),Action|Adventure|Drama
160,3793,1.0,971114075,X-Men (2000),Action|Adventure|Sci-Fi
160,4306,4.0,1003333307,Shrek (2001),Adventure|Animation|Children|Comedy|Fantasy|Romance
160,4993,2.0,1058457619,"Lord of the Rings: The Fellowship of the Ring, The (2001)",Adventure|Fantasy
160,5952,1.5,1058457627,"Lord of the Rings: The Two Towers, The (2002)",Adventure|Fantasy
160,7153,5.0,1077748466,"Lord of the Rings: The Return of the King, The (2003)",Action|Adventure|Drama|Fantasy
177,1,5.0,1435533535,Toy Story (1995),Adventure|Animation|Children|Comedy|Fantasy
177,47,4.5,1435533571,Seven (a.k.a. Se7en) (1995),Mystery|Thriller
177,50,4.0,1435523529,"Usual Suspects, The (1995)",Crime|Mystery|Thriller
177,150,4.0,1435533543,Apollo 13 (1995),Adventure|Drama|IMAX
177,153,3.0,1435890489,Batman Forever (1995),Action|Adventure|Comedy|Crime
177,260,2.5,1435524019,Star Wars: Episode IV - A New Hope (1977),Action|Adventure|Sci-Fi
177,296,5.0,1435530409,Pulp Fiction (1994),Comedy|Crime|Drama|Thriller
177,318,5.0,1435523517,"Shawshank Redemption, The (1994)",Crime|Drama
177,344,4.0,1435533575,Ace Ventura: Pet Detective (1994),Comedy
177,356,5.0,1435523542,Forrest Gump (1994),Comedy|Drama|Romance|War
177,364,4.0,1435533586,"Lion King, The (1994)",Adventure|Animation|Children|Drama|Musical|IMAX
177,367,3.0,1435890503,"Mask, The (1994)",Action|Comedy|Crime|Fantasy
177,377,3.0,1435533573,Speed (1994),Action|Romance|Thriller
177,380,3.0,1435533559,True Lies (1994),Action|Adventure|Comedy|Romance|Thriller
177,480,3.5,1435533530,Jurassic Park (1993),Action|Adventure|Sci-Fi|Thriller
177,500,5.0,1435890500,Mrs. Doubtfire (1993),Comedy|Drama
177,527,4.5,1435523522,Schindler's List (1993),Drama|War
177,588,4.0,1435533563,Aladdin (1992),Adventure|Animation|Children|Comedy|Musical
177,592,3.0,1435533554,Batman (1989),Action|Crime|Thriller
177,593,5.0,1435533526,"Silence of the Lambs, The (1991)",Crime|Horror|Thriller
177,595,5.0,1435720619,Beauty and the Beast (1991),Animation|Children|Fantasy|Musical|Romance|IMAX
177,597,4.5,1435890508,Pretty Woman (1990),Comedy|Romance
177,608,4.0,1435533565,Fargo (1996),Comedy|Crime|Drama|Thriller
177,648,4.0,1435533580,Mission: Impossible (1996),Action|Adventure|Mystery|Thriller
177,780,3.5,1435533546,Independence Day (a.k.a. ID4) (1996),Action|Adventure|Sci-Fi|Thriller
177,858,5.0,1435533567,"Godfather, The (1972)",Crime|Drama
177,1036,4.0,1435533617,Die Hard (1988),Action|Crime|Thriller
177,1089,4.0,1435533711,Reservoir Dogs (1992),Crime|Mystery|Thriller
177,1136,4.5,1435890536,Monty Python and the Holy Grail (1975),Adventure|Comedy|Fantasy
177,1193,4.0,1435533599,One Flew Over the Cuckoo's Nest (1975),Drama
177,1196,3.0,1435523533,Star Wars: Episode V - The Empire Strikes Back (1980),Action|Adventure|Sci-Fi
177,1197,5.0,1435720615,"Princess Bride, The (1987)",Action|Adventure|Comedy|Fantasy|Romance
177,1198,3.5,1435523538,Raiders of the Lost Ark (Indiana Jones and the Raiders of the Lost Ark) (1981),Action|Adventure
177,1210,3.0,1435533540,Star Wars: Episode VI - Return of the Jedi (1983),Action|Adventure|Sci-Fi
177,1213,4.0,1435536859,Goodfellas (1990),Crime|Drama
177,1214,2.5,1435533611,Alien (1979),Horror|Sci-Fi
177,1221,4.0,1435533674,"Godfather: Part II, The (1974)",Crime|Drama
177,1265,4.0,1435533604,Groundhog Day (1993),Comedy|Fantasy|Romance
177,1270,5.0,1435533569,Back to the Future (1985),Adventure|Comedy|Sci-Fi
177,1291,3.0,1435533606,Indiana Jones and the Last Crusade (1989),Action|Adventure
177,1580,3.5,1435890494,Men in Black (a.k.a. MIB) (1997),Action|Comedy|Sci-Fi
177,1682,3.5,1435533734,"Truman Show, The (1998)",Comedy|Drama|Sci-Fi
177,1704,5.0,1435533692,Good Will Hunting (1997),Drama|Romance
177,1721,5.0,1435890496,Titanic (1997),Drama|Romance
177,2571,3.0,1435523707,"Matrix, The (1999)",Action|Sci-Fi|Thriller
177,2628,2.0,1435533608,Star Wars: Episode I - The Phantom Menace (1999),Action|Adventure|Sci-Fi
177,2858,4.0,1435523796,American Beauty (1999),Drama|Romance
177,2959,4.0,1435523771,Fight Club (1999),Action|Crime|Drama|Thriller
177,3793,4.5,1435524208,X-Men (2000),Action|Adventure|Sci-Fi
177,4306,4.0,1435524183,Shrek (2001),Adventure|Animation|Children|Comedy|Fantasy|Romance
177,4886,5.0,1435524210,"Monsters, Inc. (2001)",Adventure|Animation|Children|Comedy|Fantasy
177,4993,2.0,1435523692,"Lord of the Rings: The Fellowship of the Ring, The (2001)",Adventure|Fantasy
177,5952,2.0,1435523704,"Lord of the Rings: The Two Towers, The (2002)",Adventure|Fantasy
177,6377,4.0,1435523573,Finding Nemo (2003),Adventure|Animation|Children|Comedy
177,6539,5.0,1435523568,Pirates of the Caribbean: The Curse of the Black Pearl (2003),Action|Adventure|Comedy|Fantasy
177,6874,3.5,1435523582,Kill Bill: Vol. 1 (2003),Action|Crime|Thriller
177,7153,2.0,1435523564,"Lord of the Rings: The Return of the King, The (2003)",Action|Adventure|Drama|Fantasy
177,7361,4.0,1435523578,Eternal Sunshine of the Spotless Mind (2004),Drama|Romance|Sci-Fi
177,8961,4.0,1435523585,"Incredibles, The (2004)",Action|Adventure|Animation|Children|Comedy
177,58559,5.0,1435523703,"Dark Knight, The (2008)",Action|Crime|Drama|IMAX
177,79132,5.0,1435523764,Inception (2010),Action|Crime|Drama|Mystery|Sci-Fi|Thriller|IMAX
182,1,4.0,1063289621,Toy Story (1995),Adventure|Animation|Children|Comedy|Fantasy
182,10,3.5,1054782216,GoldenEye (1995),Action|Adventure|Thriller
182,32,4.0,1054779785,Twelve Monkeys (a.k.a. 12 Monkeys) (1995),Mystery|Sci-Fi|Thriller
182,47,4.0,1054781315,Seven (a.k.a. Se7en) (1995),Mystery|Thriller
182,50,4.5,1054781309,"Usual Suspects, The (1995)",Crime|Mystery|Thriller
182,110,3.5,1054780923,Braveheart (1995),Action|Drama|War
182,150,2.5,1055157599,Apollo 13 (1995),Adventure|Drama|IMAX
182,153,3.5,1055150878,Batman Forever (1995),Action|Adventure|Comedy|Crime
182,165,3.0,1120879588,Die Hard: With a Vengeance (1995),Action|Crime|Thriller
182,231,0.5,1055155770,Dumb & Dumber (Dumb and Dumber) (1994),Adventure|Comedy
182,260,3.5,1120879576,Star Wars: Episode IV - A New Hope (1977),Action|Adventure|Sci-Fi
182,293,4.5,1054780295,Léon: The Professional (a.k.a. The Professional) (Léon) (1994),Action|Crime|Drama|Thriller
182,296,5.0,1054781290,Pulp Fiction (1994),Comedy|Crime|Drama|Thriller
182,316,2.5,1120879601,Stargate (1994),Action|Adventure|Sci-Fi
182,318,4.5,1055157293,"Shawshank Redemption, The (1994)",Crime|Drama
182,356,5.0,1054782675,Forrest Gump (1994),Comedy|Drama|Romance|War
182,377,2.5,1054780896,Speed (1994),Action|Romance|Thriller
182,380,3.0,1055155099,True Lies (1994),Action|Adventure|Comedy|Romance|Thriller
182,457,3.5,1054783792,"Fugitive, The (1993)",Thriller
182,480,3.5,1120879567,Jurassic Park (1993),Action|Adventure|Sci-Fi|Thriller
182,527,4.0,1054781427,Schindler's List (1993),Drama|War
182,541,4.0,1054779827,Blade Runner (1982),Action|Sci-Fi|Thriller
182,589,2.0,1066331268,Terminator 2: Judgment Day (1991),Action|Sci-Fi
182,590,4.5,1054781599,Dances with Wolves (1990),Adventure|Drama|Western
182,592,3.5,1054781098,Batman (1989),Action|Crime|Thriller
182,593,4.5,1054783612,"Silence of the Lambs, The (1991)",Crime|Horror|Thriller
182,597,3.5,1120879611,Pretty Woman (1990),Comedy|Romance
182,608,5.0,1054780385,Fargo (1996),Comedy|Crime|Drama|Thriller
182,648,4.0,1054782276,Mission: Impossible (1996),Action|Adventure|Mystery|Thriller
182,780,1.5,1054780010,Independence Day (a.k.a. ID4) (1996),Action|Adventure|Sci-Fi|Thriller
182,858,4.5,1054781812,"Godfather, The (1972)",Crime|Drama
182,1036,4.0,1055158318,Die Hard (1988),Action|Crime|Thriller
182,1089,5.0,1054781289,Reservoir Dogs (1992),Crime|Mystery|Thriller
182,1136,4.0,1054784002,Monty Python and the Holy Grail (1975),Adventure|Comedy|Fantasy
182,1193,4.0,1054780366,One Flew Over the Cuckoo's Nest (1975),Drama
182,1196,3.0,1054779803,Star Wars: Episode V - The Empire Strikes Back (1980),Action|Adventure|Sci-Fi
182,1197,3.5,1054781212,"Princess Bride, The (1987)",Action|Adventure|Comedy|Fantasy|Romance
182,1198,3.5,1054781077,Raiders of the Lost Ark (Indiana Jones and the Raiders of the Lost Ark) (1981),Action|Adventure
182,1200,4.5,1064782813,Aliens (1986),Action|Adventure|Horror|Sci-Fi
182,1210,2.5,1054779829,Star Wars: Episode VI - Return of the Jedi (1983),Action|Adventure|Sci-Fi
182,1213,5.0,1055153970,Goodfellas (1990),Crime|Drama
182,1214,4.5,1066151134,Alien (1979),Horror|Sci-Fi
182,1221,4.5,1054781955,"Godfather: Part II, The (1974)",Crime|Drama
182,1240,2.0,1066331265,"Terminator, The (1984)",Action|Sci-Fi|Thriller
182,1265,4.5,1054783243,Groundhog Day (1993),Comedy|Fantasy|Romance
182,1270,3.0,1077804659,Back to the Future (1985),Adventure|Comedy|Sci-Fi
182,1291,3.5,1054783760,Indiana Jones and the Last Crusade (1989),Action|Adventure
182,1580,2.5,1054779951,Men in Black (a.k.a. MIB) (1997),Action|Comedy|Sci-Fi
182,1682,3.0,1054779656,"Truman Show, The (1998)",Comedy|Drama|Sci-Fi
182,1704,4.0,1055157251,Good Will Hunting (1997),Drama|Romance
182,2028,3.0,1054780925,Saving Private Ryan (1998),Action|Drama|War
182,2329,4.5,1055157265,American History X (1998),Crime|Drama
182,2571,5.0,1054779786,"Matrix, The (1999)",Action|Sci-Fi|Thriller
182,2628,1.5,1054780075,Star Wars: Episode I - The Phantom Menace (1999),Action|Adventure|Sci-Fi
182,2762,4.0,1126561639,"Sixth Sense, The (1999)",Drama|Horror|Mystery
182,2858,5.0,1054780327,American Beauty (1999),Drama|Romance
182,2959,5.0,1054780289,Fight Club (1999),Action|Crime|Drama|Thriller
182,3578,3.5,1054782084,Gladiator (2000),Action|Adventure|Drama
182,3793,2.5,1054779940,X-Men (2000),Action|Adventure|Sci-Fi
182,4226,4.5,1054780286,Memento (2000),Mystery|Thriller
182,4306,4.0,1054780155,Shrek (2001),Adventure|Animation|Children|Comedy|Fantasy|Romance
182,4886,4.5,1054781119,"Monsters, Inc. (2001)",Adventure|Animation|Children|Comedy|Fantasy
182,4993,3.0,1054780153,"Lord of the Rings: The Fellowship of the Ring, The (2001)",Adventure|Fantasy
182,5952,3.0,1054780151,"Lord of the Rings: The Two Towers, The (2002)",Adventure|Fantasy
182,6539,2.5,1063274328,Pirates of the Caribbean: The Curse of the Black Pearl (2003),Action|Adventure|Comedy|Fantasy
182,6874,4.0,1067829786,Kill Bill: Vol. 1 (2003),Action|Crime|Thriller
182,7153,1.0,1073397287,"Lord of the Rings: The Return of the King, The (2003)",Action|Adventure|Drama|Fantasy
182,7361,4.5,1090326671,Eternal Sunshine of the Spotless Mind (2004),Drama|Romance|Sci-Fi
199,47,3.0,940372883,Seven (a.k.a. Se7en) (1995),Mystery|Thriller
199,50,4.0,940372419,"Usual Suspects, The (1995)",Crime|Mystery|Thriller
199,150,4.0,940372782,Apollo 13 (1995),Adventure|Drama|IMAX
199,260,4.0,1022970258,Star Wars: Episode IV - A New Hope (1977),Action|Adventure|Sci-Fi
199,293,3.5,1105715925,Léon: The Professional (a.k.a. The Professional) (Léon) (1994),Action|Crime|Drama|Thriller
199,296,4.0,940372462,Pulp Fiction (1994),Comedy|Crime|Drama|Thriller
199,318,4.0,940372390,"Shawshank Redemption, The (1994)",Crime|Drama
199,356,2.0,940372744,Forrest Gump (1994),Comedy|Drama|Romance|War
199,377,2.0,940544026,Speed (1994),Action|Romance|Thriller
199,380,3.0,940544360,True Lies (1994),Action|Adventure|Comedy|Romance|Thriller
199,457,4.0,940372697,"Fugitive, The (1993)",Thriller
199,527,5.0,940372656,Schindler's List (1993),Drama|War
199,541,5.0,940380371,Blade Runner (1982),Action|Sci-Fi|Thriller
199,589,3.5,1057590366,Terminator 2: Judgment Day (1991),Action|Sci-Fi
199,592,3.0,1024884741,Batman (1989),Action|Crime|Thriller
199,593,4.0,940372348,"Silence of the Lambs, The (1991)",Crime|Horror|Thriller
199,597,3.0,940544622,Pretty Woman (1990),Comedy|Romance
199,608,5.0,940372304,Fargo (1996),Comedy|Crime|Drama|Thriller
199,780,3.0,1024710076,Independence Day (a.k.a. ID4) (1996),Action|Adventure|Sci-Fi|Thriller
199,858,4.0,940379738,"Godfather, The (1972)",Crime|Drama
199,1089,4.0,940372348,Reservoir Dogs (1992),Crime|Mystery|Thriller
199,1136,5.0,940380847,Monty Python and the Holy Grail (1975),Adventure|Comedy|Fantasy
199,1196,3.5,1119190979,Star Wars: Episode V - The Empire Strikes Back (1980),Action|Adventure|Sci-Fi
199,1197,4.0,940379799,"Princess Bride, The (1987)",Action|Adventure|Comedy|Fantasy|Romance
199,1198,4.0,940380371,Raiders of the Lost Ark (Indiana Jones and the Raiders of the Lost Ark) (1981),Action|Adventure
199,1210,2.0,940543906,Star Wars: Episode VI - Return of the Jedi (1983),Action|Adventure|Sci-Fi
199,1213,4.0,940372592,Goodfellas (1990),Crime|Drama
199,1214,4.0,940380410,Alien (1979),Horror|Sci-Fi
199,1240,5.0,1057590354,"Terminator, The (1984)",Action|Sci-Fi|Thriller
199,1265,4.0,946523712,Groundhog Day (1993),Comedy|Fantasy|Romance
199,1580,4.0,940456621,Men in Black (a.k.a. MIB) (1997),Action|Comedy|Sci-Fi
199,1704,2.0,940380467,Good Will Hunting (1997),Drama|Romance
199,1721,3.0,940372697,Titanic (1997),Drama|Romance
199,2028,4.0,940372462,Saving Private Ryan (1998),Action|Drama|War
199,2329,3.0,1023654611,American History X (1998),Crime|Drama
199,2571,4.0,940371931,"Matrix, The (1999)",Action|Sci-Fi|Thriller
199,2628,2.0,940371961,Star Wars: Episode I - The Phantom Menace (1999),Action|Adventure|Sci-Fi
199,2762,4.0,941325372,"Sixth Sense, The (1999)",Drama|Horror|Mystery
199,2858,5.0,941295364,American Beauty (1999),Drama|Romance
199,3578,4.0,959638011,Gladiator (2000),Action|Adventure|Drama
199,4226,4.0,1025918767,Memento (2000),Mystery|Thriller
199,7361,4.0,1101073428,Eternal Sunshine of the Spotless Mind (2004),Drama|Romance|Sci-Fi
200,1,3.5,1229886312,Toy Story (1995),Adventure|Animation|Children|Comedy|Fantasy
200,10,4.5,1229887453,GoldenEye (1995),Action|Adventure|Thriller
200,34,2.5,1229877775,Babe (1995),Children|Drama
200,47,4.0,1229885752,Seven (a.k.a. Se7en) (1995),Mystery|Thriller
200,110,4.5,1229886082,Braveheart (1995),Action|Drama|War
200,150,4.0,1229885978,Apollo 13 (1995),Adventure|Drama|IMAX
200,165,4.0,1229886183,Die Hard: With a Vengeance (1995),Action|Crime|Thriller
200,260,5.0,1229886006,Star Wars: Episode IV - A New Hope (1977),Action|Adventure|Sci-Fi
200,296,5.0,1229886402,Pulp Fiction (1994),Comedy|Crime|Drama|Thriller
200,318,5.0,1229878882,"Shawshank Redemption, The (1994)",Crime|Drama
200,344,4.0,1229877092,Ace Ventura: Pet Detective (1994),Comedy
200,356,4.0,1229886266,Forrest Gump (1994),Comedy|Drama|Romance|War
200,367,3.5,1229886978,"Mask, The (1994)",Action|Comedy|Crime|Fantasy
200,377,4.0,1229886632,Speed (1994),Action|Romance|Thriller
200,480,3.5,1229885895,Jurassic Park (1993),Action|Adventure|Sci-Fi|Thriller
200,500,3.0,1229886982,Mrs. Doubtfire (1993),Comedy|Drama
200,588,4.0,1229877199,Aladdin (1992),Adventure|Animation|Children|Comedy|Musical
200,590,3.5,1229886699,Dances with Wolves (1990),Adventure|Drama|Western
200,597,5.0,1229886223,Pretty Woman (1990),Comedy|Romance
200,648,3.5,1229885782,Mission: Impossible (1996),Action|Adventure|Mystery|Thriller
200,780,3.5,1229886639,Independence Day (a.k.a. ID4) (1996),Action|Adventure|Sci-Fi|Thriller
200,1036,3.5,1229886202,Die Hard (1988),Action|Crime|Thriller
200,1196,5.0,1229886264,Star Wars: Episode V - The Empire Strikes Back (1980),Action|Adventure|Sci-Fi
200,1197,5.0,1229886108,"Princess Bride, The (1987)",Action|Adventure|Comedy|Fantasy|Romance
200,1198,4.0,1229885859,Raiders of the Lost Ark (Indiana Jones and the Raiders of the Lost Ark) (1981),Action|Adventure
200,1210,5.0,1229885935,Star Wars: Episode VI - Return of the Jedi (1983),Action|Adventure|Sci-Fi
200,1213,4.0,1229886360,Goodfellas (1990),Crime|Drama
200,1214,3.5,1229877238,Alien (1979),Horror|Sci-Fi
200,1270,4.0,1229877810,Back to the Future (1985),Adventure|Comedy|Sci-Fi
200,1291,3.5,1229886275,Indiana Jones and the Last Crusade (1989),Action|Adventure
200,1580,4.0,1229885975,Men in Black (a.k.a. MIB) (1997),Action|Comedy|Sci-Fi
200,1682,3.5,1229886367,"Truman Show, The (1998)",Comedy|Drama|Sci-Fi
200,1704,4.5,1229887174,Good Will Hunting (1997),Drama|Romance
200,1721,2.5,1229886327,Titanic (1997),Drama|Romance
200,2571,5.0,1229887354,"Matrix, The (1999)",Action|Sci-Fi|Thriller
200,2628,3.0,1229885944,Star Wars: Episode I - The Phantom Menace (1999),Action|Adventure|Sci-Fi
200,2858,3.5,1229886272,American Beauty (1999),Drama|Romance
200,2959,5.0,1229885970,Fight Club (1999),Action|Crime|Drama|Thriller
200,3578,4.0,1229886217,Gladiator (2000),Action|Adventure|Drama
200,3793,4.0,1229885786,X-Men (2000),Action|Adventure|Sci-Fi
200,4226,4.0,1229886695,Memento (2000),Mystery|Thriller
200,4306,3.0,1229885793,Shrek (2001),Adventure|Animation|Children|Comedy|Fantasy|Romance
200,4886,3.5,1229885803,"Monsters, Inc. (2001)",Adventure|Animation|Children|Comedy|Fantasy
200,4993,4.0,1229886061,"Lord of the Rings: The Fellowship of the Ring, The (2001)",Adventure|Fantasy
200,5952,4.5,1229886220,"Lord of the Rings: The Two Towers, The (2002)",Adventure|Fantasy
200,6377,4.0,1229885937,Finding Nemo (2003),Adventure|Animation|Children|Comedy
200,6539,4.0,1229886346,Pirates of the Caribbean: The Curse of the Black Pearl (2003),Action|Adventure|Comedy|Fantasy
200,6874,5.0,1229886192,Kill Bill: Vol. 1 (2003),Action|Crime|Thriller
200,7153,4.0,1229886816,"Lord of the Rings: The Return of the King, The (2003)",Action|Adventure|Drama|Fantasy
200,7361,4.5,1229886079,Eternal Sunshine of the Spotless Mind (2004),Drama|Romance|Sci-Fi
200,8961,4.0,1229885891,"Incredibles, The (2004)",Action|Adventure|Animation|Children|Comedy
200,58559,5.0,1229885836,"Dark Knight, The (2008)",Action|Crime|Drama|IMAX
202,1,4.0,974923506,Toy Story (1995),Adventure|Animation|Children|Comedy|Fantasy
202,10,4.0,974919042,GoldenEye (1995),Action|Adventure|Thriller
202,32,4.0,974925068,Twelve Monkeys (a.k.a. 12 Monkeys) (1995),Mystery|Sci-Fi|Thriller
202,50,4.0,974924628,"Usual Suspects, The (1995)",Crime|Mystery|Thriller
202,110,4.0,974918508,Braveheart (1995),Action|Drama|War
202,150,4.0,975013015,Apollo 13 (1995),Adventure|Drama|IMAX
202,260,4.0,974912002,Star Wars: Episode IV - A New Hope (1977),Action|Adventure|Sci-Fi
202,293,5.0,974912991,Léon: The Professional (a.k.a. The Professional) (Léon) (1994),Action|Crime|Drama|Thriller
202,296,4.0,974912566,Pulp Fiction (1994),Comedy|Crime|Drama|Thriller
202,318,4.0,974912341,"Shawshank Redemption, The (1994)",Crime|Drama
202,356,5.0,974924053,Forrest Gump (1994),Comedy|Drama|Romance|War
202,377,3.0,974921289,Speed (1994),Action|Romance|Thriller
202,457,3.0,974918472,"Fugitive, The (1993)",Thriller
202,480,4.0,974918825,Jurassic Park (1993),Action|Adventure|Sci-Fi|Thriller
202,541,5.0,974925048,Blade Runner (1982),Action|Sci-Fi|Thriller
202,588,4.0,975015866,Aladdin (1992),Adventure|Animation|Children|Comedy|Musical
202,589,5.0,974921268,Terminator 2: Judgment Day (1991),Action|Sci-Fi
202,590,4.0,974923177,Dances with Wolves (1990),Adventure|Drama|Western
202,592,3.0,974918657,Batman (1989),Action|Crime|Thriller
202,593,5.0,974912341,"Silence of the Lambs, The (1991)",Crime|Horror|Thriller
202,595,4.0,975015866,Beauty and the Beast (1991),Animation|Children|Fantasy|Musical|Romance|IMAX
202,608,4.0,974912414,Fargo (1996),Comedy|Crime|Drama|Thriller
202,648,3.0,974919186,Mission: Impossible (1996),Action|Adventure|Mystery|Thriller
202,780,2.0,974924550,Independence Day (a.k.a. ID4) (1996),Action|Adventure|Sci-Fi|Thriller
202,858,4.0,974912358,"Godfather, The (1972)",Crime|Drama
202,1036,4.0,974918530,Die Hard (1988),Action|Crime|Thriller
202,1089,5.0,974924662,Reservoir Dogs (1992),Crime|Mystery|Thriller
202,1136,5.0,974923446,Monty Python and the Holy Grail (1975),Adventure|Comedy|Fantasy
202,1196,5.0,974912096,Star Wars: Episode V - The Empire Strikes Back (1980),Action|Adventure|Sci-Fi
202,1197,4.0,974921250,"Princess Bride, The (1987)",Action|Adventure|Comedy|Fantasy|Romance
202,1198,5.0,974918419,Raiders of the Lost Ark (Indiana Jones and the Raiders of the Lost Ark) (1981),Action|Adventure
202,1200,5.0,974921268,Aliens (1986),Action|Adventure|Horror|Sci-Fi
202,1210,3.0,974912027,Star Wars: Episode VI - Return of the Jedi (1983),Action|Adventure|Sci-Fi
202,1214,4.0,974921250,Alien (1979),Horror|Sci-Fi
202,1221,4.0,974918419,"Godfather: Part II, The (1974)",Crime|Drama
202,1240,4.0,974918508,"Terminator, The (1984)",Action|Sci-Fi|Thriller
202,1265,5.0,974923488,Groundhog Day (1993),Comedy|Fantasy|Romance
202,1270,4.0,974925048,Back to the Future (1985),Adventure|Comedy|Sci-Fi
202,1291,4.0,974918563,Indiana Jones and the Last Crusade (1989),Action|Adventure
202,1580,4.0,974921336,Men in Black (a.k.a. MIB) (1997),Action|Comedy|Sci-Fi
202,1682,4.0,975012973,"Truman Show, The (1998)",Comedy|Drama|Sci-Fi
202,2028,4.0,974912380,Saving Private Ryan (1998),Action|Drama|War
202,2571,4.0,974918563,"Matrix, The (1999)",Action|Sci-Fi|Thriller
202,2628,4.0,974923318,Star Wars: Episode I - The Phantom Menace (1999),Action|Adventure|Sci-Fi
202,2762,5.0,974924703,"Sixth Sense, The (1999)",Drama|Horror|Mystery
202,2858,4.0,974912414,American Beauty (1999),Drama|Romance
202,2959,5.0,975013040,Fight Club (1999),Action|Crime|Drama|Thriller
202,3793,5.0,974918744,X-Men (2000),Action|Adventure|Sci-Fi
217,1,4.0,955942540,Toy Story (1995),Adventure|Animation|Children|Comedy|Fantasy
217,10,4.0,955940584,GoldenEye (1995),Action|Adventure|Thriller
217,34,4.0,955943345,Babe (1995),Children|Drama
217,47,2.0,955942953,Seven (a.k.a. Se7en) (1995),Mystery|Thriller
217,50,3.0,955942801,"Usual Suspects, The (1995)",Crime|Mystery|Thriller
217,110,2.0,955935806,Braveheart (1995),Action|Drama|War
217,153,2.0,955941233,Batman Forever (1995),Action|Adventure|Comedy|Crime
217,165,3.0,956194984,Die Hard: With a Vengeance (1995),Action|Crime|Thriller
217,260,5.0,955941874,Star Wars: Episode IV - A New Hope (1977),Action|Adventure|Sci-Fi
217,296,2.0,955942837,Pulp Fiction (1994),Comedy|Crime|Drama|Thriller
217,316,3.0,955940625,Stargate (1994),Action|Adventure|Sci-Fi
217,344,3.0,955944531,Ace Ventura: Pet Detective (1994),Comedy
217,356,2.0,955943574,Forrest Gump (1994),Comedy|Drama|Romance|War
217,367,3.0,955942978,"Mask, The (1994)",Action|Comedy|Crime|Fantasy
217,380,2.0,955936050,True Lies (1994),Action|Adventure|Comedy|Romance|Thriller
217,457,4.0,955935806,"Fugitive, The (1993)",Thriller
217,480,4.0,955941990,Jurassic Park (1993),Action|Adventure|Sci-Fi|Thriller
217,500,3.0,955944348,Mrs. Doubtfire (1993),Comedy|Drama
217,589,3.0,955935174,Terminator 2: Judgment Day (1991),Action|Sci-Fi
217,590,4.0,955942041,Dances with Wolves (1990),Adventure|Drama|Western
217,592,2.0,955936019,Batman (1989),Action|Crime|Thriller
217,608,5.0,955942801,Fargo (1996),Comedy|Crime|Drama|Thriller
217,648,5.0,955940584,Mission: Impossible (1996),Action|Adventure|Mystery|Thriller
217,780,3.0,955940584,Independence Day (a.k.a. ID4) (1996),Action|Adventure|Sci-Fi|Thriller
217,858,2.0,956194704,"Godfather, The (1972)",Crime|Drama
217,1036,4.0,955935853,Die Hard (1988),Action|Crime|Thriller
217,1089,3.0,955942896,Reservoir Dogs (1992),Crime|Mystery|Thriller
217,1136,2.0,955943400,Monty Python and the Holy Grail (1975),Adventure|Comedy|Fantasy
217,1196,5.0,955935806,Star Wars: Episode V - The Empire Strikes Back (1980),Action|Adventure|Sci-Fi
217,1198,5.0,955935759,Raiders of the Lost Ark (Indiana Jones and the Raiders of the Lost Ark) (1981),Action|Adventure
217,1200,3.0,956194747,Aliens (1986),Action|Adventure|Horror|Sci-Fi
217,1210,5.0,955935905,Star Wars: Episode VI - Return of the Jedi (1983),Action|Adventure|Sci-Fi
217,1214,3.0,956194704,Alien (1979),Horror|Sci-Fi
217,1221,2.0,956194704,"Godfather: Part II, The (1974)",Crime|Drama
217,1240,2.0,955935759,"Terminator, The (1984)",Action|Sci-Fi|Thriller
217,1265,3.0,955943501,Groundhog Day (1993),Comedy|Fantasy|Romance
217,1270,3.0,955943345,Back to the Future (1985),Adventure|Comedy|Sci-Fi
217,1291,5.0,955935905,Indiana Jones and the Last Crusade (1989),Action|Adventure
217,1580,5.0,955940584,Men in Black (a.k.a. MIB) (1997),Action|Comedy|Sci-Fi
217,2028,4.0,955935759,Saving Private Ryan (1998),Action|Drama|War
217,2571,3.0,955935905,"Matrix, The (1999)",Action|Sci-Fi|Thriller
217,2628,4.0,955940534,Star Wars: Episode I - The Phantom Menace (1999),Action|Adventure|Sci-Fi
217,2762,4.0,955935113,"Sixth Sense, The (1999)",Drama|Horror|Mystery
219,1,3.5,1194681084,Toy Story (1995),Adventure|Animation|Children|Comedy|Fantasy
219,10,4.5,1194932162,GoldenEye (1995),Action|Adventure|Thriller
219,32,3.5,1194686177,Twelve Monkeys (a.k.a. 12 Monkeys) (1995),Mystery|Sci-Fi|Thriller
219,47,3.5,1194686017,Seven (a.k.a. Se7en) (1995),Mystery|Thriller
219,50,5.0,1194685882,"Usual Suspects, The (1995)",Crime|Mystery|Thriller
219,150,4.0,1194932007,Apollo 13 (1995),Adventure|Drama|IMAX
219,153,2.5,1194931838,Batman Forever (1995),Action|Adventure|Comedy|Crime
219,165,4.5,1194827009,Die Hard: With a Vengeance (1995),Action|Crime|Thriller
219,231,1.5,1194740545,Dumb & Dumber (Dumb and Dumber) (1994),Adventure|Comedy
219,260,5.0,1194685947,Star Wars: Episode IV - A New Hope (1977),Action|Adventure|Sci-Fi
219,293,4.0,1194685979,Léon: The Professional (a.k.a. The Professional) (Léon) (1994),Action|Crime|Drama|Thriller
219,296,4.0,1198522553,Pulp Fiction (1994),Comedy|Crime|Drama|Thriller
219,316,2.5,1200977858,Stargate (1994),Action|Adventure|Sci-Fi
219,318,5.0,1194685877,"Shawshank Redemption, The (1994)",Crime|Drama
219,344,4.0,1194932232,Ace Ventura: Pet Detective (1994),Comedy
219,364,5.0,1194931867,"Lion King, The (1994)",Adventure|Animation|Children|Drama|Musical|IMAX
219,367,3.0,1194681057,"Mask, The (1994)",Action|Comedy|Crime|Fantasy
219,377,3.5,1194827061,Speed (1994),Action|Romance|Thriller
219,380,3.0,1194740097,True Lies (1994),Action|Adventure|Comedy|Romance|Thriller
219,457,4.5,1237239231,"Fugitive, The (1993)",Thriller
219,480,4.0,1194932224,Jurassic Park (1993),Action|Adventure|Sci-Fi|Thriller
219,500,2.0,1194827056,Mrs. Doubtfire (1993),Comedy|Drama
219,541,3.5,1194687801,Blade Runner (1982),Action|Sci-Fi|Thriller
219,588,4.5,1194681069,Aladdin (1992),Adventure|Animation|Children|Comedy|Musical
219,589,4.5,1194686309,Terminator 2: Judgment Day (1991),Action|Sci-Fi
219,592,3.5,1199581514,Batman (1989),Action|Crime|Thriller
219,593,4.5,1194686039,"Silence of the Lambs, The (1991)",Crime|Horror|Thriller
219,595,2.5,1218210249,Beauty and the Beast (1991),Animation|Children|Fantasy|Musical|Romance|IMAX
219,608,3.0,1200977881,Fargo (1996),Comedy|Crime|Drama|Thriller
219,648,4.5,1194681052,Mission: Impossible (1996),Action|Adventure|Mystery|Thriller
219,780,4.0,1198782269,Independence Day (a.k.a. ID4) (1996),Action|Adventure|Sci-Fi|Thriller
219,858,4.5,1194686790,"Godfather, The (1972)",Crime|Drama
219,1036,5.0,1194686082,Die Hard (1988),Action|Crime|Thriller
219,1089,4.0,1194685989,Reservoir Dogs (1992),Crime|Mystery|Thriller
219,1136,3.5,1194686049,Monty Python and the Holy Grail (1975),Adventure|Comedy|Fantasy
219,1196,4.5,1194685932,Star Wars: Episode V - The Empire Strikes Back (1980),Action|Adventure|Sci-Fi
219,1197,3.5,1217436302,"Princess Bride, The (1987)",Action|Adventure|Comedy|Fantasy|Romance
219,1198,4.5,1194685892,Raiders of the Lost Ark (Indiana Jones and the Raiders of the Lost Ark) (1981),Action|Adventure
219,1210,4.0,1194686138,Star Wars: Episode VI - Return of the Jedi (1983),Action|Adventure|Sci-Fi
219,1213,2.5,1194685974,Goodfellas (1990),Crime|Drama
219,1221,4.0,1214043291,"Godfather: Part II, The (1974)",Crime|Drama
219,1240,4.0,1194686346,"Terminator, The (1984)",Action|Sci-Fi|Thriller
219,1265,3.5,1194686292,Groundhog Day (1993),Comedy|Fantasy|Romance
219,1270,3.5,1194827014,Back to the Future (1985),Adventure|Comedy|Sci-Fi
219,1291,4.5,1194681042,Indiana Jones and the Last Crusade (1989),Action|Adventure
219,1580,3.0,1194740518,Men in Black (a.k.a. MIB) (1997),Action|Comedy|Sci-Fi
219,1682,3.5,1194686433,"Truman Show, The (1998)",Comedy|Drama|Sci-Fi
219,1704,4.0,1194686124,Good Will Hunting (1997),Drama|Romance
219,1721,0.5,1214043346,Titanic (1997),Drama|Romance
219,2028,4.5,1194686164,Saving Private Ryan (1998),Action|Drama|War
219,2329,3.5,1194685912,American History X (1998),Crime|Drama
219,2571,5.0,1194686044,"Matrix, The (1999)",Action|Sci-Fi|Thriller
219,2628,1.0,1214043519,Star Wars: Episode I - The Phantom Menace (1999),Action|Adventure|Sci-Fi
219,2762,2.0,1194686702,"Sixth Sense, The (1999)",Drama|Horror|Mystery
219,2858,5.0,1194686027,American Beauty (1999),Drama|Romance
219,2959,4.5,1194681032,Fight Club (1999),Action|Crime|Drama|Thriller
219,3578,4.5,1194932059,Gladiator (2000),Action|Adventure|Drama
219,3793,3.0,1194931897,X-Men (2000),Action|Adventure|Sci-Fi
219,4226,5.0,1194685887,Memento (2000),Mystery|Thriller
219,4306,4.5,1194931848,Shrek (2001),Adventure|Animation|Children|Comedy|Fantasy|Romance
219,4886,3.5,1214043303,"Monsters, Inc. (2001)",Adventure|Animation|Children|Comedy|Fantasy
219,4993,3.5,1194681037,"Lord of the Rings: The Fellowship of the Ring, The (2001)",Adventure|Fantasy
219,5952,3.5,1194681162,"Lord of the Rings: The Two Towers, The (2002)",Adventure|Fantasy
219,6377,3.5,1194686087,Finding Nemo (2003),Adventure|Animation|Children|Comedy
219,6539,4.5,1194686217,Pirates of the Caribbean: The Curse of the Black Pearl (2003),Action|Adventure|Comedy|Fantasy
219,6874,4.5,1194686182,Kill Bill: Vol. 1 (2003),Action|Crime|Thriller
219,7153,3.5,1194686077,"Lord of the Rings: The Return of the King, The (2003)",Action|Adventure|Drama|Fantasy
219,7361,4.5,1194686824,Eternal Sunshine of the Spotless Mind (2004),Drama|Romance|Sci-Fi
219,8961,4.0,1194685997,"Incredibles, The (2004)",Action|Adventure|Animation|Children|Comedy
219,58559,5.0,1217436398,"Dark Knight, The (2008)",Action|Crime|Drama|IMAX
221,32,5.0,1111177792,Twelve Monkeys (a.k.a. 12 Monkeys) (1995),Mystery|Sci-Fi|Thriller
221,50,4.5,1118246575,"Usual Suspects, The (1995)",Crime|Mystery|Thriller
221,296,5.0,1118246719,Pulp Fiction (1994),Comedy|Crime|Drama|Thriller
221,318,4.0,1111176249,"Shawshank Redemption, The (1994)",Crime|Drama
221,356,3.5,1118247082,Forrest Gump (1994),Comedy|Drama|Romance|War
221,480,3.0,1118247087,Jurassic Park (1993),Action|Adventure|Sci-Fi|Thriller
221,527,3.0,1118246687,Schindler's List (1993),Drama|War
221,541,5.0,1118246781,Blade Runner (1982),Action|Sci-Fi|Thriller
221,589,4.5,1118247104,Terminator 2: Judgment Day (1991),Action|Sci-Fi
221,590,3.5,1118247093,Dances with Wolves (1990),Adventure|Drama|Western
221,593,4.0,1111176258,"Silence of the Lambs, The (1991)",Crime|Horror|Thriller
221,608,5.0,1118246717,Fargo (1996),Comedy|Crime|Drama|Thriller
221,780,2.0,1118247109,Independence Day (a.k.a. ID4) (1996),Action|Adventure|Sci-Fi|Thriller
221,858,4.5,1111177420,"Godfather, The (1972)",Crime|Drama
221,1089,4.5,1111177438,Reservoir Dogs (1992),Crime|Mystery|Thriller
221,1136,4.0,1111176272,Monty Python and the Holy Grail (1975),Adventure|Comedy|Fantasy
221,1193,5.0,1111176238,One Flew Over the Cuckoo's Nest (1975),Drama
221,1197,4.5,1118246789,"Princess Bride, The (1987)",Action|Adventure|Comedy|Fantasy|Romance
221,1198,3.5,1118246614,Raiders of the Lost Ark (Indiana Jones and the Raiders of the Lost Ark) (1981),Action|Adventure
221,1200,5.0,1119984398,Aliens (1986),Action|Adventure|Horror|Sci-Fi
221,1213,4.5,1111175957,Goodfellas (1990),Crime|Drama
221,1214,5.0,1118246884,Alien (1979),Horror|Sci-Fi
221,1265,4.0,1111177450,Groundhog Day (1993),Comedy|Fantasy|Romance
221,1721,3.0,1111177393,Titanic (1997),Drama|Romance
221,2571,2.0,1119984438,"Matrix, The (1999)",Action|Sci-Fi|Thriller
221,2762,3.5,1118246895,"Sixth Sense, The (1999)",Drama|Horror|Mystery
221,2858,5.0,1118246707,American Beauty (1999),Drama|Romance
221,2959,5.0,1111175978,Fight Club (1999),Action|Crime|Drama|Thriller
221,6377,4.0,1119984091,Finding Nemo (2003),Adventure|Animation|Children|Comedy
221,6539,3.5,1111176254,Pirates of the Caribbean: The Curse of the Black Pearl (2003),Action|Adventure|Comedy|Fantasy
221,7361,4.0,1111178504,Eternal Sunshine of the Spotless Mind (2004),Drama|Romance|Sci-Fi
226,1,3.5,1095662606,Toy Story (1995),Adventure|Animation|Children|Comedy|Fantasy
226,10,4.0,1095662675,GoldenEye (1995),Action|Adventure|Thriller
226,32,4.0,1095662618,Twelve Monkeys (a.k.a. 12 Monkeys) (1995),Mystery|Sci-Fi|Thriller
226,47,5.0,1160003508,Seven (a.k.a. Se7en) (1995),Mystery|Thriller
226,150,4.5,1130137555,Apollo 13 (1995),Adventure|Drama|IMAX
226,153,4.0,1095662628,Batman Forever (1995),Action|Adventure|Comedy|Crime
226,231,5.0,1095662679,Dumb & Dumber (Dumb and Dumber) (1994),Adventure|Comedy
226,260,4.5,1095662595,Star Wars: Episode IV - A New Hope (1977),Action|Adventure|Sci-Fi
226,296,4.5,1159219398,Pulp Fiction (1994),Comedy|Crime|Drama|Thriller
226,316,2.5,1097545271,Stargate (1994),Action|Adventure|Sci-Fi
226,344,4.5,1095662635,Ace Ventura: Pet Detective (1994),Comedy
226,356,4.0,1095662582,Forrest Gump (1994),Comedy|Drama|Romance|War
226,364,3.5,1095662658,"Lion King, The (1994)",Adventure|Animation|Children|Drama|Musical|IMAX
226,367,3.0,1095662494,"Mask, The (1994)",Action|Comedy|Crime|Fantasy
226,377,2.5,1159219424,Speed (1994),Action|Romance|Thriller
226,480,4.0,1095662485,Jurassic Park (1993),Action|Adventure|Sci-Fi|Thriller
226,500,3.5,1095662683,Mrs. Doubtfire (1993),Comedy|Drama
226,588,4.0,1095662615,Aladdin (1992),Adventure|Animation|Children|Comedy|Musical
226,589,4.0,1095662601,Terminator 2: Judgment Day (1991),Action|Sci-Fi
226,590,2.0,1095662587,Dances with Wolves (1990),Adventure|Drama|Western
226,595,2.5,1095662641,Beauty and the Beast (1991),Animation|Children|Fantasy|Musical|Romance|IMAX
226,608,4.5,1132092739,Fargo (1996),Comedy|Crime|Drama|Thriller
226,648,3.5,1095662638,Mission: Impossible (1996),Action|Adventure|Mystery|Thriller
226,780,3.0,1095662602,Independence Day (a.k.a. ID4) (1996),Action|Adventure|Sci-Fi|Thriller
226,1036,3.0,1095662467,Die Hard (1988),Action|Crime|Thriller
226,1136,5.0,1095662764,Monty Python and the Holy Grail (1975),Adventure|Comedy|Fantasy
226,1193,4.0,1095662748,One Flew Over the Cuckoo's Nest (1975),Drama
226,1196,5.0,1095662649,Star Wars: Episode V - The Empire Strikes Back (1980),Action|Adventure|Sci-Fi
226,1197,4.5,1159341825,"Princess Bride, The (1987)",Action|Adventure|Comedy|Fantasy|Romance
226,1198,4.0,1095662453,Raiders of the Lost Ark (Indiana Jones and the Raiders of the Lost Ark) (1981),Action|Adventure
226,1210,5.0,1097545652,Star Wars: Episode VI - Return of the Jedi (1983),Action|Adventure|Sci-Fi
226,1240,4.0,1095662742,"Terminator, The (1984)",Action|Sci-Fi|Thriller
226,1265,4.0,1130136391,Groundhog Day (1993),Comedy|Fantasy|Romance
226,1270,4.0,1095662668,Back to the Future (1985),Adventure|Comedy|Sci-Fi
226,1291,4.5,1095662759,Indiana Jones and the Last Crusade (1989),Action|Adventure
226,1580,3.5,1095662736,Men in Black (a.k.a. MIB) (1997),Action|Comedy|Sci-Fi
226,1704,4.0,1095662439,Good Will Hunting (1997),Drama|Romance
226,1721,1.5,1114838120,Titanic (1997),Drama|Romance
226,2329,4.5,1095663236,American History X (1998),Crime|Drama
226,2571,4.0,1095662426,"Matrix, The (1999)",Action|Sci-Fi|Thriller
226,2628,2.5,1095662443,Star Wars: Episode I - The Phantom Menace (1999),Action|Adventure|Sci-Fi
226,2858,4.0,1114838073,American Beauty (1999),Drama|Romance
226,2959,4.0,1095662868,Fight Club (1999),Action|Crime|Drama|Thriller
226,3578,4.0,1095662436,Gladiator (2000),Action|Adventure|Drama
226,3793,3.5,1095662945,X-Men (2000),Action|Adventure|Sci-Fi
226,4306,4.0,1095662949,Shrek (2001),Adventure|Animation|Children|Comedy|Fantasy|Romance
226,4886,4.0,1095713336,"Monsters, Inc. (2001)",Adventure|Animation|Children|Comedy|Fantasy
226,4993,4.0,1095662416,"Lord of the Rings: The Fellowship of the Ring, The (2001)",Adventure|Fantasy
226,5952,4.0,1096420307,"Lord of the Rings: The Two Towers, The (2002)",Adventure|Fantasy
226,6377,4.0,1114838677,Finding Nemo (2003),Adventure|Animation|Children|Comedy
226,6539,4.5,1095663760,Pirates of the Caribbean: The Curse of the Black Pearl (2003),Action|Adventure|Comedy|Fantasy
226,6874,3.5,1159485354,Kill Bill: Vol. 1 (2003),Action|Crime|Thriller
226,7153,4.5,1095663758,"Lord of the Rings: The Return of the King, The (2003)",Action|Adventure|Drama|Fantasy
226,7361,4.5,1164823740,Eternal Sunshine of the Spotless Mind (2004),Drama|Romance|Sci-Fi
232,1,3.5,1076955621,Toy Story (1995),Adventure|Animation|Children|Comedy|Fantasy
232,10,3.0,1218167397,GoldenEye (1995),Action|Adventure|Thriller
232,47,4.5,1241823324,Seven (a.k.a. Se7en) (1995),Mystery|Thriller
232,110,4.5,1182908701,Braveheart (1995),Action|Drama|War
232,150,4.5,1101397575,Apollo 13 (1995),Adventure|Drama|IMAX
232,165,3.5,1218166156,Die Hard: With a Vengeance (1995),Action|Crime|Thriller
232,231,3.0,1218178208,Dumb & Dumber (Dumb and Dumber) (1994),Adventure|Comedy
232,260,4.5,1218164802,Star Wars: Episode IV - A New Hope (1977),Action|Adventure|Sci-Fi
232,296,5.0,1241823280,Pulp Fiction (1994),Comedy|Crime|Drama|Thriller
232,318,5.0,1207513462,"Shawshank Redemption, The (1994)",Crime|Drama
232,356,4.0,1076956528,Forrest Gump (1994),Comedy|Drama|Romance|War
232,364,3.5,1182910390,"Lion King, The (1994)",Adventure|Animation|Children|Drama|Musical|IMAX
232,377,3.5,1218165891,Speed (1994),Action|Romance|Thriller
232,480,3.0,1218167925,Jurassic Park (1993),Action|Adventure|Sci-Fi|Thriller
232,500,4.0,1077235210,Mrs. Doubtfire (1993),Comedy|Drama
232,527,4.5,1241823096,Schindler's List (1993),Drama|War
232,588,3.0,1077235202,Aladdin (1992),Adventure|Animation|Children|Comedy|Musical
232,589,4.0,1218165737,Terminator 2: Judgment Day (1991),Action|Sci-Fi
232,595,3.0,1182910034,Beauty and the Beast (1991),Animation|Children|Fantasy|Musical|Romance|IMAX
232,597,3.5,1182907614,Pretty Woman (1990),Comedy|Romance
232,648,3.0,1218167154,Mission: Impossible (1996),Action|Adventure|Mystery|Thriller
232,780,3.5,1218166039,Independence Day (a.k.a. ID4) (1996),Action|Adventure|Sci-Fi|Thriller
232,858,4.0,1200882932,"Godfather, The (1972)",Crime|Drama
232,1036,4.5,1218164976,Die Hard (1988),Action|Crime|Thriller
232,1136,3.5,1218480813,Monty Python and the Holy Grail (1975),Adventure|Comedy|Fantasy
232,1196,4.5,1218164794,Star Wars: Episode V - The Empire Strikes Back (1980),Action|Adventure|Sci-Fi
232,1197,4.0,1076952680,"Princess Bride, The (1987)",Action|Adventure|Comedy|Fantasy|Romance
232,1198,4.5,1182907601,Raiders of the Lost Ark (Indiana Jones and the Raiders of the Lost Ark) (1981),Action|Adventure
232,1210,5.0,1077235144,Star Wars: Episode VI - Return of the Jedi (1983),Action|Adventure|Sci-Fi
232,1240,4.5,1076951836,"Terminator, The (1984)",Action|Sci-Fi|Thriller
232,1265,4.0,1219792790,Groundhog Day (1993),Comedy|Fantasy|Romance
232,1270,3.0,1218166307,Back to the Future (1985),Adventure|Comedy|Sci-Fi
232,1291,3.5,1218166035,Indiana Jones and the Last Crusade (1989),Action|Adventure
232,1580,3.5,1218165957,Men in Black (a.k.a. MIB) (1997),Action|Comedy|Sci-Fi
232,1682,4.5,1218165205,"Truman Show, The (1998)",Comedy|Drama|Sci-Fi
232,1721,4.5,1182909244,Titanic (1997),Drama|Romance
232,2028,5.0,1241823312,Saving Private Ryan (1998),Action|Drama|War
232,2329,5.0,1278825006,American History X (1998),Crime|Drama
232,2571,4.5,1141776628,"Matrix, The (1999)",Action|Sci-Fi|Thriller
232,2628,4.0,1218164799,Star Wars: Episode I - The Phantom Menace (1999),Action|Adventure|Sci-Fi
232,2762,5.0,1218165016,"Sixth Sense, The (1999)",Drama|Horror|Mystery
232,2959,4.5,1218166106,Fight Club (1999),Action|Crime|Drama|Thriller
232,3578,5.0,1182908274,Gladiator (2000),Action|Adventure|Drama
232,3793,4.0,1076951731,X-Men (2000),Action|Adventure|Sci-Fi
232,4226,5.0,1194560461,Memento (2000),Mystery|Thriller
232,4306,4.0,1182909295,Shrek (2001),Adventure|Animation|Children|Comedy|Fantasy|Romance
232,4886,4.0,1085351698,"Monsters, Inc. (2001)",Adventure|Animation|Children|Comedy|Fantasy
232,4993,3.5,1218169632,"Lord of the Rings: The Fellowship of the Ring, The (2001)",Adventure|Fantasy
232,5952,4.0,1101397634,"Lord of the Rings: The Two Towers, The (2002)",Adventure|Fantasy
232,6377,4.0,1076956807,Finding Nemo (2003),Adventure|Animation|Children|Comedy
232,6539,4.5,1078451197,Pirates of the Caribbean: The Curse of the Black Pearl (2003),Action|Adventure|Comedy|Fantasy
232,6874,3.0,1192670494,Kill Bill: Vol. 1 (2003),Action|Crime|Thriller
232,7153,4.0,1141776617,"Lord of the Rings: The Return of the King, The (2003)",Action|Adventure|Drama|Fantasy
232,7361,4.0,1207291954,Eternal Sunshine of the Spotless Mind (2004),Drama|Romance|Sci-Fi
232,8961,4.0,1182907227,"Incredibles, The (2004)",Action|Adventure|Animation|Children|Comedy
232,58559,5.0,1217541078,"Dark Knight, The (2008)",Action|Crime|Drama|IMAX
232,79132,5.0,1283133804,Inception (2010),Action|Crime|Drama|Mystery|Sci-Fi|Thriller|IMAX
249,1,4.0,1347317775,Toy Story (1995),Adventure|Animation|Children|Comedy|Fantasy
249,32,5.0,1346752537,Twelve Monkeys (a.k.a. 12 Monkeys) (1995),Mystery|Sci-Fi|Thriller
249,47,5.0,1346757700,Seven (a.k.a. Se7en) (1995),Mystery|Thriller
249,50,4.0,1364546154,"Usual Suspects, The (1995)",Crime|Mystery|Thriller
249,110,5.0,1346841413,Braveheart (1995),Action|Drama|War
249,150,2.5,1346755246,Apollo 13 (1995),Adventure|Drama|IMAX
249,260,5.0,1346757993,Star Wars: Episode IV - A New Hope (1977),Action|Adventure|Sci-Fi
249,293,5.0,1346757717,Léon: The Professional (a.k.a. The Professional) (Léon) (1994),Action|Crime|Drama|Thriller
249,296,4.0,1346757687,Pulp Fiction (1994),Comedy|Crime|Drama|Thriller
249,318,4.5,1346758076,"Shawshank Redemption, The (1994)",Crime|Drama
249,344,3.5,1354107356,Ace Ventura: Pet Detective (1994),Comedy
249,356,4.5,1346841583,Forrest Gump (1994),Comedy|Drama|Romance|War
249,364,5.0,1356439489,"Lion King, The (1994)",Adventure|Animation|Children|Drama|Musical|IMAX
249,367,4.0,1354107372,"Mask, The (1994)",Action|Comedy|Crime|Fantasy
249,377,4.0,1355366659,Speed (1994),Action|Romance|Thriller
249,380,4.0,1353800578,True Lies (1994),Action|Adventure|Comedy|Romance|Thriller
249,457,4.5,1355366996,"Fugitive, The (1993)",Thriller
249,480,4.0,1346847728,Jurassic Park (1993),Action|Adventure|Sci-Fi|Thriller
249,500,3.5,1356219014,Mrs. Doubtfire (1993),Comedy|Drama
249,527,4.5,1346758070,Schindler's List (1993),Drama|War
249,541,4.0,1507756687,Blade Runner (1982),Action|Sci-Fi|Thriller
249,588,4.0,1353800716,Aladdin (1992),Adventure|Animation|Children|Comedy|Musical
249,589,4.0,1346758213,Terminator 2: Judgment Day (1991),Action|Sci-Fi
249,593,4.0,1346758020,"Silence of the Lambs, The (1991)",Crime|Horror|Thriller
249,595,4.0,1356439499,Beauty and the Beast (1991),Animation|Children|Fantasy|Musical|Romance|IMAX
249,608,4.5,1346757613,Fargo (1996),Comedy|Crime|Drama|Thriller
249,648,3.5,1355366438,Mission: Impossible (1996),Action|Adventure|Mystery|Thriller
249,780,4.0,1353801108,Independence Day (a.k.a. ID4) (1996),Action|Adventure|Sci-Fi|Thriller
249,858,4.5,1346757706,"Godfather, The (1972)",Crime|Drama
249,1036,4.0,1346757908,Die Hard (1988),Action|Crime|Thriller
249,1089,4.0,1346757745,Reservoir Dogs (1992),Crime|Mystery|Thriller
249,1193,4.5,1453079305,One Flew Over the Cuckoo's Nest (1975),Drama
249,1196,5.0,1346757817,Star Wars: Episode V - The Empire Strikes Back (1980),Action|Adventure|Sci-Fi
249,1198,5.0,1346758006,Raiders of the Lost Ark (Indiana Jones and the Raiders of the Lost Ark) (1981),Action|Adventure
249,1200,3.5,1346754274,Aliens (1986),Action|Adventure|Horror|Sci-Fi
249,1210,4.5,1346757895,Star Wars: Episode VI - Return of the Jedi (1983),Action|Adventure|Sci-Fi
249,1213,4.0,1346757707,Goodfellas (1990),Crime|Drama
249,1214,4.5,1346754258,Alien (1979),Horror|Sci-Fi
249,1221,4.0,1347317381,"Godfather: Part II, The (1974)",Crime|Drama
249,1240,4.0,1346757874,"Terminator, The (1984)",Action|Sci-Fi|Thriller
249,1265,4.5,1410392531,Groundhog Day (1993),Comedy|Fantasy|Romance
249,1270,4.5,1346756374,Back to the Future (1985),Adventure|Comedy|Sci-Fi
249,1291,4.5,1346757806,Indiana Jones and the Last Crusade (1989),Action|Adventure
249,1580,4.5,1353792037,Men in Black (a.k.a. MIB) (1997),Action|Comedy|Sci-Fi
249,1682,3.5,1346757637,"Truman Show, The (1998)",Comedy|Drama|Sci-Fi
249,1704,4.0,1360979865,Good Will Hunting (1997),Drama|Romance
249,1721,2.0,1347318423,Titanic (1997),Drama|Romance
249,2028,4.5,1346758267,Saving Private Ryan (1998),Action|Drama|War
249,2329,4.5,1346754930,American History X (1998),Crime|Drama
249,2571,5.0,1346757773,"Matrix, The (1999)",Action|Sci-Fi|Thriller
249,2628,3.5,1347318740,Star Wars: Episode I - The Phantom Menace (1999),Action|Adventure|Sci-Fi
249,2762,4.0,1346757730,"Sixth Sense, The (1999)",Drama|Horror|Mystery
249,2858,4.5,1349221011,American Beauty (1999),Drama|Romance
249,2959,5.0,1346757736,Fight Club (1999),Action|Crime|Drama|Thriller
249,3578,4.0,1346758030,Gladiator (2000),Action|Adventure|Drama
249,3793,4.0,1346841365,X-Men (2000),Action|Adventure|Sci-Fi
249,4226,5.0,1437146248,Memento (2000),Mystery|Thriller
249,4306,3.5,1346757652,Shrek (2001),Adventure|Animation|Children|Comedy|Fantasy|Romance
249,4886,4.0,1346757932,"Monsters, Inc. (2001)",Adventure|Animation|Children|Comedy|Fantasy
249,4993,5.0,1346757869,"Lord of the Rings: The Fellowship of the Ring, The (2001)",Adventure|Fantasy
249,5952,4.5,1346757871,"Lord of the Rings: The Two Towers, The (2002)",Adventure|Fantasy
249,6377,4.0,1346757834,Finding Nemo (2003),Adventure|Animation|Children|Comedy
249,6539,4.0,1346757892,Pirates of the Caribbean: The Curse of the Black Pearl (2003),Action|Adventure|Comedy|Fantasy
249,6874,4.5,1388792807,Kill Bill: Vol. 1 (2003),Action|Crime|Thriller
249,7153,5.0,1346757887,"Lord of the Rings: The Return of the King, The (2003)",Action|Adventure|Drama|Fantasy
249,7361,4.0,1346757646,Eternal Sunshine of the Spotless Mind (2004),Drama|Romance|Sci-Fi
249,8961,4.0,1426988948,"Incredibles, The (2004)",Action|Adventure|Animation|Children|Comedy
249,58559,5.0,1346757831,"Dark Knight, The (2008)",Action|Crime|Drama|IMAX
249,79132,5.0,1346757880,Inception (2010),Action|Crime|Drama|Mystery|Sci-Fi|Thriller|IMAX
274,1,4.0,1171410158,Toy Story (1995),Adventure|Animation|Children|Comedy|Fantasy
274,10,4.0,1171428459,GoldenEye (1995),Action|Adventure|Thriller
274,32,4.0,1171409321,Twelve Monkeys (a.k.a. 12 Monkeys) (1995),Mystery|Sci-Fi|Thriller
274,34,4.0,1171756208,Babe (1995),Children|Drama
274,47,4.0,1171172762,Seven (a.k.a. Se7en) (1995),Mystery|Thriller
274,50,4.0,1171408986,"Usual Suspects, The (1995)",Crime|Mystery|Thriller
274,110,4.5,1171410141,Braveheart (1995),Action|Drama|War
274,153,3.5,1171934629,Batman Forever (1995),Action|Adventure|Comedy|Crime
274,165,4.0,1171934621,Die Hard: With a Vengeance (1995),Action|Crime|Thriller
274,231,4.5,1171934649,Dumb & Dumber (Dumb and Dumber) (1994),Adventure|Comedy
274,260,3.0,1171409999,Star Wars: Episode IV - A New Hope (1977),Action|Adventure|Sci-Fi
274,293,4.5,1171409188,Léon: The Professional (a.k.a. The Professional) (Léon) (1994),Action|Crime|Drama|Thriller
274,296,5.0,1171493995,Pulp Fiction (1994),Comedy|Crime|Drama|Thriller
274,316,3.5,1171934639,Stargate (1994),Action|Adventure|Sci-Fi
274,318,4.5,1171409194,"Shawshank Redemption, The (1994)",Crime|Drama
274,344,4.5,1171409788,Ace Ventura: Pet Detective (1994),Comedy
274,356,4.5,1171409739,Forrest Gump (1994),Comedy|Drama|Romance|War
274,364,4.0,1171934641,"Lion King, The (1994)",Adventure|Animation|Children|Drama|Musical|IMAX
274,367,4.0,1171934652,"Mask, The (1994)",Action|Comedy|Crime|Fantasy
274,377,3.5,1171934616,Speed (1994),Action|Romance|Thriller
274,380,4.0,1171409745,True Lies (1994),Action|Adventure|Comedy|Romance|Thriller
274,457,3.5,1256145196,"Fugitive, The (1993)",Thriller
274,480,3.5,1171410132,Jurassic Park (1993),Action|Adventure|Sci-Fi|Thriller
274,500,3.0,1171428404,Mrs. Doubtfire (1993),Comedy|Drama
274,527,4.0,1171758666,Schindler's List (1993),Drama|War
274,541,2.5,1171409458,Blade Runner (1982),Action|Sci-Fi|Thriller
274,588,4.0,1171934614,Aladdin (1992),Adventure|Animation|Children|Comedy|Musical
274,589,4.5,1171409970,Terminator 2: Judgment Day (1991),Action|Sci-Fi
274,590,4.0,1223263012,Dances with Wolves (1990),Adventure|Drama|Western
274,592,3.0,1177260697,Batman (1989),Action|Crime|Thriller
274,593,4.0,1171409513,"Silence of the Lambs, The (1991)",Crime|Horror|Thriller
274,595,3.0,1171428391,Beauty and the Beast (1991),Animation|Children|Fantasy|Musical|Romance|IMAX
274,608,3.0,1171409592,Fargo (1996),Comedy|Crime|Drama|Thriller
274,648,3.5,1171409741,Mission: Impossible (1996),Action|Adventure|Mystery|Thriller
274,780,3.5,1171409792,Independence Day (a.k.a. ID4) (1996),Action|Adventure|Sci-Fi|Thriller
274,858,3.5,1171409113,"Godfather, The (1972)",Crime|Drama
274,1036,4.0,1171934710,Die Hard (1988),Action|Crime|Thriller
274,1089,4.5,1171408966,Reservoir Dogs (1992),Crime|Mystery|Thriller
274,1136,3.5,1171409305,Monty Python and the Holy Grail (1975),Adventure|Comedy|Fantasy
274,1193,4.5,1186728753,One Flew Over the Cuckoo's Nest (1975),Drama
274,1196,4.5,1171409426,Star Wars: Episode V - The Empire Strikes Back (1980),Action|Adventure|Sci-Fi
274,1197,4.0,1171934686,"Princess Bride, The (1987)",Action|Adventure|Comedy|Fantasy|Romance
274,1198,4.0,1212003426,Raiders of the Lost Ark (Indiana Jones and the Raiders of the Lost Ark) (1981),Action|Adventure
274,1200,4.0,1171491997,Aliens (1986),Action|Adventure|Horror|Sci-Fi
274,1210,4.0,1171409967,Star Wars: Episode VI - Return of the Jedi (1983),Action|Adventure|Sci-Fi
274,1213,4.0,1171409055,Goodfellas (1990),Crime|Drama
274,1214,4.0,1171409571,Alien (1979),Horror|Sci-Fi
274,1221,3.5,1186728678,"Godfather: Part II, The (1974)",Crime|Drama
274,1240,4.0,1171491755,"Terminator, The (1984)",Action|Sci-Fi|Thriller
274,1265,4.5,1171934694,Groundhog Day (1993),Comedy|Fantasy|Romance
274,1270,3.5,1171409961,Back to the Future (1985),Adventure|Comedy|Sci-Fi
274,1291,3.5,1212003442,Indiana Jones and the Last Crusade (1989),Action|Adventure
274,1580,3.0,1171428362,Men in Black (a.k.a. MIB) (1997),Action|Comedy|Sci-Fi
274,1682,4.5,1171492701,"Truman Show, The (1998)",Comedy|Drama|Sci-Fi
274,1704,4.0,1171934742,Good Will Hunting (1997),Drama|Romance
274,1721,3.5,1171492429,Titanic (1997),Drama|Romance
274,2028,4.0,1171758796,Saving Private Ryan (1998),Action|Drama|War
274,2329,4.5,1171408968,American History X (1998),Crime|Drama
274,2571,4.0,1171409506,"Matrix, The (1999)",Action|Sci-Fi|Thriller
274,2628,2.5,1171491491,Star Wars: Episode I - The Phantom Menace (1999),Action|Adventure|Sci-Fi
274,2762,4.0,1171409964,"Sixth Sense, The (1999)",Drama|Horror|Mystery
274,2858,5.0,1171409201,American Beauty (1999),Drama|Romance
274,2959,5.0,1171172709,Fight Club (1999),Action|Crime|Drama|Thriller
274,3578,3.5,1171428468,Gladiator (2000),Action|Adventure|Drama
274,3793,3.0,1171493883,X-Men (2000),Action|Adventure|Sci-Fi
274,4226,4.5,1171408958,Memento (2000),Mystery|Thriller
274,4306,3.5,1171494063,Shrek (2001),Adventure|Animation|Children|Comedy|Fantasy|Romance
274,4886,3.5,1171409974,"Monsters, Inc. (2001)",Adventure|Animation|Children|Comedy|Fantasy
274,4993,3.0,1171409651,"Lord of the Rings: The Fellowship of the Ring, The (2001)",Adventure|Fantasy
274,5952,3.5,1171409985,"Lord of the Rings: The Two Towers, The (2002)",Adventure|Fantasy
274,6377,4.0,1171943773,Finding Nemo (2003),Adventure|Animation|Children|Comedy
274,6539,4.0,1171491579,Pirates of the Caribbean: The Curse of the Black Pearl (2003),Action|Adventure|Comedy|Fantasy
274,6874,5.0,1171172658,Kill Bill: Vol. 1 (2003),Action|Crime|Thriller
274,7153,3.0,1171409647,"Lord of the Rings: The Return of the King, The (2003)",Action|Adventure|Drama|Fantasy
274,7361,5.0,1171172409,Eternal Sunshine of the Spotless Mind (2004),Drama|Romance|Sci-Fi
274,8961,3.5,1171409781,"Incredibles, The (2004)",Action|Adventure|Animation|Children|Comedy
274,58559,4.5,1217212975,"Dark Knight, The (2008)",Action|Crime|Drama|IMAX
274,79132,5.0,1284685228,Inception (2010),Action|Crime|Drama|Mystery|Sci-Fi|Thriller|IMAX
275,1,5.0,1049076484,Toy Story (1995),Adventure|Animation|Children|Comedy|Fantasy
275,32,5.0,1049078728,Twelve Monkeys (a.k.a. 12 Monkeys) (1995),Mystery|Sci-Fi|Thriller
275,34,5.0,1049078728,Babe (1995),Children|Drama
275,50,4.0,1049078044,"Usual Suspects, The (1995)",Crime|Mystery|Thriller
275,260,4.0,1049078271,Star Wars: Episode IV - A New Hope (1977),Action|Adventure|Sci-Fi
275,296,5.0,1049078586,Pulp Fiction (1994),Comedy|Crime|Drama|Thriller
275,318,4.0,1049078154,"Shawshank Redemption, The (1994)",Crime|Drama
275,356,3.0,1049076587,Forrest Gump (1994),Comedy|Drama|Romance|War
275,480,4.0,1049076170,Jurassic Park (1993),Action|Adventure|Sci-Fi|Thriller
275,527,5.0,1049076180,Schindler's List (1993),Drama|War
275,541,5.0,1049077263,Blade Runner (1982),Action|Sci-Fi|Thriller
275,593,5.0,1049078210,"Silence of the Lambs, The (1991)",Crime|Horror|Thriller
275,608,4.0,1049078693,Fargo (1996),Comedy|Crime|Drama|Thriller
275,858,5.0,1049076161,"Godfather, The (1972)",Crime|Drama
275,1089,5.0,1049076262,Reservoir Dogs (1992),Crime|Mystery|Thriller
275,1136,5.0,1049079204,Monty Python and the Holy Grail (1975),Adventure|Comedy|Fantasy
275,1193,5.0,1049079320,One Flew Over the Cuckoo's Nest (1975),Drama
275,1197,5.0,1049076865,"Princess Bride, The (1987)",Action|Adventure|Comedy|Fantasy|Romance
275,1198,4.0,1049077222,Raiders of the Lost Ark (Indiana Jones and the Raiders of the Lost Ark) (1981),Action|Adventure
275,1210,4.0,1049076195,Star Wars: Episode VI - Return of the Jedi (1983),Action|Adventure|Sci-Fi
275,1213,5.0,1049078044,Goodfellas (1990),Crime|Drama
275,1221,4.0,1049079110,"Godfather: Part II, The (1974)",Crime|Drama
275,1265,5.0,1049076470,Groundhog Day (1993),Comedy|Fantasy|Romance
275,1270,4.0,1049076883,Back to the Future (1985),Adventure|Comedy|Sci-Fi
275,1580,3.0,1049076587,Men in Black (a.k.a. MIB) (1997),Action|Comedy|Sci-Fi
275,1704,4.0,1049078801,Good Will Hunting (1997),Drama|Romance
275,2571,5.0,1049078883,"Matrix, The (1999)",Action|Sci-Fi|Thriller
275,2858,4.0,1049076455,American Beauty (1999),Drama|Romance
275,2959,5.0,1049078913,Fight Club (1999),Action|Crime|Drama|Thriller
275,3578,4.0,1049077746,Gladiator (2000),Action|Adventure|Drama
275,3793,2.0,1049077918,X-Men (2000),Action|Adventure|Sci-Fi
275,4226,5.0,1049077392,Memento (2000),Mystery|Thriller
275,4306,3.0,1049077681,Shrek (2001),Adventure|Animation|Children|Comedy|Fantasy|Romance
275,4886,4.0,1049077518,"Monsters, Inc. (2001)",Adventure|Animation|Children|Comedy|Fantasy
275,4993,4.0,1049077375,"Lord of the Rings: The Fellowship of the Ring, The (2001)",Adventure|Fantasy
275,5952,4.0,1049077375,"Lord of the Rings: The Two Towers, The (2002)",Adventure|Fantasy
288,1,4.5,1054568869,Toy Story (1995),Adventure|Animation|Children|Comedy|Fantasy
288,10,3.0,978465794,GoldenEye (1995),Action|Adventure|Thriller
288,32,5.0,975692000,Twelve Monkeys (a.k.a. 12 Monkeys) (1995),Mystery|Sci-Fi|Thriller
288,34,4.0,975693063,Babe (1995),Children|Drama
288,47,3.5,1054568985,Seven (a.k.a. Se7en) (1995),Mystery|Thriller
288,110,5.0,975691339,Braveheart (1995),Action|Drama|War
288,150,3.0,976120962,Apollo 13 (1995),Adventure|Drama|IMAX
288,153,2.0,978466567,Batman Forever (1995),Action|Adventure|Comedy|Crime
288,231,3.0,978560031,Dumb & Dumber (Dumb and Dumber) (1994),Adventure|Comedy
288,260,5.0,976137780,Star Wars: Episode IV - A New Hope (1977),Action|Adventure|Sci-Fi
288,296,5.0,978647227,Pulp Fiction (1994),Comedy|Crime|Drama|Thriller
288,318,5.0,976120853,"Shawshank Redemption, The (1994)",Crime|Drama
288,344,3.0,978559935,Ace Ventura: Pet Detective (1994),Comedy
288,356,5.0,976139988,Forrest Gump (1994),Comedy|Drama|Romance|War
288,364,3.0,978469358,"Lion King, The (1994)",Adventure|Animation|Children|Drama|Musical|IMAX
288,367,2.0,978559595,"Mask, The (1994)",Action|Comedy|Crime|Fantasy
288,377,3.0,976139931,Speed (1994),Action|Romance|Thriller
288,380,3.0,976139964,True Lies (1994),Action|Adventure|Comedy|Romance|Thriller
288,457,3.0,985626825,"Fugitive, The (1993)",Thriller
288,480,2.0,975691429,Jurassic Park (1993),Action|Adventure|Sci-Fi|Thriller
288,500,3.0,978559881,Mrs. Doubtfire (1993),Comedy|Drama
288,527,5.0,976120853,Schindler's List (1993),Drama|War
288,541,4.0,975691813,Blade Runner (1982),Action|Sci-Fi|Thriller
288,588,4.0,978469358,Aladdin (1992),Adventure|Animation|Children|Comedy|Musical
288,589,4.0,976139234,Terminator 2: Judgment Day (1991),Action|Sci-Fi
288,590,5.0,978467753,Dances with Wolves (1990),Adventure|Drama|Western
288,592,3.0,976138271,Batman (1989),Action|Crime|Thriller
288,593,5.0,976120853,"Silence of the Lambs, The (1991)",Crime|Horror|Thriller
288,595,4.0,978469199,Beauty and the Beast (1991),Animation|Children|Fantasy|Musical|Romance|IMAX
288,597,3.0,976140083,Pretty Woman (1990),Comedy|Romance
288,608,4.0,976120867,Fargo (1996),Comedy|Crime|Drama|Thriller
288,648,1.0,975691508,Mission: Impossible (1996),Action|Adventure|Mystery|Thriller
288,780,1.0,974759525,Independence Day (a.k.a. ID4) (1996),Action|Adventure|Sci-Fi|Thriller
288,1036,3.0,976138177,Die Hard (1988),Action|Crime|Thriller
288,1136,5.0,976120146,Monty Python and the Holy Grail (1975),Adventure|Comedy|Fantasy
288,1193,5.0,979163450,One Flew Over the Cuckoo's Nest (1975),Drama
288,1196,4.5,1079984551,Star Wars: Episode V - The Empire Strikes Back (1980),Action|Adventure|Sci-Fi
288,1197,4.0,975692427,"Princess Bride, The (1987)",Action|Adventure|Comedy|Fantasy|Romance
288,1198,5.0,976138178,Raiders of the Lost Ark (Indiana Jones and the Raiders of the Lost Ark) (1981),Action|Adventure
288,1200,3.0,975691813,Aliens (1986),Action|Adventure|Horror|Sci-Fi
288,1210,4.5,1066059692,Star Wars: Episode VI - Return of the Jedi (1983),Action|Adventure|Sci-Fi
288,1213,4.0,976120925,Goodfellas (1990),Crime|Drama
288,1214,3.0,976137780,Alien (1979),Horror|Sci-Fi
288,1240,3.0,975691813,"Terminator, The (1984)",Action|Sci-Fi|Thriller
288,1265,4.5,1054568242,Groundhog Day (1993),Comedy|Fantasy|Romance
288,1270,5.0,975691813,Back to the Future (1985),Adventure|Comedy|Sci-Fi
288,1291,5.0,1052234887,Indiana Jones and the Last Crusade (1989),Action|Adventure
288,1580,4.0,975691479,Men in Black (a.k.a. MIB) (1997),Action|Comedy|Sci-Fi
288,1682,4.0,976121063,"Truman Show, The (1998)",Comedy|Drama|Sci-Fi
288,1704,3.5,1054569184,Good Will Hunting (1997),Drama|Romance
288,1721,3.0,976121266,Titanic (1997),Drama|Romance
288,2028,3.5,1054569131,Saving Private Ryan (1998),Action|Drama|War
288,2329,4.5,1103647817,American History X (1998),Crime|Drama
288,2571,3.0,975692000,"Matrix, The (1999)",Action|Sci-Fi|Thriller
288,2628,4.0,975692084,Star Wars: Episode I - The Phantom Menace (1999),Action|Adventure|Sci-Fi
288,2762,3.0,985626767,"Sixth Sense, The (1999)",Drama|Horror|Mystery
288,2959,3.5,1054569349,Fight Club (1999),Action|Crime|Drama|Thriller
288,3578,2.0,984416988,Gladiator (2000),Action|Adventure|Drama
288,3793,3.5,1054569529,X-Men (2000),Action|Adventure|Sci-Fi
288,4226,4.5,1054568289,Memento (2000),Mystery|Thriller
288,4306,4.0,1010510803,Shrek (2001),Adventure|Animation|Children|Comedy|Fantasy|Romance
288,4886,4.5,1198509989,"Monsters, Inc. (2001)",Adventure|Animation|Children|Comedy|Fantasy
288,4993,5.0,1034954746,"Lord of the Rings: The Fellowship of the Ring, The (2001)",Adventure|Fantasy
288,5952,3.5,1054568854,"Lord of the Rings: The Two Towers, The (2002)",Adventure|Fantasy
288,6377,3.5,1056387066,Finding Nemo (2003),Adventure|Animation|Children|Comedy
288,6539,4.0,1083091556,Pirates of the Caribbean: The Curse of the Black Pearl (2003),Action|Adventure|Comedy|Fantasy
288,6874,4.0,1091633972,Kill Bill: Vol. 1 (2003),Action|Crime|Thriller
288,7153,4.0,1073671327,"Lord of the Rings: The Return of the King, The (2003)",Action|Adventure|Drama|Fantasy
288,7361,4.5,1110812056,Eternal Sunshine of the Spotless Mind (2004),Drama|Romance|Sci-Fi
288,8961,4.0,1112209455,"Incredibles, The (2004)",Action|Adventure|Animation|Children|Comedy
288,58559,4.5,1231857010,"Dark Knight, The (2008)",Action|Crime|Drama|IMAX
292,1,4.0,1219625000,Toy Story (1995),Adventure|Animation|Children|Comedy|Fantasy
292,10,3.5,1219625069,GoldenEye (1995),Action|Adventure|Thriller
292,32,2.0,1019516667,Twelve Monkeys (a.k.a. 12 Monkeys) (1995),Mystery|Sci-Fi|Thriller
292,34,3.5,1219625047,Babe (1995),Children|Drama
292,110,2.5,1265679516,Braveheart (1995),Action|Drama|War
292,153,3.0,1265680404,Batman Forever (1995),Action|Adventure|Comedy|Crime
292,165,3.5,1219625030,Die Hard: With a Vengeance (1995),Action|Crime|Thriller
292,231,2.0,1219625064,Dumb & Dumber (Dumb and Dumber) (1994),Adventure|Comedy
292,260,4.0,1039914974,Star Wars: Episode IV - A New Hope (1977),Action|Adventure|Sci-Fi
292,296,3.0,990062598,Pulp Fiction (1994),Comedy|Crime|Drama|Thriller
292,318,5.0,990062572,"Shawshank Redemption, The (1994)",Crime|Drama
292,344,2.0,1219625010,Ace Ventura: Pet Detective (1994),Comedy
292,356,4.5,1219624965,Forrest Gump (1994),Comedy|Drama|Romance|War
292,364,4.5,1219625213,"Lion King, The (1994)",Adventure|Animation|Children|Drama|Musical|IMAX
292,367,2.5,1219625101,"Mask, The (1994)",Action|Comedy|Crime|Fantasy
292,377,3.5,1265680380,Speed (1994),Action|Romance|Thriller
292,380,4.0,990062537,True Lies (1994),Action|Adventure|Comedy|Romance|Thriller
292,457,4.0,990062464,"Fugitive, The (1993)",Thriller
292,480,4.0,973817117,Jurassic Park (1993),Action|Adventure|Sci-Fi|Thriller
292,500,4.0,1265680410,Mrs. Doubtfire (1993),Comedy|Drama
292,541,3.5,1219625188,Blade Runner (1982),Action|Sci-Fi|Thriller
292,588,4.0,1265680373,Aladdin (1992),Adventure|Animation|Children|Comedy|Musical
292,589,4.0,973817064,Terminator 2: Judgment Day (1991),Action|Sci-Fi
292,590,3.0,1265680359,Dances with Wolves (1990),Adventure|Drama|Western
292,592,3.5,1265680327,Batman (1989),Action|Crime|Thriller
292,593,3.0,1293562311,"Silence of the Lambs, The (1991)",Crime|Horror|Thriller
292,595,4.5,1265680396,Beauty and the Beast (1991),Animation|Children|Fantasy|Musical|Romance|IMAX
292,597,3.5,1265680418,Pretty Woman (1990),Comedy|Romance
292,608,2.0,973817064,Fargo (1996),Comedy|Crime|Drama|Thriller
292,780,4.5,1265680352,Independence Day (a.k.a. ID4) (1996),Action|Adventure|Sci-Fi|Thriller
292,858,4.0,1015375085,"Godfather, The (1972)",Crime|Drama
292,1036,4.0,990062271,Die Hard (1988),Action|Crime|Thriller
292,1136,4.0,1219625093,Monty Python and the Holy Grail (1975),Adventure|Comedy|Fantasy
292,1193,2.5,1265680094,One Flew Over the Cuckoo's Nest (1975),Drama
292,1196,4.0,1039914974,Star Wars: Episode V - The Empire Strikes Back (1980),Action|Adventure|Sci-Fi
292,1198,4.0,1219625017,Raiders of the Lost Ark (Indiana Jones and the Raiders of the Lost Ark) (1981),Action|Adventure
292,1210,4.0,1039914974,Star Wars: Episode VI - Return of the Jedi (1983),Action|Adventure|Sci-Fi
292,1214,3.0,1265680466,Alien (1979),Horror|Sci-Fi
292,1221,4.0,1015375085,"Godfather: Part II, The (1974)",Crime|Drama
292,1240,4.0,1245511344,"Terminator, The (1984)",Action|Sci-Fi|Thriller
292,1270,4.0,1265680385,Back to the Future (1985),Adventure|Comedy|Sci-Fi
292,1291,4.5,1265680458,Indiana Jones and the Last Crusade (1989),Action|Adventure
292,1580,4.0,973817166,Men in Black (a.k.a. MIB) (1997),Action|Comedy|Sci-Fi
292,1721,4.0,1265680427,Titanic (1997),Drama|Romance
292,2028,4.0,973817006,Saving Private Ryan (1998),Action|Drama|War
292,2571,4.0,990062164,"Matrix, The (1999)",Action|Sci-Fi|Thriller
292,2628,4.0,1039914974,Star Wars: Episode I - The Phantom Menace (1999),Action|Adventure|Sci-Fi
292,2762,4.0,1015374538,"Sixth Sense, The (1999)",Drama|Horror|Mystery
292,2959,2.0,1265680431,Fight Club (1999),Action|Crime|Drama|Thriller
292,3578,3.0,1015374873,Gladiator (2000),Action|Adventure|Drama
292,3793,3.0,1015374698,X-Men (2000),Action|Adventure|Sci-Fi
292,4306,4.0,1262376466,Shrek (2001),Adventure|Animation|Children|Comedy|Fantasy|Romance
292,4886,4.0,1039915051,"Monsters, Inc. (2001)",Adventure|Animation|Children|Comedy|Fantasy
292,4993,3.5,1293562353,"Lord of the Rings: The Fellowship of the Ring, The (2001)",Adventure|Fantasy
292,5952,3.5,1293562362,"Lord of the Rings: The Two Towers, The (2002)",Adventure|Fantasy
292,6377,3.5,1262376394,Finding Nemo (2003),Adventure|Animation|Children|Comedy
292,6539,4.0,1219624973,Pirates of the Caribbean: The Curse of the Black Pearl (2003),Action|Adventure|Comedy|Fantasy
292,7153,3.5,1293562364,"Lord of the Rings: The Return of the King, The (2003)",Action|Adventure|Drama|Fantasy
292,8961,3.5,1306584253,"Incredibles, The (2004)",Action|Adventure|Animation|Children|Comedy
292,58559,4.0,1265680017,"Dark Knight, The (2008)",Action|Crime|Drama|IMAX
292,79132,3.0,1300059704,Inception (2010),Action|Crime|Drama|Mystery|Sci-Fi|Thriller|IMAX
294,10,3.0,966634030,GoldenEye (1995),Action|Adventure|Thriller
294,47,2.0,966597476,Seven (a.k.a. Se7en) (1995),Mystery|Thriller
294,50,3.0,966597387,"Usual Suspects, The (1995)",Crime|Mystery|Thriller
294,153,3.0,966596725,Batman Forever (1995),Action|Adventure|Comedy|Crime
294,260,5.0,966633760,Star Wars: Episode IV - A New Hope (1977),Action|Adventure|Sci-Fi
294,293,3.0,966597447,Léon: The Professional (a.k.a. The Professional) (Léon) (1994),Action|Crime|Drama|Thriller
294,296,4.0,966597447,Pulp Fiction (1994),Comedy|Crime|Drama|Thriller
294,316,3.0,966634162,Stargate (1994),Action|Adventure|Sci-Fi
294,356,5.0,966595748,Forrest Gump (1994),Comedy|Drama|Romance|War
294,367,4.0,966595886,"Mask, The (1994)",Action|Comedy|Crime|Fantasy
294,500,3.0,966594786,Mrs. Doubtfire (1993),Comedy|Drama
294,588,3.0,966595748,Aladdin (1992),Adventure|Animation|Children|Comedy|Musical
294,590,3.0,966633851,Dances with Wolves (1990),Adventure|Drama|Western
294,592,3.0,966597566,Batman (1989),Action|Crime|Thriller
294,597,1.0,966596492,Pretty Woman (1990),Comedy|Romance
294,608,4.0,966597387,Fargo (1996),Comedy|Crime|Drama|Thriller
294,858,5.0,966597387,"Godfather, The (1972)",Crime|Drama
294,1089,3.0,966597476,Reservoir Dogs (1992),Crime|Mystery|Thriller
294,1196,4.0,966594589,Star Wars: Episode V - The Empire Strikes Back (1980),Action|Adventure|Sci-Fi
294,1197,4.0,966633792,"Princess Bride, The (1987)",Action|Adventure|Comedy|Fantasy|Romance
294,1198,4.0,966633760,Raiders of the Lost Ark (Indiana Jones and the Raiders of the Lost Ark) (1981),Action|Adventure
294,1210,4.0,966633825,Star Wars: Episode VI - Return of the Jedi (1983),Action|Adventure|Sci-Fi
294,1221,4.0,966597387,"Godfather: Part II, The (1974)",Crime|Drama
294,1270,3.0,966595028,Back to the Future (1985),Adventure|Comedy|Sci-Fi
294,1291,3.0,966633825,Indiana Jones and the Last Crusade (1989),Action|Adventure
294,1580,4.0,966595245,Men in Black (a.k.a. MIB) (1997),Action|Comedy|Sci-Fi
294,2628,4.0,966634030,Star Wars: Episode I - The Phantom Menace (1999),Action|Adventure|Sci-Fi
294,2858,3.0,966594928,American Beauty (1999),Drama|Romance
298,1,2.0,1447518257,Toy Story (1995),Adventure|Animation|Children|Comedy|Fantasy
298,32,4.0,1450369288,Twelve Monkeys (a.k.a. 12 Monkeys) (1995),Mystery|Sci-Fi|Thriller
298,47,4.0,1447518037,Seven (a.k.a. Se7en) (1995),Mystery|Thriller
298,50,3.5,1447516828,"Usual Suspects, The (1995)",Crime|Mystery|Thriller
298,110,3.0,1447518054,Braveheart (1995),Action|Drama|War
298,153,2.0,1453033369,Batman Forever (1995),Action|Adventure|Comedy|Crime
298,165,3.0,1447597832,Die Hard: With a Vengeance (1995),Action|Crime|Thriller
298,231,2.5,1447584441,Dumb & Dumber (Dumb and Dumber) (1994),Adventure|Comedy
298,260,4.0,1447516841,Star Wars: Episode IV - A New Hope (1977),Action|Adventure|Sci-Fi
298,293,3.5,1447597770,Léon: The Professional (a.k.a. The Professional) (Léon) (1994),Action|Crime|Drama|Thriller
298,296,4.5,1447584408,Pulp Fiction (1994),Comedy|Crime|Drama|Thriller
298,318,3.5,1447516816,"Shawshank Redemption, The (1994)",Crime|Drama
298,344,3.0,1449756170,Ace Ventura: Pet Detective (1994),Comedy
298,356,3.0,1449757614,Forrest Gump (1994),Comedy|Drama|Romance|War
298,367,2.5,1450441628,"Mask, The (1994)",Action|Comedy|Crime|Fantasy
298,480,4.0,1447584809,Jurassic Park (1993),Action|Adventure|Sci-Fi|Thriller
298,541,4.5,1447584754,Blade Runner (1982),Action|Sci-Fi|Thriller
298,589,4.0,1447584415,Terminator 2: Judgment Day (1991),Action|Sci-Fi
298,592,3.5,1450360483,Batman (1989),Action|Crime|Thriller
298,608,3.0,1447597789,Fargo (1996),Comedy|Crime|Drama|Thriller
298,780,2.5,1453033072,Independence Day (a.k.a. ID4) (1996),Action|Adventure|Sci-Fi|Thriller
298,858,5.0,1447516830,"Godfather, The (1972)",Crime|Drama
298,1036,3.0,1447584411,Die Hard (1988),Action|Crime|Thriller
298,1089,4.0,1447584413,Reservoir Dogs (1992),Crime|Mystery|Thriller
298,1136,2.5,1447584423,Monty Python and the Holy Grail (1975),Adventure|Comedy|Fantasy
298,1193,4.0,1447597795,One Flew Over the Cuckoo's Nest (1975),Drama
298,1196,4.0,1447516843,Star Wars: Episode V - The Empire Strikes Back (1980),Action|Adventure|Sci-Fi
298,1197,3.0,1447584558,"Princess Bride, The (1987)",Action|Adventure|Comedy|Fantasy|Romance
298,1198,4.5,1450441571,Raiders of the Lost Ark (Indiana Jones and the Raiders of the Lost Ark) (1981),Action|Adventure
298,1200,4.0,1447584725,Aliens (1986),Action|Adventure|Horror|Sci-Fi
298,1210,4.5,1447585006,Star Wars: Episode VI - Return of the Jedi (1983),Action|Adventure|Sci-Fi
298,1213,4.0,1450452225,Goodfellas (1990),Crime|Drama
298,1214,4.0,1447584732,Alien (1979),Horror|Sci-Fi
298,1221,3.5,1450452223,"Godfather: Part II, The (1974)",Crime|Drama
298,1240,4.0,1447584728,"Terminator, The (1984)",Action|Sci-Fi|Thriller
298,1265,3.5,1447584613,Groundhog Day (1993),Comedy|Fantasy|Romance
298,1270,3.5,1447584491,Back to the Future (1985),Adventure|Comedy|Sci-Fi
298,1291,4.0,1450452227,Indiana Jones and the Last Crusade (1989),Action|Adventure
298,1580,3.0,1450441401,Men in Black (a.k.a. MIB) (1997),Action|Comedy|Sci-Fi
298,2571,4.0,1447516845,"Matrix, The (1999)",Action|Sci-Fi|Thriller
298,2628,3.0,1453032817,Star Wars: Episode I - The Phantom Menace (1999),Action|Adventure|Sci-Fi
298,2858,4.0,1452692171,American Beauty (1999),Drama|Romance
298,2959,5.0,1447516832,Fight Club (1999),Action|Crime|Drama|Thriller
298,3578,3.5,1447598079,Gladiator (2000),Action|Adventure|Drama
298,3793,2.5,1447584925,X-Men (2000),Action|Adventure|Sci-Fi
298,4226,3.0,1447598089,Memento (2000),Mystery|Thriller
298,4306,2.0,1447598085,Shrek (2001),Adventure|Animation|Children|Comedy|Fantasy|Romance
298,4886,3.0,1447598096,"Monsters, Inc. (2001)",Adventure|Animation|Children|Comedy|Fantasy
298,4993,4.0,1447598081,"Lord of the Rings: The Fellowship of the Ring, The (2001)",Adventure|Fantasy
298,5952,4.0,1447518010,"Lord of the Rings: The Two Towers, The (2002)",Adventure|Fantasy
298,6377,2.5,1447559015,Finding Nemo (2003),Adventure|Animation|Children|Comedy
298,6539,2.5,1447560174,Pirates of the Caribbean: The Curse of the Black Pearl (2003),Action|Adventure|Comedy|Fantasy
298,6874,4.0,1447518291,Kill Bill: Vol. 1 (2003),Action|Crime|Thriller
298,7153,4.0,1447517999,"Lord of the Rings: The Return of the King, The (2003)",Action|Adventure|Drama|Fantasy
298,7361,2.5,1447518020,Eternal Sunshine of the Spotless Mind (2004),Drama|Romance|Sci-Fi
298,8961,2.0,1447518268,"Incredibles, The (2004)",Action|Adventure|Animation|Children|Comedy
298,58559,3.5,1447516837,"Dark Knight, The (2008)",Action|Crime|Drama|IMAX
298,79132,3.5,1447517993,Inception (2010),Action|Crime|Drama|Mystery|Sci-Fi|Thriller|IMAX
305,32,5.0,1460222250,Twelve Monkeys (a.k.a. 12 Monkeys) (1995),Mystery|Sci-Fi|Thriller
305,34,3.0,1460136295,Babe (1995),Children|Drama
305,47,4.0,1460135569,Seven (a.k.a. Se7en) (1995),Mystery|Thriller
305,50,5.0,1460134079,"Usual Suspects, The (1995)",Crime|Mystery|Thriller
305,231,1.0,1460563682,Dumb & Dumber (Dumb and Dumber) (1994),Adventure|Comedy
305,260,5.0,1460134084,Star Wars: Episode IV - A New Hope (1977),Action|Adventure|Sci-Fi
305,293,3.5,1460135877,Léon: The Professional (a.k.a. The Professional) (Léon) (1994),Action|Crime|Drama|Thriller
305,296,5.0,1460135173,Pulp Fiction (1994),Comedy|Crime|Drama|Thriller
305,316,3.0,1518197885,Stargate (1994),Action|Adventure|Sci-Fi
305,318,5.0,1460134079,"Shawshank Redemption, The (1994)",Crime|Drama
305,356,4.5,1460135336,Forrest Gump (1994),Comedy|Drama|Romance|War
305,377,4.0,1460136526,Speed (1994),Action|Romance|Thriller
305,380,3.0,1460136302,True Lies (1994),Action|Adventure|Comedy|Romance|Thriller
305,457,4.0,1491255664,"Fugitive, The (1993)",Thriller
305,480,2.0,1490211400,Jurassic Park (1993),Action|Adventure|Sci-Fi|Thriller
305,500,3.0,1460136206,Mrs. Doubtfire (1993),Comedy|Drama
305,527,5.0,1460135174,Schindler's List (1993),Drama|War
305,541,4.0,1460135378,Blade Runner (1982),Action|Sci-Fi|Thriller
305,589,5.0,1460135760,Terminator 2: Judgment Day (1991),Action|Sci-Fi
305,590,4.5,1511718975,Dances with Wolves (1990),Adventure|Drama|Western
305,592,2.5,1491242731,Batman (1989),Action|Crime|Thriller
305,593,5.0,1460135280,"Silence of the Lambs, The (1991)",Crime|Horror|Thriller
305,608,3.5,1460964093,Fargo (1996),Comedy|Crime|Drama|Thriller
305,648,4.0,1518197850,Mission: Impossible (1996),Action|Adventure|Mystery|Thriller
305,780,4.5,1460136292,Independence Day (a.k.a. ID4) (1996),Action|Adventure|Sci-Fi|Thriller
305,858,5.0,1460134082,"Godfather, The (1972)",Crime|Drama
305,1036,4.0,1460135744,Die Hard (1988),Action|Crime|Thriller
305,1089,5.0,1460135345,Reservoir Dogs (1992),Crime|Mystery|Thriller
305,1136,2.5,1463437043,Monty Python and the Holy Grail (1975),Adventure|Comedy|Fantasy
305,1193,5.0,1460135175,One Flew Over the Cuckoo's Nest (1975),Drama
305,1196,5.0,1460134091,Star Wars: Episode V - The Empire Strikes Back (1980),Action|Adventure|Sci-Fi
305,1197,4.5,1519551423,"Princess Bride, The (1987)",Action|Adventure|Comedy|Fantasy|Romance
305,1198,3.0,1461856896,Raiders of the Lost Ark (Indiana Jones and the Raiders of the Lost Ark) (1981),Action|Adventure
305,1200,3.5,1462474119,Aliens (1986),Action|Adventure|Horror|Sci-Fi
305,1210,5.0,1460135354,Star Wars: Episode VI - Return of the Jedi (1983),Action|Adventure|Sci-Fi
305,1213,5.0,1460135270,Goodfellas (1990),Crime|Drama
305,1214,4.0,1463335665,Alien (1979),Horror|Sci-Fi
305,1221,5.0,1460135167,"Godfather: Part II, The (1974)",Crime|Drama
305,1240,3.5,1460135792,"Terminator, The (1984)",Action|Sci-Fi|Thriller
305,1270,5.0,1460135786,Back to the Future (1985),Adventure|Comedy|Sci-Fi
305,1682,4.0,1460135927,"Truman Show, The (1998)",Comedy|Drama|Sci-Fi
305,1704,4.0,1460135609,Good Will Hunting (1997),Drama|Romance
305,1721,3.5,1460365965,Titanic (1997),Drama|Romance
305,2028,4.0,1460135344,Saving Private Ryan (1998),Action|Drama|War
305,2329,5.0,1460135547,American History X (1998),Crime|Drama
305,2571,5.0,1460135333,"Matrix, The (1999)",Action|Sci-Fi|Thriller
305,2628,2.0,1511718989,Star Wars: Episode I - The Phantom Menace (1999),Action|Adventure|Sci-Fi
305,2762,4.0,1460135654,"Sixth Sense, The (1999)",Drama|Horror|Mystery
305,2858,5.0,1460135380,American Beauty (1999),Drama|Romance
305,2959,4.5,1460135144,Fight Club (1999),Action|Crime|Drama|Thriller
305,3578,5.0,1460135663,Gladiator (2000),Action|Adventure|Drama
305,4226,3.5,1460135170,Memento (2000),Mystery|Thriller
305,4993,5.0,1460135293,"Lord of the Rings: The Fellowship of the Ring, The (2001)",Adventure|Fantasy
305,5952,5.0,1460135301,"Lord of the Rings: The Two Towers, The (2002)",Adventure|Fantasy
305,6377,5.0,1460135607,Finding Nemo (2003),Adventure|Animation|Children|Comedy
305,6874,5.0,1460226423,Kill Bill: Vol. 1 (2003),Action|Crime|Thriller
305,7153,5.0,1460135291,"Lord of the Rings: The Return of the King, The (2003)",Action|Adventure|Drama|Fantasy
305,8961,3.0,1534613240,"Incredibles, The (2004)",Action|Adventure|Animation|Children|Comedy
305,58559,5.0,1460134085,"Dark Knight, The (2008)",Action|Crime|Drama|IMAX
305,79132,5.0,1460135375,Inception (2010),Action|Crime|Drama|Mystery|Sci-Fi|Thriller|IMAX
307,1,4.0,1186160893,Toy Story (1995),Adventure|Animation|Children|Comedy|Fantasy
307,10,2.5,1186161010,GoldenEye (1995),Action|Adventure|Thriller
307,32,3.5,1186160917,Twelve Monkeys (a.k.a. 12 Monkeys) (1995),Mystery|Sci-Fi|Thriller
307,47,4.0,1186160966,Seven (a.k.a. Se7en) (1995),Mystery|Thriller
307,50,4.5,1186160949,"Usual Suspects, The (1995)",Crime|Mystery|Thriller
307,110,3.5,1186087165,Braveheart (1995),Action|Drama|War
307,150,2.0,1186411488,Apollo 13 (1995),Adventure|Drama|IMAX
307,153,2.0,1186411478,Batman Forever (1995),Action|Adventure|Comedy|Crime
307,165,2.5,1186160959,Die Hard: With a Vengeance (1995),Action|Crime|Thriller
307,231,2.5,1186160994,Dumb & Dumber (Dumb and Dumber) (1994),Adventure|Comedy
307,260,3.5,1186160883,Star Wars: Episode IV - A New Hope (1977),Action|Adventure|Sci-Fi
307,296,4.5,1186088034,Pulp Fiction (1994),Comedy|Crime|Drama|Thriller
307,318,4.5,1186088053,"Shawshank Redemption, The (1994)",Crime|Drama
307,344,4.0,1186084464,Ace Ventura: Pet Detective (1994),Comedy
307,356,4.0,1186088040,Forrest Gump (1994),Comedy|Drama|Romance|War
307,364,3.0,1186160981,"Lion King, The (1994)",Adventure|Animation|Children|Drama|Musical|IMAX
307,367,1.5,1186160996,"Mask, The (1994)",Action|Comedy|Crime|Fantasy
307,377,1.0,1186160946,Speed (1994),Action|Romance|Thriller
307,457,3.0,1186160880,"Fugitive, The (1993)",Thriller
307,480,3.5,1187383664,Jurassic Park (1993),Action|Adventure|Sci-Fi|Thriller
307,500,2.0,1186160992,Mrs. Doubtfire (1993),Comedy|Drama
307,527,4.5,1186160910,Schindler's List (1993),Drama|War
307,541,3.5,1189455304,Blade Runner (1982),Action|Sci-Fi|Thriller
307,588,4.0,1186084593,Aladdin (1992),Adventure|Animation|Children|Comedy|Musical
307,589,2.5,1186160891,Terminator 2: Judgment Day (1991),Action|Sci-Fi
307,590,3.0,1186160889,Dances with Wolves (1990),Adventure|Drama|Western
307,592,4.0,1186085959,Batman (1989),Action|Crime|Thriller
307,593,4.5,1186088046,"Silence of the Lambs, The (1991)",Crime|Horror|Thriller
307,595,3.0,1186086099,Beauty and the Beast (1991),Animation|Children|Fantasy|Musical|Romance|IMAX
307,597,3.0,1186160989,Pretty Woman (1990),Comedy|Romance
307,608,3.0,1186160944,Fargo (1996),Comedy|Crime|Drama|Thriller
307,648,2.0,1186160954,Mission: Impossible (1996),Action|Adventure|Mystery|Thriller
307,780,2.0,1186411440,Independence Day (a.k.a. ID4) (1996),Action|Adventure|Sci-Fi|Thriller
307,858,4.5,1186160985,"Godfather, The (1972)",Crime|Drama
307,1036,3.0,1189456334,Die Hard (1988),Action|Crime|Thriller
307,1089,4.0,1186161465,Reservoir Dogs (1992),Crime|Mystery|Thriller
307,1136,3.5,1186161067,Monty Python and the Holy Grail (1975),Adventure|Comedy|Fantasy
307,1193,3.5,1186161061,One Flew Over the Cuckoo's Nest (1975),Drama
307,1196,3.0,1186411459,Star Wars: Episode V - The Empire Strikes Back (1980),Action|Adventure|Sci-Fi
307,1197,3.5,1186161029,"Princess Bride, The (1987)",Action|Adventure|Comedy|Fantasy|Romance
307,1198,4.0,1226946657,Raiders of the Lost Ark (Indiana Jones and the Raiders of the Lost Ark) (1981),Action|Adventure
307,1210,3.0,1186411468,Star Wars: Episode VI - Return of the Jedi (1983),Action|Adventure|Sci-Fi
307,1213,4.0,1186161459,Goodfellas (1990),Crime|Drama
307,1214,2.0,1227538416,Alien (1979),Horror|Sci-Fi
307,1221,4.5,1186161428,"Godfather: Part II, The (1974)",Crime|Drama
307,1240,2.5,1186161032,"Terminator, The (1984)",Action|Sci-Fi|Thriller
307,1265,3.0,1186161049,Groundhog Day (1993),Comedy|Fantasy|Romance
307,1270,4.0,1186085735,Back to the Future (1985),Adventure|Comedy|Sci-Fi
307,1291,3.5,1186161065,Indiana Jones and the Last Crusade (1989),Action|Adventure
307,1580,2.0,1186161017,Men in Black (a.k.a. MIB) (1997),Action|Comedy|Sci-Fi
307,1682,4.0,1186161568,"Truman Show, The (1998)",Comedy|Drama|Sci-Fi
307,1704,3.0,1186161433,Good Will Hunting (1997),Drama|Romance
307,1721,2.0,1186161016,Titanic (1997),Drama|Romance
307,2329,5.0,1186084864,American History X (1998),Crime|Drama
307,2571,3.5,1189455492,"Matrix, The (1999)",Action|Sci-Fi|Thriller
307,2628,4.0,1227538389,Star Wars: Episode I - The Phantom Menace (1999),Action|Adventure|Sci-Fi
307,2762,2.5,1186161005,"Sixth Sense, The (1999)",Drama|Horror|Mystery
307,2858,4.0,1186084840,American Beauty (1999),Drama|Romance
307,2959,4.0,1186161397,Fight Club (1999),Action|Crime|Drama|Thriller
307,3578,3.5,1186161400,Gladiator (2000),Action|Adventure|Drama
307,3793,3.5,1242822587,X-Men (2000),Action|Adventure|Sci-Fi
307,4226,4.0,1211305247,Memento (2000),Mystery|Thriller
307,4306,2.5,1186161417,Shrek (2001),Adventure|Animation|Children|Comedy|Fantasy|Romance
307,4886,3.0,1186161623,"Monsters, Inc. (2001)",Adventure|Animation|Children|Comedy|Fantasy
307,4993,3.0,1186161407,"Lord of the Rings: The Fellowship of the Ring, The (2001)",Adventure|Fantasy
307,5952,3.0,1186161442,"Lord of the Rings: The Two Towers, The (2002)",Adventure|Fantasy
307,6377,3.0,1186161783,Finding Nemo (2003),Adventure|Animation|Children|Comedy
307,6539,3.0,1186161691,Pirates of the Caribbean: The Curse of the Black Pearl (2003),Action|Adventure|Comedy|Fantasy
307,6874,3.5,1186161944,Kill Bill: Vol. 1 (2003),Action|Crime|Thriller
307,7153,3.0,1186174295,"Lord of the Rings: The Return of the King, The (2003)",Action|Adventure|Drama|Fantasy
307,7361,5.0,1186162117,Eternal Sunshine of the Spotless Mind (2004),Drama|Romance|Sci-Fi
307,8961,3.0,1186162113,"Incredibles, The (2004)",Action|Adventure|Animation|Children|Comedy
307,58559,4.5,1218117699,"Dark Knight, The (2008)",Action|Crime|Drama|IMAX
313,10,4.0,1030556439,GoldenEye (1995),Action|Adventure|Thriller
313,32,4.0,1030475177,Twelve Monkeys (a.k.a. 12 Monkeys) (1995),Mystery|Sci-Fi|Thriller
313,47,5.0,1030476272,Seven (a.k.a. Se7en) (1995),Mystery|Thriller
313,50,5.0,1030476169,"Usual Suspects, The (1995)",Crime|Mystery|Thriller
313,165,3.0,1030556549,Die Hard: With a Vengeance (1995),Action|Crime|Thriller
313,260,3.0,1030474666,Star Wars: Episode IV - A New Hope (1977),Action|Adventure|Sci-Fi
313,293,4.0,1030555572,Léon: The Professional (a.k.a. The Professional) (Léon) (1994),Action|Crime|Drama|Thriller
313,296,5.0,1030476374,Pulp Fiction (1994),Comedy|Crime|Drama|Thriller
313,316,4.0,1030474889,Stargate (1994),Action|Adventure|Sci-Fi
313,318,3.0,1030557159,"Shawshank Redemption, The (1994)",Crime|Drama
313,367,2.0,1030558015,"Mask, The (1994)",Action|Comedy|Crime|Fantasy
313,377,2.0,1030476323,Speed (1994),Action|Romance|Thriller
313,380,5.0,1030556462,True Lies (1994),Action|Adventure|Comedy|Romance|Thriller
313,457,2.0,1030557078,"Fugitive, The (1993)",Thriller
313,480,3.0,1030474778,Jurassic Park (1993),Action|Adventure|Sci-Fi|Thriller
313,541,5.0,1030474666,Blade Runner (1982),Action|Sci-Fi|Thriller
313,589,5.0,1030474705,Terminator 2: Judgment Day (1991),Action|Sci-Fi
313,592,5.0,1030476552,Batman (1989),Action|Crime|Thriller
313,593,5.0,1030474503,"Silence of the Lambs, The (1991)",Crime|Horror|Thriller
313,608,4.0,1030476180,Fargo (1996),Comedy|Crime|Drama|Thriller
313,648,1.0,1030556440,Mission: Impossible (1996),Action|Adventure|Mystery|Thriller
313,780,3.0,1030474952,Independence Day (a.k.a. ID4) (1996),Action|Adventure|Sci-Fi|Thriller
313,858,5.0,1030476347,"Godfather, The (1972)",Crime|Drama
313,1036,4.0,1030476228,Die Hard (1988),Action|Crime|Thriller
313,1089,5.0,1030476169,Reservoir Dogs (1992),Crime|Mystery|Thriller
313,1136,2.0,1030557292,Monty Python and the Holy Grail (1975),Adventure|Comedy|Fantasy
313,1196,4.0,1030474666,Star Wars: Episode V - The Empire Strikes Back (1980),Action|Adventure|Sci-Fi
313,1197,3.0,1030474547,"Princess Bride, The (1987)",Action|Adventure|Comedy|Fantasy|Romance
313,1198,5.0,1030474598,Raiders of the Lost Ark (Indiana Jones and the Raiders of the Lost Ark) (1981),Action|Adventure
313,1200,5.0,1030474684,Aliens (1986),Action|Adventure|Horror|Sci-Fi
313,1210,3.0,1030474577,Star Wars: Episode VI - Return of the Jedi (1983),Action|Adventure|Sci-Fi
313,1213,5.0,1030476374,Goodfellas (1990),Crime|Drama
313,1214,4.0,1030474666,Alien (1979),Horror|Sci-Fi
313,1221,4.0,1030474533,"Godfather: Part II, The (1974)",Crime|Drama
313,1240,5.0,1030474666,"Terminator, The (1984)",Action|Sci-Fi|Thriller
313,1265,4.0,1030555541,Groundhog Day (1993),Comedy|Fantasy|Romance
313,1270,2.0,1030474684,Back to the Future (1985),Adventure|Comedy|Sci-Fi
313,1291,4.0,1030476460,Indiana Jones and the Last Crusade (1989),Action|Adventure
313,1580,4.0,1030474810,Men in Black (a.k.a. MIB) (1997),Action|Comedy|Sci-Fi
313,2028,5.0,1030556154,Saving Private Ryan (1998),Action|Drama|War
313,2571,5.0,1030474684,"Matrix, The (1999)",Action|Sci-Fi|Thriller
313,2628,2.0,1030475266,Star Wars: Episode I - The Phantom Menace (1999),Action|Adventure|Sci-Fi
313,2762,4.0,1030476180,"Sixth Sense, The (1999)",Drama|Horror|Mystery
313,2858,4.0,1030557320,American Beauty (1999),Drama|Romance
313,2959,5.0,1030557189,Fight Club (1999),Action|Crime|Drama|Thriller
313,3578,5.0,1030556236,Gladiator (2000),Action|Adventure|Drama
313,3793,3.0,1030474778,X-Men (2000),Action|Adventure|Sci-Fi
313,4226,4.0,1030556047,Memento (2000),Mystery|Thriller
313,4993,5.0,1030475342,"Lord of the Rings: The Fellowship of the Ring, The (2001)",Adventure|Fantasy
318,32,4.5,1263848497,Twelve Monkeys (a.k.a. 12 Monkeys) (1995),Mystery|Sci-Fi|Thriller
318,47,4.0,1433139531,Seven (a.k.a. Se7en) (1995),Mystery|Thriller
318,153,3.0,1275475349,Batman Forever (1995),Action|Adventure|Comedy|Crime
318,165,3.5,1256504427,Die Hard: With a Vengeance (1995),Action|Crime|Thriller
318,260,3.0,1237233430,Star Wars: Episode IV - A New Hope (1977),Action|Adventure|Sci-Fi
318,293,3.5,1312876259,Léon: The Professional (a.k.a. The Professional) (Léon) (1994),Action|Crime|Drama|Thriller
318,296,4.5,1267471863,Pulp Fiction (1994),Comedy|Crime|Drama|Thriller
318,318,4.0,1443879880,"Shawshank Redemption, The (1994)",Crime|Drama
318,344,3.5,1261340659,Ace Ventura: Pet Detective (1994),Comedy
318,356,4.5,1233958466,Forrest Gump (1994),Comedy|Drama|Romance|War
318,364,4.5,1272912559,"Lion King, The (1994)",Adventure|Animation|Children|Drama|Musical|IMAX
318,377,3.5,1270751787,Speed (1994),Action|Romance|Thriller
318,480,4.0,1237233405,Jurassic Park (1993),Action|Adventure|Sci-Fi|Thriller
318,500,3.5,1270751771,Mrs. Doubtfire (1993),Comedy|Drama
318,527,4.0,1254132935,Schindler's List (1993),Drama|War
318,541,3.5,1413655710,Blade Runner (1982),Action|Sci-Fi|Thriller
318,590,3.5,1291398287,Dances with Wolves (1990),Adventure|Drama|Western
318,593,4.0,1266783425,"Silence of the Lambs, The (1991)",Crime|Horror|Thriller
318,595,3.5,1237233396,Beauty and the Beast (1991),Animation|Children|Fantasy|Musical|Romance|IMAX
318,608,4.0,1414694177,Fargo (1996),Comedy|Crime|Drama|Thriller
318,648,3.0,1282588674,Mission: Impossible (1996),Action|Adventure|Mystery|Thriller
318,780,4.0,1238514366,Independence Day (a.k.a. ID4) (1996),Action|Adventure|Sci-Fi|Thriller
318,1036,4.0,1261342311,Die Hard (1988),Action|Crime|Thriller
318,1089,4.0,1424546872,Reservoir Dogs (1992),Crime|Mystery|Thriller
318,1136,3.5,1262804347,Monty Python and the Holy Grail (1975),Adventure|Comedy|Fantasy
318,1193,4.0,1424546885,One Flew Over the Cuckoo's Nest (1975),Drama
318,1196,3.0,1254132819,Star Wars: Episode V - The Empire Strikes Back (1980),Action|Adventure|Sci-Fi
318,1210,4.0,1238514353,Star Wars: Episode VI - Return of the Jedi (1983),Action|Adventure|Sci-Fi
318,1265,4.0,1312876495,Groundhog Day (1993),Comedy|Fantasy|Romance
318,1270,2.5,1270752519,Back to the Future (1985),Adventure|Comedy|Sci-Fi
318,1580,4.0,1254132836,Men in Black (a.k.a. MIB) (1997),Action|Comedy|Sci-Fi
318,1682,4.5,1286611927,"Truman Show, The (1998)",Comedy|Drama|Sci-Fi
318,2028,3.5,1312876309,Saving Private Ryan (1998),Action|Drama|War
318,2571,3.5,1235479423,"Matrix, The (1999)",Action|Sci-Fi|Thriller
318,2628,3.0,1237233292,Star Wars: Episode I - The Phantom Menace (1999),Action|Adventure|Sci-Fi
318,2858,3.5,1254132829,American Beauty (1999),Drama|Romance
318,4226,4.0,1347180239,Memento (2000),Mystery|Thriller
318,4306,3.5,1256504262,Shrek (2001),Adventure|Animation|Children|Comedy|Fantasy|Romance
318,4886,3.5,1254132894,"Monsters, Inc. (2001)",Adventure|Animation|Children|Comedy|Fantasy
318,4993,4.0,1278433613,"Lord of the Rings: The Fellowship of the Ring, The (2001)",Adventure|Fantasy
318,5952,3.5,1278433377,"Lord of the Rings: The Two Towers, The (2002)",Adventure|Fantasy
318,6539,3.5,1237233388,Pirates of the Caribbean: The Curse of the Black Pearl (2003),Action|Adventure|Comedy|Fantasy
318,6874,3.0,1261342621,Kill Bill: Vol. 1 (2003),Action|Crime|Thriller
318,7153,3.5,1292695608,"Lord of the Rings: The Return of the King, The (2003)",Action|Adventure|Drama|Fantasy
318,7361,4.5,1272912522,Eternal Sunshine of the Spotless Mind (2004),Drama|Romance|Sci-Fi
318,58559,4.0,1347180308,"Dark Knight, The (2008)",Action|Crime|Drama|IMAX
318,79132,4.0,1424546945,Inception (2010),Action|Crime|Drama|Mystery|Sci-Fi|Thriller|IMAX
339,1,4.0,1460183470,Toy Story (1995),Adventure|Animation|Children|Comedy|Fantasy
339,32,3.0,1460518918,Twelve Monkeys (a.k.a. 12 Monkeys) (1995),Mystery|Sci-Fi|Thriller
339,47,4.5,1460186377,Seven (a.k.a. Se7en) (1995),Mystery|Thriller
339,150,4.0,1460182140,Apollo 13 (1995),Adventure|Drama|IMAX
339,296,2.5,1460868473,Pulp Fiction (1994),Comedy|Crime|Drama|Thriller
339,318,4.0,1460519031,"Shawshank Redemption, The (1994)",Crime|Drama
339,356,4.0,1460182081,Forrest Gump (1994),Comedy|Drama|Romance|War
339,364,4.0,1460182472,"Lion King, The (1994)",Adventure|Animation|Children|Drama|Musical|IMAX
339,457,4.0,1460868566,"Fugitive, The (1993)",Thriller
339,480,4.0,1460186748,Jurassic Park (1993),Action|Adventure|Sci-Fi|Thriller
339,527,5.0,1460519029,Schindler's List (1993),Drama|War
339,541,5.0,1460182103,Blade Runner (1982),Action|Sci-Fi|Thriller
339,592,2.5,1460182570,Batman (1989),Action|Crime|Thriller
339,593,5.0,1460519027,"Silence of the Lambs, The (1991)",Crime|Horror|Thriller
339,608,5.0,1460182094,Fargo (1996),Comedy|Crime|Drama|Thriller
339,648,4.0,1460518367,Mission: Impossible (1996),Action|Adventure|Mystery|Thriller
339,858,4.5,1460186715,"Godfather, The (1972)",Crime|Drama
339,1193,5.0,1460519025,One Flew Over the Cuckoo's Nest (1975),Drama
339,1198,5.0,1460518945,Raiders of the Lost Ark (Indiana Jones and the Raiders of the Lost Ark) (1981),Action|Adventure
339,1213,4.5,1460182421,Goodfellas (1990),Crime|Drama
339,1214,4.0,1460868485,Alien (1979),Horror|Sci-Fi
339,1221,4.5,1460346330,"Godfather: Part II, The (1974)",Crime|Drama
339,1265,5.0,1460518931,Groundhog Day (1993),Comedy|Fantasy|Romance
339,1270,4.0,1460186721,Back to the Future (1985),Adventure|Comedy|Sci-Fi
339,1291,4.0,1460182427,Indiana Jones and the Last Crusade (1989),Action|Adventure
339,1580,2.0,1460182455,Men in Black (a.k.a. MIB) (1997),Action|Comedy|Sci-Fi
339,1682,4.5,1494129636,"Truman Show, The (1998)",Comedy|Drama|Sci-Fi
339,1721,4.0,1460346592,Titanic (1997),Drama|Romance
339,2028,5.0,1460182401,Saving Private Ryan (1998),Action|Drama|War
339,2762,4.5,1460183259,"Sixth Sense, The (1999)",Drama|Horror|Mystery
339,2858,5.0,1460519017,American Beauty (1999),Drama|Romance
339,2959,4.0,1460519022,Fight Club (1999),Action|Crime|Drama|Thriller
339,3578,5.0,1460182396,Gladiator (2000),Action|Adventure|Drama
339,4226,4.5,1460868616,Memento (2000),Mystery|Thriller
339,4306,4.0,1460185160,Shrek (2001),Adventure|Animation|Children|Comedy|Fantasy|Romance
339,4886,4.0,1460183483,"Monsters, Inc. (2001)",Adventure|Animation|Children|Comedy|Fantasy
339,4993,3.5,1460182388,"Lord of the Rings: The Fellowship of the Ring, The (2001)",Adventure|Fantasy
339,5952,4.0,1460186708,"Lord of the Rings: The Two Towers, The (2002)",Adventure|Fantasy
339,6377,4.0,1460185151,Finding Nemo (2003),Adventure|Animation|Children|Comedy
339,6539,3.0,1460185149,Pirates of the Caribbean: The Curse of the Black Pearl (2003),Action|Adventure|Comedy|Fantasy
339,7153,4.0,1460186702,"Lord of the Rings: The Return of the King, The (2003)",Action|Adventure|Drama|Fantasy
339,7361,4.5,1460183279,Eternal Sunshine of the Spotless Mind (2004),Drama|Romance|Sci-Fi
339,8961,4.0,1460183484,"Incredibles, The (2004)",Action|Adventure|Animation|Children|Comedy
339,58559,3.0,1460182391,"Dark Knight, The (2008)",Action|Crime|Drama|IMAX
339,79132,5.0,1460518998,Inception (2010),Action|Crime|Drama|Mystery|Sci-Fi|Thriller|IMAX
357,1,5.0,1348610184,Toy Story (1995),Adventure|Animation|Children|Comedy|Fantasy
357,34,4.0,1348611388,Babe (1995),Children|Drama
357,50,5.0,1348610163,"Usual Suspects, The (1995)",Crime|Mystery|Thriller
357,110,4.0,1348611162,Braveheart (1995),Action|Drama|War
357,150,3.5,1348610242,Apollo 13 (1995),Adventure|Drama|IMAX
357,153,2.5,1348611273,Batman Forever (1995),Action|Adventure|Comedy|Crime
357,260,4.0,1348611022,Star Wars: Episode IV - A New Hope (1977),Action|Adventure|Sci-Fi
357,296,4.5,1348609971,Pulp Fiction (1994),Comedy|Crime|Drama|Thriller
357,318,4.0,1348610455,"Shawshank Redemption, The (1994)",Crime|Drama
357,356,3.5,1348611168,Forrest Gump (1994),Comedy|Drama|Romance|War
357,364,3.5,1348610280,"Lion King, The (1994)",Adventure|Animation|Children|Drama|Musical|IMAX
357,480,4.0,1348612039,Jurassic Park (1993),Action|Adventure|Sci-Fi|Thriller
357,500,3.5,1348612073,Mrs. Doubtfire (1993),Comedy|Drama
357,527,5.0,1348611147,Schindler's List (1993),Drama|War
357,588,4.5,1348610257,Aladdin (1992),Adventure|Animation|Children|Comedy|Musical
357,589,3.5,1348611029,Terminator 2: Judgment Day (1991),Action|Sci-Fi
357,590,3.5,1348612053,Dances with Wolves (1990),Adventure|Drama|Western
357,592,3.0,1348612045,Batman (1989),Action|Crime|Thriller
357,593,4.5,1348610433,"Silence of the Lambs, The (1991)",Crime|Horror|Thriller
357,595,4.0,1348610704,Beauty and the Beast (1991),Animation|Children|Fantasy|Musical|Romance|IMAX
357,597,4.0,1348611264,Pretty Woman (1990),Comedy|Romance
357,608,4.0,1348610389,Fargo (1996),Comedy|Crime|Drama|Thriller
357,780,4.0,1348612049,Independence Day (a.k.a. ID4) (1996),Action|Adventure|Sci-Fi|Thriller
357,858,5.0,1348610443,"Godfather, The (1972)",Crime|Drama
357,1089,3.0,1348610159,Reservoir Dogs (1992),Crime|Mystery|Thriller
357,1136,4.5,1348610396,Monty Python and the Holy Grail (1975),Adventure|Comedy|Fantasy
357,1196,4.5,1348611032,Star Wars: Episode V - The Empire Strikes Back (1980),Action|Adventure|Sci-Fi
357,1197,4.5,1348610271,"Princess Bride, The (1987)",Action|Adventure|Comedy|Fantasy|Romance
357,1198,4.0,1348610298,Raiders of the Lost Ark (Indiana Jones and the Raiders of the Lost Ark) (1981),Action|Adventure
357,1210,4.0,1348610216,Star Wars: Episode VI - Return of the Jedi (1983),Action|Adventure|Sci-Fi
357,1213,5.0,1348612143,Goodfellas (1990),Crime|Drama
357,1221,5.0,1348610451,"Godfather: Part II, The (1974)",Crime|Drama
357,1265,4.5,1348610392,Groundhog Day (1993),Comedy|Fantasy|Romance
357,1270,4.0,1348610205,Back to the Future (1985),Adventure|Comedy|Sci-Fi
357,1291,3.5,1348610275,Indiana Jones and the Last Crusade (1989),Action|Adventure
357,1580,3.5,1348612069,Men in Black (a.k.a. MIB) (1997),Action|Comedy|Sci-Fi
357,1682,3.5,1348611902,"Truman Show, The (1998)",Comedy|Drama|Sci-Fi
357,1704,5.0,1348611876,Good Will Hunting (1997),Drama|Romance
357,1721,4.0,1348611252,Titanic (1997),Drama|Romance
357,2028,4.5,1348612063,Saving Private Ryan (1998),Action|Drama|War
357,2329,4.0,1348610472,American History X (1998),Crime|Drama
357,2628,3.0,1348612089,Star Wars: Episode I - The Phantom Menace (1999),Action|Adventure|Sci-Fi
357,2762,5.0,1348610119,"Sixth Sense, The (1999)",Drama|Horror|Mystery
357,2858,3.5,1348611800,American Beauty (1999),Drama|Romance
357,2959,4.5,1348610002,Fight Club (1999),Action|Crime|Drama|Thriller
357,3578,4.5,1348610220,Gladiator (2000),Action|Adventure|Drama
357,4306,4.0,1348610191,Shrek (2001),Adventure|Animation|Children|Comedy|Fantasy|Romance
357,4886,4.0,1348610188,"Monsters, Inc. (2001)",Adventure|Animation|Children|Comedy|Fantasy
357,6377,4.5,1348610194,Finding Nemo (2003),Adventure|Animation|Children|Comedy
357,7153,3.5,1348612121,"Lord of the Rings: The Return of the King, The (2003)",Action|Adventure|Drama|Fantasy
357,7361,5.0,1348611054,Eternal Sunshine of the Spotless Mind (2004),Drama|Romance|Sci-Fi
357,8961,4.0,1348610199,"Incredibles, The (2004)",Action|Adventure|Animation|Children|Comedy
357,58559,4.5,1348626968,"Dark Knight, The (2008)",Action|Crime|Drama|IMAX
357,79132,4.0,1348610148,Inception (2010),Action|Crime|Drama|Mystery|Sci-Fi|Thriller|IMAX
368,10,3.0,971276726,GoldenEye (1995),Action|Adventure|Thriller
368,47,4.0,971275475,Seven (a.k.a. Se7en) (1995),Mystery|Thriller
368,50,4.0,971275320,"Usual Suspects, The (1995)",Crime|Mystery|Thriller
368,110,4.0,971274692,Braveheart (1995),Action|Drama|War
368,165,2.0,971276156,Die Hard: With a Vengeance (1995),Action|Crime|Thriller
368,260,4.0,975828806,Star Wars: Episode IV - A New Hope (1977),Action|Adventure|Sci-Fi
368,293,4.0,971275431,Léon: The Professional (a.k.a. The Professional) (Léon) (1994),Action|Crime|Drama|Thriller
368,296,5.0,975827507,Pulp Fiction (1994),Comedy|Crime|Drama|Thriller
368,316,2.0,975829531,Stargate (1994),Action|Adventure|Sci-Fi
368,356,4.0,971274957,Forrest Gump (1994),Comedy|Drama|Romance|War
368,367,3.0,975828193,"Mask, The (1994)",Action|Comedy|Crime|Fantasy
368,377,3.0,971276111,Speed (1994),Action|Romance|Thriller
368,380,3.0,975829209,True Lies (1994),Action|Adventure|Comedy|Romance|Thriller
368,457,3.0,975828861,"Fugitive, The (1993)",Thriller
368,480,4.0,971273377,Jurassic Park (1993),Action|Adventure|Sci-Fi|Thriller
368,527,5.0,971274603,Schindler's List (1993),Drama|War
368,589,3.0,975805197,Terminator 2: Judgment Day (1991),Action|Sci-Fi
368,592,3.0,975829046,Batman (1989),Action|Crime|Thriller
368,593,4.0,971275360,"Silence of the Lambs, The (1991)",Crime|Horror|Thriller
368,608,4.0,971273222,Fargo (1996),Comedy|Crime|Drama|Thriller
368,648,3.0,975805490,Mission: Impossible (1996),Action|Adventure|Mystery|Thriller
368,780,2.0,971275047,Independence Day (a.k.a. ID4) (1996),Action|Adventure|Sci-Fi|Thriller
368,858,5.0,975828806,"Godfather, The (1972)",Crime|Drama
368,1036,4.0,975828914,Die Hard (1988),Action|Crime|Thriller
368,1089,4.0,975827507,Reservoir Dogs (1992),Crime|Mystery|Thriller
368,1193,5.0,971273035,One Flew Over the Cuckoo's Nest (1975),Drama
368,1196,3.0,971274603,Star Wars: Episode V - The Empire Strikes Back (1980),Action|Adventure|Sci-Fi
368,1197,5.0,971273300,"Princess Bride, The (1987)",Action|Adventure|Comedy|Fantasy|Romance
368,1198,4.0,975828806,Raiders of the Lost Ark (Indiana Jones and the Raiders of the Lost Ark) (1981),Action|Adventure
368,1200,5.0,971274603,Aliens (1986),Action|Adventure|Horror|Sci-Fi
368,1210,4.0,971273072,Star Wars: Episode VI - Return of the Jedi (1983),Action|Adventure|Sci-Fi
368,1213,4.0,975827507,Goodfellas (1990),Crime|Drama
368,1214,4.0,975828806,Alien (1979),Horror|Sci-Fi
368,1221,4.0,975828806,"Godfather: Part II, The (1974)",Crime|Drama
368,1240,4.0,971275431,"Terminator, The (1984)",Action|Sci-Fi|Thriller
368,1291,2.0,975828861,Indiana Jones and the Last Crusade (1989),Action|Adventure
368,1580,3.0,971273448,Men in Black (a.k.a. MIB) (1997),Action|Comedy|Sci-Fi
368,2028,5.0,971274649,Saving Private Ryan (1998),Action|Drama|War
368,2571,4.0,971275431,"Matrix, The (1999)",Action|Sci-Fi|Thriller
368,2762,4.0,971275394,"Sixth Sense, The (1999)",Drama|Horror|Mystery
368,2858,4.0,975805197,American Beauty (1999),Drama|Romance
368,3578,3.0,972164892,Gladiator (2000),Action|Adventure|Drama
380,1,5.0,1493420345,Toy Story (1995),Adventure|Animation|Children|Comedy|Fantasy
380,10,5.0,1493419787,GoldenEye (1995),Action|Adventure|Thriller
380,32,5.0,1493494899,Twelve Monkeys (a.k.a. 12 Monkeys) (1995),Mystery|Sci-Fi|Thriller
380,34,4.0,1493420018,Babe (1995),Children|Drama
380,47,5.0,1493494893,Seven (a.k.a. Se7en) (1995),Mystery|Thriller
380,50,4.0,1493420347,"Usual Suspects, The (1995)",Crime|Mystery|Thriller
380,110,4.0,1493419805,Braveheart (1995),Action|Drama|War
380,153,3.0,1493667398,Batman Forever (1995),Action|Adventure|Comedy|Crime
380,165,5.0,1493667390,Die Hard: With a Vengeance (1995),Action|Crime|Thriller
380,231,4.0,1494278654,Dumb & Dumber (Dumb and Dumber) (1994),Adventure|Comedy
380,260,5.0,1493419753,Star Wars: Episode IV - A New Hope (1977),Action|Adventure|Sci-Fi
380,293,5.0,1493419784,Léon: The Professional (a.k.a. The Professional) (Léon) (1994),Action|Crime|Drama|Thriller
380,296,5.0,1493420341,Pulp Fiction (1994),Comedy|Crime|Drama|Thriller
380,316,5.0,1494278656,Stargate (1994),Action|Adventure|Sci-Fi
380,318,3.0,1493419865,"Shawshank Redemption, The (1994)",Crime|Drama
380,344,5.0,1493494897,Ace Ventura: Pet Detective (1994),Comedy
380,356,5.0,1493420342,Forrest Gump (1994),Comedy|Drama|Romance|War
380,364,5.0,1493474112,"Lion King, The (1994)",Adventure|Animation|Children|Drama|Musical|IMAX
380,367,5.0,1494278653,"Mask, The (1994)",Action|Comedy|Crime|Fantasy
380,377,5.0,1493494896,Speed (1994),Action|Romance|Thriller
380,380,5.0,1493494895,True Lies (1994),Action|Adventure|Comedy|Romance|Thriller
380,457,4.0,1493420352,"Fugitive, The (1993)",Thriller
380,480,5.0,1493419900,Jurassic Park (1993),Action|Adventure|Sci-Fi|Thriller
380,500,4.0,1494803423,Mrs. Doubtfire (1993),Comedy|Drama
380,541,5.0,1493474355,Blade Runner (1982),Action|Sci-Fi|Thriller
380,588,5.0,1493474467,Aladdin (1992),Adventure|Animation|Children|Comedy|Musical
380,589,5.0,1493473853,Terminator 2: Judgment Day (1991),Action|Sci-Fi
380,592,3.0,1494803413,Batman (1989),Action|Crime|Thriller
380,593,5.0,1493473943,"Silence of the Lambs, The (1991)",Crime|Horror|Thriller
380,595,4.0,1494803415,Beauty and the Beast (1991),Animation|Children|Fantasy|Musical|Romance|IMAX
380,608,4.0,1493494891,Fargo (1996),Comedy|Crime|Drama|Thriller
380,648,4.0,1493667391,Mission: Impossible (1996),Action|Adventure|Mystery|Thriller
380,780,4.0,1493420350,Independence Day (a.k.a. ID4) (1996),Action|Adventure|Sci-Fi|Thriller
380,858,4.0,1493419869,"Godfather, The (1972)",Crime|Drama
380,1036,5.0,1493474088,Die Hard (1988),Action|Crime|Thriller
380,1089,4.0,1493419782,Reservoir Dogs (1992),Crime|Mystery|Thriller
380,1136,5.0,1493473845,Monty Python and the Holy Grail (1975),Adventure|Comedy|Fantasy
380,1193,4.0,1494803420,One Flew Over the Cuckoo's Nest (1975),Drama
380,1196,5.0,1493419755,Star Wars: Episode V - The Empire Strikes Back (1980),Action|Adventure|Sci-Fi
380,1197,3.5,1502325733,"Princess Bride, The (1987)",Action|Adventure|Comedy|Fantasy|Romance
380,1198,5.0,1493419758,Raiders of the Lost Ark (Indiana Jones and the Raiders of the Lost Ark) (1981),Action|Adventure
380,1200,5.0,1493423198,Aliens (1986),Action|Adventure|Horror|Sci-Fi
380,1210,5.0,1493419767,Star Wars: Episode VI - Return of the Jedi (1983),Action|Adventure|Sci-Fi
380,1213,5.0,1493474014,Goodfellas (1990),Crime|Drama
380,1214,5.0,1493474048,Alien (1979),Horror|Sci-Fi
380,1221,5.0,1493474216,"Godfather: Part II, The (1974)",Crime|Drama
380,1240,5.0,1493473846,"Terminator, The (1984)",Action|Sci-Fi|Thriller
380,1265,5.0,1493420459,Groundhog Day (1993),Comedy|Fantasy|Romance
380,1270,5.0,1493473813,Back to the Future (1985),Adventure|Comedy|Sci-Fi
380,1291,5.0,1493419770,Indiana Jones and the Last Crusade (1989),Action|Adventure
380,1580,5.0,1493473986,Men in Black (a.k.a. MIB) (1997),Action|Comedy|Sci-Fi
380,1682,4.0,1493473812,"Truman Show, The (1998)",Comedy|Drama|Sci-Fi
380,1721,2.0,1493667395,Titanic (1997),Drama|Romance
380,2028,5.0,1493473912,Saving Private Ryan (1998),Action|Drama|War
380,2571,4.5,1493419763,"Matrix, The (1999)",Action|Sci-Fi|Thriller
380,2628,4.0,1494803425,Star Wars: Episode I - The Phantom Menace (1999),Action|Adventure|Sci-Fi
380,2762,5.0,1493473932,"Sixth Sense, The (1999)",Drama|Horror|Mystery
380,2959,4.0,1494803410,Fight Club (1999),Action|Crime|Drama|Thriller
380,3578,4.0,1493474154,Gladiator (2000),Action|Adventure|Drama
380,3793,5.0,1494613078,X-Men (2000),Action|Adventure|Sci-Fi
380,4226,5.0,1493419802,Memento (2000),Mystery|Thriller
380,4306,5.0,1493473936,Shrek (2001),Adventure|Animation|Children|Comedy|Fantasy|Romance
380,4886,5.0,1493473866,"Monsters, Inc. (2001)",Adventure|Animation|Children|Comedy|Fantasy
380,4993,5.0,1493423199,"Lord of the Rings: The Fellowship of the Ring, The (2001)",Adventure|Fantasy
380,5952,5.0,1493423201,"Lord of the Rings: The Two Towers, The (2002)",Adventure|Fantasy
380,6377,4.0,1493473848,Finding Nemo (2003),Adventure|Animation|Children|Comedy
380,6539,5.0,1493419904,Pirates of the Caribbean: The Curse of the Black Pearl (2003),Action|Adventure|Comedy|Fantasy
380,6874,4.0,1494071216,Kill Bill: Vol. 1 (2003),Action|Crime|Thriller
380,7153,5.0,1493419769,"Lord of the Rings: The Return of the King, The (2003)",Action|Adventure|Drama|Fantasy
380,8961,4.0,1493423255,"Incredibles, The (2004)",Action|Adventure|Animation|Children|Comedy
380,58559,5.0,1493419875,"Dark Knight, The (2008)",Action|Crime|Drama|IMAX
380,79132,5.0,1493420401,Inception (2010),Action|Crime|Drama|Mystery|Sci-Fi|Thriller|IMAX
381,1,3.5,1164383653,Toy Story (1995),Adventure|Animation|Children|Comedy|Fantasy
381,32,3.5,1200824503,Twelve Monkeys (a.k.a. 12 Monkeys) (1995),Mystery|Sci-Fi|Thriller
381,34,3.5,1164877286,Babe (1995),Children|Drama
381,47,2.0,1166980226,Seven (a.k.a. Se7en) (1995),Mystery|Thriller
381,50,4.5,1168576731,"Usual Suspects, The (1995)",Crime|Mystery|Thriller
381,150,3.5,1164876696,Apollo 13 (1995),Adventure|Drama|IMAX
381,231,2.5,1164877302,Dumb & Dumber (Dumb and Dumber) (1994),Adventure|Comedy
381,260,3.5,1200824545,Star Wars: Episode IV - A New Hope (1977),Action|Adventure|Sci-Fi
381,316,3.5,1165975719,Stargate (1994),Action|Adventure|Sci-Fi
381,318,3.5,1164383421,"Shawshank Redemption, The (1994)",Crime|Drama
381,344,3.0,1164877251,Ace Ventura: Pet Detective (1994),Comedy
381,356,4.0,1278632776,Forrest Gump (1994),Comedy|Drama|Romance|War
381,364,4.0,1164877278,"Lion King, The (1994)",Adventure|Animation|Children|Drama|Musical|IMAX
381,367,1.0,1165975313,"Mask, The (1994)",Action|Comedy|Crime|Fantasy
381,377,4.0,1200824560,Speed (1994),Action|Romance|Thriller
381,380,3.5,1164877219,True Lies (1994),Action|Adventure|Comedy|Romance|Thriller
381,457,4.0,1164876685,"Fugitive, The (1993)",Thriller
381,480,4.0,1164876671,Jurassic Park (1993),Action|Adventure|Sci-Fi|Thriller
381,500,4.0,1166979383,Mrs. Doubtfire (1993),Comedy|Drama
381,588,4.0,1164877236,Aladdin (1992),Adventure|Animation|Children|Comedy|Musical
381,589,2.5,1164877216,Terminator 2: Judgment Day (1991),Action|Sci-Fi
381,595,3.0,1168662656,Beauty and the Beast (1991),Animation|Children|Fantasy|Musical|Romance|IMAX
381,597,4.0,1164877296,Pretty Woman (1990),Comedy|Romance
381,608,3.5,1176325533,Fargo (1996),Comedy|Crime|Drama|Thriller
381,648,3.0,1164877247,Mission: Impossible (1996),Action|Adventure|Mystery|Thriller
381,780,4.0,1164877227,Independence Day (a.k.a. ID4) (1996),Action|Adventure|Sci-Fi|Thriller
381,1036,2.0,1164877369,Die Hard (1988),Action|Crime|Thriller
381,1136,4.0,1200824320,Monty Python and the Holy Grail (1975),Adventure|Comedy|Fantasy
381,1196,3.5,1200824537,Star Wars: Episode V - The Empire Strikes Back (1980),Action|Adventure|Sci-Fi
381,1197,4.0,1164383604,"Princess Bride, The (1987)",Action|Adventure|Comedy|Fantasy|Romance
381,1198,4.0,1164383449,Raiders of the Lost Ark (Indiana Jones and the Raiders of the Lost Ark) (1981),Action|Adventure
381,1210,3.5,1200824536,Star Wars: Episode VI - Return of the Jedi (1983),Action|Adventure|Sci-Fi
381,1240,2.5,1164877334,"Terminator, The (1984)",Action|Sci-Fi|Thriller
381,1265,3.5,1164876890,Groundhog Day (1993),Comedy|Fantasy|Romance
381,1270,4.0,1164877266,Back to the Future (1985),Adventure|Comedy|Sci-Fi
381,1291,3.5,1164877359,Indiana Jones and the Last Crusade (1989),Action|Adventure
381,1580,4.0,1164877326,Men in Black (a.k.a. MIB) (1997),Action|Comedy|Sci-Fi
381,1682,3.5,1200824508,"Truman Show, The (1998)",Comedy|Drama|Sci-Fi
381,1704,4.5,1165975117,Good Will Hunting (1997),Drama|Romance
381,1721,3.5,1164877331,Titanic (1997),Drama|Romance
381,2329,4.0,1200823794,American History X (1998),Crime|Drama
381,2571,5.0,1164383856,"Matrix, The (1999)",Action|Sci-Fi|Thriller
381,2628,3.5,1200824541,Star Wars: Episode I - The Phantom Menace (1999),Action|Adventure|Sci-Fi
381,2762,5.0,1200824255,"Sixth Sense, The (1999)",Drama|Horror|Mystery
381,2959,5.0,1164876419,Fight Club (1999),Action|Crime|Drama|Thriller
381,3793,4.0,1165975387,X-Men (2000),Action|Adventure|Sci-Fi
381,4226,4.5,1168800601,Memento (2000),Mystery|Thriller
381,4306,4.0,1164877390,Shrek (2001),Adventure|Animation|Children|Comedy|Fantasy|Romance
381,4886,4.0,1164383523,"Monsters, Inc. (2001)",Adventure|Animation|Children|Comedy|Fantasy
381,4993,4.0,1200824346,"Lord of the Rings: The Fellowship of the Ring, The (2001)",Adventure|Fantasy
381,5952,4.0,1200824343,"Lord of the Rings: The Two Towers, The (2002)",Adventure|Fantasy
381,6377,5.0,1200824415,Finding Nemo (2003),Adventure|Animation|Children|Comedy
381,6539,3.5,1200823941,Pirates of the Caribbean: The Curse of the Black Pearl (2003),Action|Adventure|Comedy|Fantasy
381,7153,4.0,1200824344,"Lord of the Rings: The Return of the King, The (2003)",Action|Adventure|Drama|Fantasy
381,7361,4.0,1200824433,Eternal Sunshine of the Spotless Mind (2004),Drama|Romance|Sci-Fi
381,8961,4.5,1164383392,"Incredibles, The (2004)",Action|Adventure|Animation|Children|Comedy
387,10,3.5,1094938515,GoldenEye (1995),Action|Adventure|Thriller
387,32,3.5,1094876449,Twelve Monkeys (a.k.a. 12 Monkeys) (1995),Mystery|Sci-Fi|Thriller
387,47,4.5,1094876919,Seven (a.k.a. Se7en) (1995),Mystery|Thriller
387,50,4.5,1094876246,"Usual Suspects, The (1995)",Crime|Mystery|Thriller
387,110,3.5,1095040466,Braveheart (1995),Action|Drama|War
387,153,3.0,1094938517,Batman Forever (1995),Action|Adventure|Comedy|Crime
387,231,2.5,1095040493,Dumb & Dumber (Dumb and Dumber) (1994),Adventure|Comedy
387,260,4.5,1118029794,Star Wars: Episode IV - A New Hope (1977),Action|Adventure|Sci-Fi
387,293,4.5,1094876347,Léon: The Professional (a.k.a. The Professional) (Léon) (1994),Action|Crime|Drama|Thriller
387,296,5.0,1094876289,Pulp Fiction (1994),Comedy|Crime|Drama|Thriller
387,316,3.5,1095040482,Stargate (1994),Action|Adventure|Sci-Fi
387,318,3.5,1117356028,"Shawshank Redemption, The (1994)",Crime|Drama
387,344,3.5,1095040472,Ace Ventura: Pet Detective (1994),Comedy
387,356,4.0,1095040458,Forrest Gump (1994),Comedy|Drama|Romance|War
387,364,3.0,1094938483,"Lion King, The (1994)",Adventure|Animation|Children|Drama|Musical|IMAX
387,367,3.0,1094938421,"Mask, The (1994)",Action|Comedy|Crime|Fantasy
387,380,2.0,1094938223,True Lies (1994),Action|Adventure|Comedy|Romance|Thriller
387,480,3.0,1094942988,Jurassic Park (1993),Action|Adventure|Sci-Fi|Thriller
387,500,2.5,1095040501,Mrs. Doubtfire (1993),Comedy|Drama
387,541,4.5,1094876108,Blade Runner (1982),Action|Sci-Fi|Thriller
387,588,2.5,1094938228,Aladdin (1992),Adventure|Animation|Children|Comedy|Musical
387,589,3.5,1094877577,Terminator 2: Judgment Day (1991),Action|Sci-Fi
387,590,3.0,1117356499,Dances with Wolves (1990),Adventure|Drama|Western
387,592,4.0,1095040461,Batman (1989),Action|Crime|Thriller
387,593,4.0,1094876941,"Silence of the Lambs, The (1991)",Crime|Horror|Thriller
387,595,2.0,1095040477,Beauty and the Beast (1991),Animation|Children|Fantasy|Musical|Romance|IMAX
387,597,2.5,1095040489,Pretty Woman (1990),Comedy|Romance
387,608,4.0,1094876366,Fargo (1996),Comedy|Crime|Drama|Thriller
387,648,3.0,1117356493,Mission: Impossible (1996),Action|Adventure|Mystery|Thriller
387,780,2.0,1094938230,Independence Day (a.k.a. ID4) (1996),Action|Adventure|Sci-Fi|Thriller
387,858,4.5,1094876298,"Godfather, The (1972)",Crime|Drama
387,1036,3.0,1094877543,Die Hard (1988),Action|Crime|Thriller
387,1089,4.5,1094875279,Reservoir Dogs (1992),Crime|Mystery|Thriller
387,1136,4.5,1094876102,Monty Python and the Holy Grail (1975),Adventure|Comedy|Fantasy
387,1193,4.0,1094876498,One Flew Over the Cuckoo's Nest (1975),Drama
387,1196,4.5,1094876567,Star Wars: Episode V - The Empire Strikes Back (1980),Action|Adventure|Sci-Fi
387,1197,4.0,1094876359,"Princess Bride, The (1987)",Action|Adventure|Comedy|Fantasy|Romance
387,1198,4.0,1094876512,Raiders of the Lost Ark (Indiana Jones and the Raiders of the Lost Ark) (1981),Action|Adventure
387,1200,3.5,1094876630,Aliens (1986),Action|Adventure|Horror|Sci-Fi
387,1210,4.0,1118029797,Star Wars: Episode VI - Return of the Jedi (1983),Action|Adventure|Sci-Fi
387,1213,3.5,1117356023,Goodfellas (1990),Crime|Drama
387,1214,4.0,1125212099,Alien (1979),Horror|Sci-Fi
387,1221,4.5,1094876300,"Godfather: Part II, The (1974)",Crime|Drama
387,1240,4.0,1094877202,"Terminator, The (1984)",Action|Sci-Fi|Thriller
387,1265,3.5,1094876818,Groundhog Day (1993),Comedy|Fantasy|Romance
387,1270,2.0,1094877590,Back to the Future (1985),Adventure|Comedy|Sci-Fi
387,1291,3.5,1094877559,Indiana Jones and the Last Crusade (1989),Action|Adventure
387,1682,3.0,1094942126,"Truman Show, The (1998)",Comedy|Drama|Sci-Fi
387,1704,4.0,1117415017,Good Will Hunting (1997),Drama|Romance
387,2329,4.0,1094875361,American History X (1998),Crime|Drama
387,2571,4.0,1094876701,"Matrix, The (1999)",Action|Sci-Fi|Thriller
387,2762,2.5,1212603789,"Sixth Sense, The (1999)",Drama|Horror|Mystery
387,2858,4.5,1161500347,American Beauty (1999),Drama|Romance
387,2959,4.5,1094875287,Fight Club (1999),Action|Crime|Drama|Thriller
387,3578,3.0,1095040572,Gladiator (2000),Action|Adventure|Drama
387,4226,4.5,1094875856,Memento (2000),Mystery|Thriller
387,4993,3.0,1117355720,"Lord of the Rings: The Fellowship of the Ring, The (2001)",Adventure|Fantasy
387,6539,3.5,1094876883,Pirates of the Caribbean: The Curse of the Black Pearl (2003),Action|Adventure|Comedy|Fantasy
387,6874,4.0,1123313520,Kill Bill: Vol. 1 (2003),Action|Crime|Thriller
391,1,3.0,1032388077,Toy Story (1995),Adventure|Animation|Children|Comedy|Fantasy
391,10,3.0,1030944309,GoldenEye (1995),Action|Adventure|Thriller
391,32,4.0,1030826859,Twelve Monkeys (a.k.a. 12 Monkeys) (1995),Mystery|Sci-Fi|Thriller
391,34,3.0,1032389962,Babe (1995),Children|Drama
391,47,3.0,1030944178,Seven (a.k.a. Se7en) (1995),Mystery|Thriller
391,50,4.0,1030827636,"Usual Suspects, The (1995)",Crime|Mystery|Thriller
391,110,5.0,1030945408,Braveheart (1995),Action|Drama|War
391,150,4.0,1032390066,Apollo 13 (1995),Adventure|Drama|IMAX
391,165,2.0,1030944490,Die Hard: With a Vengeance (1995),Action|Crime|Thriller
391,260,5.0,1032387863,Star Wars: Episode IV - A New Hope (1977),Action|Adventure|Sci-Fi
391,293,5.0,1030827248,Léon: The Professional (a.k.a. The Professional) (Léon) (1994),Action|Crime|Drama|Thriller
391,296,5.0,1030827757,Pulp Fiction (1994),Comedy|Crime|Drama|Thriller
391,318,5.0,1030827712,"Shawshank Redemption, The (1994)",Crime|Drama
391,356,5.0,1031030749,Forrest Gump (1994),Comedy|Drama|Romance|War
391,377,2.0,1030826512,Speed (1994),Action|Romance|Thriller
391,380,2.0,1031031037,True Lies (1994),Action|Adventure|Comedy|Romance|Thriller
391,457,4.0,1030944267,"Fugitive, The (1993)",Thriller
391,480,2.0,1030824455,Jurassic Park (1993),Action|Adventure|Sci-Fi|Thriller
391,500,4.0,1030826537,Mrs. Doubtfire (1993),Comedy|Drama
391,527,5.0,1030827772,Schindler's List (1993),Drama|War
391,541,5.0,1030827097,Blade Runner (1982),Action|Sci-Fi|Thriller
391,589,4.0,1030826859,Terminator 2: Judgment Day (1991),Action|Sci-Fi
391,592,4.0,1032388911,Batman (1989),Action|Crime|Thriller
391,593,3.0,1030824540,"Silence of the Lambs, The (1991)",Crime|Horror|Thriller
391,595,3.0,1032389209,Beauty and the Beast (1991),Animation|Children|Fantasy|Musical|Romance|IMAX
391,608,5.0,1030944152,Fargo (1996),Comedy|Crime|Drama|Thriller
391,648,3.0,1031030362,Mission: Impossible (1996),Action|Adventure|Mystery|Thriller
391,780,1.0,1031030771,Independence Day (a.k.a. ID4) (1996),Action|Adventure|Sci-Fi|Thriller
391,858,5.0,1030945609,"Godfather, The (1972)",Crime|Drama
391,1036,5.0,1032388192,Die Hard (1988),Action|Crime|Thriller
391,1089,5.0,1030824751,Reservoir Dogs (1992),Crime|Mystery|Thriller
391,1136,5.0,1030824520,Monty Python and the Holy Grail (1975),Adventure|Comedy|Fantasy
391,1193,5.0,1030945772,One Flew Over the Cuckoo's Nest (1975),Drama
391,1196,5.0,1030945391,Star Wars: Episode V - The Empire Strikes Back (1980),Action|Adventure|Sci-Fi
391,1197,5.0,1030828021,"Princess Bride, The (1987)",Action|Adventure|Comedy|Fantasy|Romance
391,1200,3.0,1032388237,Aliens (1986),Action|Adventure|Horror|Sci-Fi
391,1210,4.0,1032389300,Star Wars: Episode VI - Return of the Jedi (1983),Action|Adventure|Sci-Fi
391,1213,4.0,1030945624,Goodfellas (1990),Crime|Drama
391,1214,4.0,1032736600,Alien (1979),Horror|Sci-Fi
391,1221,4.0,1032387210,"Godfather: Part II, The (1974)",Crime|Drama
391,1240,4.0,1030827097,"Terminator, The (1984)",Action|Sci-Fi|Thriller
391,1265,4.0,1030944635,Groundhog Day (1993),Comedy|Fantasy|Romance
391,1270,4.0,1030827110,Back to the Future (1985),Adventure|Comedy|Sci-Fi
391,1291,4.0,1030827923,Indiana Jones and the Last Crusade (1989),Action|Adventure
391,1580,2.0,1030826899,Men in Black (a.k.a. MIB) (1997),Action|Comedy|Sci-Fi
391,1682,4.0,1032390100,"Truman Show, The (1998)",Comedy|Drama|Sci-Fi
391,1704,3.0,1032388857,Good Will Hunting (1997),Drama|Romance
391,2028,2.0,1030824520,Saving Private Ryan (1998),Action|Drama|War
391,2571,5.0,1030826859,"Matrix, The (1999)",Action|Sci-Fi|Thriller
391,2628,1.0,1032647762,Star Wars: Episode I - The Phantom Menace (1999),Action|Adventure|Sci-Fi
391,2762,2.0,1030944152,"Sixth Sense, The (1999)",Drama|Horror|Mystery
391,2858,4.0,1030824967,American Beauty (1999),Drama|Romance
391,2959,4.0,1030825131,Fight Club (1999),Action|Crime|Drama|Thriller
391,3578,1.0,1030825163,Gladiator (2000),Action|Adventure|Drama
391,3793,2.0,1032647604,X-Men (2000),Action|Adventure|Sci-Fi
391,4226,5.0,1030827636,Memento (2000),Mystery|Thriller
391,4306,4.0,1032388273,Shrek (2001),Adventure|Animation|Children|Comedy|Fantasy|Romance
391,4886,3.0,1032388454,"Monsters, Inc. (2001)",Adventure|Animation|Children|Comedy|Fantasy
391,4993,5.0,1030824777,"Lord of the Rings: The Fellowship of the Ring, The (2001)",Adventure|Fantasy
414,1,4.0,961438127,Toy Story (1995),Adventure|Animation|Children|Comedy|Fantasy
414,10,3.0,961515863,GoldenEye (1995),Action|Adventure|Thriller
414,32,5.0,961514667,Twelve Monkeys (a.k.a. 12 Monkeys) (1995),Mystery|Sci-Fi|Thriller
414,34,5.0,961438127,Babe (1995),Children|Drama
414,47,4.0,961681857,Seven (a.k.a. Se7en) (1995),Mystery|Thriller
414,50,5.0,961681714,"Usual Suspects, The (1995)",Crime|Mystery|Thriller
414,110,5.0,961512475,Braveheart (1995),Action|Drama|War
414,150,4.0,961517162,Apollo 13 (1995),Adventure|Drama|IMAX
414,153,2.0,961439358,Batman Forever (1995),Action|Adventure|Comedy|Crime
414,165,3.0,961515958,Die Hard: With a Vengeance (1995),Action|Crime|Thriller
414,231,3.0,961439079,Dumb & Dumber (Dumb and Dumber) (1994),Adventure|Comedy
414,260,5.0,961514667,Star Wars: Episode IV - A New Hope (1977),Action|Adventure|Sci-Fi
414,293,5.0,961517011,Léon: The Professional (a.k.a. The Professional) (Léon) (1994),Action|Crime|Drama|Thriller
414,296,5.0,961516693,Pulp Fiction (1994),Comedy|Crime|Drama|Thriller
414,316,3.0,961515271,Stargate (1994),Action|Adventure|Sci-Fi
414,318,5.0,961516613,"Shawshank Redemption, The (1994)",Crime|Drama
414,344,2.0,961438981,Ace Ventura: Pet Detective (1994),Comedy
414,356,5.0,961438609,Forrest Gump (1994),Comedy|Drama|Romance|War
414,364,4.0,961519028,"Lion King, The (1994)",Adventure|Animation|Children|Drama|Musical|IMAX
414,367,4.0,961438352,"Mask, The (1994)",Action|Comedy|Crime|Fantasy
414,377,4.0,961513948,Speed (1994),Action|Romance|Thriller
414,380,4.0,961438476,True Lies (1994),Action|Adventure|Comedy|Romance|Thriller
414,457,5.0,961515643,"Fugitive, The (1993)",Thriller
414,480,4.0,961514893,Jurassic Park (1993),Action|Adventure|Sci-Fi|Thriller
414,500,3.0,961438822,Mrs. Doubtfire (1993),Comedy|Drama
414,527,4.0,961512311,Schindler's List (1993),Drama|War
414,541,5.0,961514667,Blade Runner (1982),Action|Sci-Fi|Thriller
414,588,4.0,961438199,Aladdin (1992),Adventure|Animation|Children|Comedy|Musical
414,589,5.0,961514698,Terminator 2: Judgment Day (1991),Action|Sci-Fi
414,590,4.0,961513509,Dances with Wolves (1990),Adventure|Drama|Western
414,592,4.0,961515727,Batman (1989),Action|Crime|Thriller
414,593,4.0,961516659,"Silence of the Lambs, The (1991)",Crime|Horror|Thriller
414,595,3.0,961518975,Beauty and the Beast (1991),Animation|Children|Fantasy|Musical|Romance|IMAX
414,597,3.0,961438502,Pretty Woman (1990),Comedy|Romance
414,608,5.0,961516693,Fargo (1996),Comedy|Crime|Drama|Thriller
414,648,4.0,961515889,Mission: Impossible (1996),Action|Adventure|Mystery|Thriller
414,780,4.0,961512595,Independence Day (a.k.a. ID4) (1996),Action|Adventure|Sci-Fi|Thriller
414,858,5.0,961515566,"Godfather, The (1972)",Crime|Drama
414,1036,5.0,961515684,Die Hard (1988),Action|Crime|Thriller
414,1089,5.0,961681753,Reservoir Dogs (1992),Crime|Mystery|Thriller
414,1136,5.0,961595286,Monty Python and the Holy Grail (1975),Adventure|Comedy|Fantasy
414,1193,4.0,961516716,One Flew Over the Cuckoo's Nest (1975),Drama
414,1196,5.0,961512311,Star Wars: Episode V - The Empire Strikes Back (1980),Action|Adventure|Sci-Fi
414,1197,5.0,961513654,"Princess Bride, The (1987)",Action|Adventure|Comedy|Fantasy|Romance
414,1198,5.0,961515566,Raiders of the Lost Ark (Indiana Jones and the Raiders of the Lost Ark) (1981),Action|Adventure
414,1200,5.0,961512403,Aliens (1986),Action|Adventure|Horror|Sci-Fi
414,1210,5.0,961436248,Star Wars: Episode VI - Return of the Jedi (1983),Action|Adventure|Sci-Fi
414,1213,5.0,961516639,Goodfellas (1990),Crime|Drama
414,1214,5.0,961514668,Alien (1979),Horror|Sci-Fi
414,1221,5.0,961515566,"Godfather: Part II, The (1974)",Crime|Drama
414,1240,5.0,961514698,"Terminator, The (1984)",Action|Sci-Fi|Thriller
414,1265,4.0,961438175,Groundhog Day (1993),Comedy|Fantasy|Romance
414,1270,5.0,961514698,Back to the Future (1985),Adventure|Comedy|Sci-Fi
414,1291,4.0,961515643,Indiana Jones and the Last Crusade (1989),Action|Adventure
414,1580,4.0,961438437,Men in Black (a.k.a. MIB) (1997),Action|Comedy|Sci-Fi
414,1682,4.0,961517327,"Truman Show, The (1998)",Comedy|Drama|Sci-Fi
414,1704,5.0,961517035,Good Will Hunting (1997),Drama|Romance
414,1721,4.0,961514186,Titanic (1997),Drama|Romance
414,2028,5.0,961512341,Saving Private Ryan (1998),Action|Drama|War
414,2329,5.0,961516921,American History X (1998),Crime|Drama
414,2571,5.0,961514761,"Matrix, The (1999)",Action|Sci-Fi|Thriller
414,2628,4.0,1258247798,Star Wars: Episode I - The Phantom Menace (1999),Action|Adventure|Sci-Fi
414,2762,3.0,961437029,"Sixth Sense, The (1999)",Drama|Horror|Mystery
414,2858,5.0,961436469,American Beauty (1999),Drama|Romance
414,2959,5.0,961437188,Fight Club (1999),Action|Crime|Drama|Thriller
414,3578,5.0,961436763,Gladiator (2000),Action|Adventure|Drama
414,3793,4.0,963840900,X-Men (2000),Action|Adventure|Sci-Fi
414,4226,5.0,991750128,Memento (2000),Mystery|Thriller
414,4306,4.0,990713929,Shrek (2001),Adventure|Animation|Children|Comedy|Fantasy|Romance
414,4886,4.0,1006186497,"Monsters, Inc. (2001)",Adventure|Animation|Children|Comedy|Fantasy
414,4993,5.0,1010588118,"Lord of the Rings: The Fellowship of the Ring, The (2001)",Adventure|Fantasy
414,5952,5.0,1040398879,"Lord of the Rings: The Two Towers, The (2002)",Adventure|Fantasy
414,6377,4.5,1055777981,Finding Nemo (2003),Adventure|Animation|Children|Comedy
414,6539,4.5,1058630859,Pirates of the Caribbean: The Curse of the Black Pearl (2003),Action|Adventure|Comedy|Fantasy
414,6874,4.0,1067202569,Kill Bill: Vol. 1 (2003),Action|Crime|Thriller
414,7153,4.0,1072123275,"Lord of the Rings: The Return of the King, The (2003)",Action|Adventure|Drama|Fantasy
414,7361,4.5,1081911295,Eternal Sunshine of the Spotless Mind (2004),Drama|Romance|Sci-Fi
414,8961,4.0,1103609459,"Incredibles, The (2004)",Action|Adventure|Animation|Children|Comedy
414,58559,4.0,1251142393,"Dark Knight, The (2008)",Action|Crime|Drama|IMAX
414,79132,5.0,1281973850,Inception (2010),Action|Crime|Drama|Mystery|Sci-Fi|Thriller|IMAX
438,1,4.5,1105650469,Toy Story (1995),Adventure|Animation|Children|Comedy|Fantasy
438,10,4.0,1105664201,GoldenEye (1995),Action|Adventure|Thriller
438,32,4.0,1105666143,Twelve Monkeys (a.k.a. 12 Monkeys) (1995),Mystery|Sci-Fi|Thriller
438,110,4.5,1105666133,Braveheart (1995),Action|Drama|War
438,150,4.0,1105650458,Apollo 13 (1995),Adventure|Drama|IMAX
438,153,3.0,1105666167,Batman Forever (1995),Action|Adventure|Comedy|Crime
438,165,4.0,1105649809,Die Hard: With a Vengeance (1995),Action|Crime|Thriller
438,260,5.0,1105650450,Star Wars: Episode IV - A New Hope (1977),Action|Adventure|Sci-Fi
438,316,3.5,1105664330,Stargate (1994),Action|Adventure|Sci-Fi
438,318,5.0,1105649728,"Shawshank Redemption, The (1994)",Crime|Drama
438,344,4.0,1105649814,Ace Ventura: Pet Detective (1994),Comedy
438,356,4.0,1105650460,Forrest Gump (1994),Comedy|Drama|Romance|War
438,364,4.5,1105666213,"Lion King, The (1994)",Adventure|Animation|Children|Drama|Musical|IMAX
438,367,3.0,1105827055,"Mask, The (1994)",Action|Comedy|Crime|Fantasy
438,377,4.0,1105666157,Speed (1994),Action|Romance|Thriller
438,380,5.0,1105650452,True Lies (1994),Action|Adventure|Comedy|Romance|Thriller
438,457,4.0,1105650463,"Fugitive, The (1993)",Thriller
438,480,4.0,1105650457,Jurassic Park (1993),Action|Adventure|Sci-Fi|Thriller
438,500,3.5,1105666225,Mrs. Doubtfire (1993),Comedy|Drama
438,527,4.5,1105649740,Schindler's List (1993),Drama|War
438,588,4.0,1105666138,Aladdin (1992),Adventure|Animation|Children|Comedy|Musical
438,589,5.0,1105649725,Terminator 2: Judgment Day (1991),Action|Sci-Fi
438,590,3.0,1105649737,Dances with Wolves (1990),Adventure|Drama|Western
438,592,4.0,1105650447,Batman (1989),Action|Crime|Thriller
438,595,4.0,1105666178,Beauty and the Beast (1991),Animation|Children|Fantasy|Musical|Romance|IMAX
438,597,4.0,1105666215,Pretty Woman (1990),Comedy|Romance
438,648,4.0,1105664328,Mission: Impossible (1996),Action|Adventure|Mystery|Thriller
438,780,3.5,1105650467,Independence Day (a.k.a. ID4) (1996),Action|Adventure|Sci-Fi|Thriller
438,1036,4.0,1105668663,Die Hard (1988),Action|Crime|Thriller
438,1196,5.0,1105654505,Star Wars: Episode V - The Empire Strikes Back (1980),Action|Adventure|Sci-Fi
438,1210,5.0,1105654507,Star Wars: Episode VI - Return of the Jedi (1983),Action|Adventure|Sci-Fi
438,1240,4.0,1105649790,"Terminator, The (1984)",Action|Sci-Fi|Thriller
438,1265,4.0,1105898177,Groundhog Day (1993),Comedy|Fantasy|Romance
438,1270,4.0,1105649794,Back to the Future (1985),Adventure|Comedy|Sci-Fi
438,1580,4.0,1105664207,Men in Black (a.k.a. MIB) (1997),Action|Comedy|Sci-Fi
438,1682,4.0,1105649779,"Truman Show, The (1998)",Comedy|Drama|Sci-Fi
438,1704,4.5,1105666609,Good Will Hunting (1997),Drama|Romance
438,1721,3.0,1105666341,Titanic (1997),Drama|Romance
438,2028,4.0,1105666237,Saving Private Ryan (1998),Action|Drama|War
438,2571,5.0,1105664235,"Matrix, The (1999)",Action|Sci-Fi|Thriller
438,2628,3.0,1116602072,Star Wars: Episode I - The Phantom Menace (1999),Action|Adventure|Sci-Fi
438,2762,4.0,1105666343,"Sixth Sense, The (1999)",Drama|Horror|Mystery
438,2959,3.5,1105670975,Fight Club (1999),Action|Crime|Drama|Thriller
438,3578,5.0,1105650155,Gladiator (2000),Action|Adventure|Drama
438,3793,4.0,1105649537,X-Men (2000),Action|Adventure|Sci-Fi
438,4226,4.5,1105650108,Memento (2000),Mystery|Thriller
438,4306,4.5,1105649535,Shrek (2001),Adventure|Animation|Children|Comedy|Fantasy|Romance
438,4886,4.0,1105650237,"Monsters, Inc. (2001)",Adventure|Animation|Children|Comedy|Fantasy
438,4993,3.0,1105649530,"Lord of the Rings: The Fellowship of the Ring, The (2001)",Adventure|Fantasy
438,5952,4.0,1105650247,"Lord of the Rings: The Two Towers, The (2002)",Adventure|Fantasy
438,6377,4.0,1105650258,Finding Nemo (2003),Adventure|Animation|Children|Comedy
438,6539,5.0,1105649805,Pirates of the Caribbean: The Curse of the Black Pearl (2003),Action|Adventure|Comedy|Fantasy
438,6874,4.5,1105664286,Kill Bill: Vol. 1 (2003),Action|Crime|Thriller
438,7153,4.0,1105664174,"Lord of the Rings: The Return of the King, The (2003)",Action|Adventure|Drama|Fantasy
438,7361,4.0,1105653962,Eternal Sunshine of the Spotless Mind (2004),Drama|Romance|Sci-Fi
438,8961,5.0,1105649592,"Incredibles, The (2004)",Action|Adventure|Animation|Children|Comedy
448,1,5.0,1019126661,Toy Story (1995),Adventure|Animation|Children|Comedy|Fantasy
448,10,4.0,1019124400,GoldenEye (1995),Action|Adventure|Thriller
448,32,2.0,1019132949,Twelve Monkeys (a.k.a. 12 Monkeys) (1995),Mystery|Sci-Fi|Thriller
448,47,4.0,1019132386,Seven (a.k.a. Se7en) (1995),Mystery|Thriller
448,50,4.0,1064741727,"Usual Suspects, The (1995)",Crime|Mystery|Thriller
448,150,3.0,1019137611,Apollo 13 (1995),Adventure|Drama|IMAX
448,153,2.5,1118166852,Batman Forever (1995),Action|Adventure|Comedy|Crime
448,165,4.0,1019142324,Die Hard: With a Vengeance (1995),Action|Crime|Thriller
448,231,3.0,1019128257,Dumb & Dumber (Dumb and Dumber) (1994),Adventure|Comedy
448,260,5.0,1019124071,Star Wars: Episode IV - A New Hope (1977),Action|Adventure|Sci-Fi
448,296,5.0,1019132316,Pulp Fiction (1994),Comedy|Crime|Drama|Thriller
448,316,3.0,1028110820,Stargate (1994),Action|Adventure|Sci-Fi
448,344,3.0,1019128536,Ace Ventura: Pet Detective (1994),Comedy
448,356,3.0,1019127614,Forrest Gump (1994),Comedy|Drama|Romance|War
448,367,3.0,1019127943,"Mask, The (1994)",Action|Comedy|Crime|Fantasy
448,377,4.0,1019124324,Speed (1994),Action|Romance|Thriller
448,380,3.0,1019124334,True Lies (1994),Action|Adventure|Comedy|Romance|Thriller
448,457,4.0,1019142214,"Fugitive, The (1993)",Thriller
448,480,3.0,1019124292,Jurassic Park (1993),Action|Adventure|Sci-Fi|Thriller
448,500,4.0,1019128140,Mrs. Doubtfire (1993),Comedy|Drama
448,541,4.0,1019123960,Blade Runner (1982),Action|Sci-Fi|Thriller
448,589,3.0,1019124194,Terminator 2: Judgment Day (1991),Action|Sci-Fi
448,590,3.0,1019125259,Dances with Wolves (1990),Adventure|Drama|Western
448,592,3.0,1118166857,Batman (1989),Action|Crime|Thriller
448,593,5.0,1019132717,"Silence of the Lambs, The (1991)",Crime|Horror|Thriller
448,597,3.0,1019127874,Pretty Woman (1990),Comedy|Romance
448,608,4.0,1059899864,Fargo (1996),Comedy|Crime|Drama|Thriller
448,648,3.0,1019125129,Mission: Impossible (1996),Action|Adventure|Mystery|Thriller
448,780,3.0,1019133014,Independence Day (a.k.a. ID4) (1996),Action|Adventure|Sci-Fi|Thriller
448,858,5.0,1019124147,"Godfather, The (1972)",Crime|Drama
448,1036,5.0,1019124211,Die Hard (1988),Action|Crime|Thriller
448,1089,5.0,1019132326,Reservoir Dogs (1992),Crime|Mystery|Thriller
448,1136,5.0,1019130885,Monty Python and the Holy Grail (1975),Adventure|Comedy|Fantasy
448,1193,5.0,1019123928,One Flew Over the Cuckoo's Nest (1975),Drama
448,1196,5.0,1019124147,Star Wars: Episode V - The Empire Strikes Back (1980),Action|Adventure|Sci-Fi
448,1198,5.0,1019124147,Raiders of the Lost Ark (Indiana Jones and the Raiders of the Lost Ark) (1981),Action|Adventure
448,1200,2.0,1113129252,Aliens (1986),Action|Adventure|Horror|Sci-Fi
448,1210,5.0,1019123866,Star Wars: Episode VI - Return of the Jedi (1983),Action|Adventure|Sci-Fi
448,1213,5.0,1019132316,Goodfellas (1990),Crime|Drama
448,1214,3.0,1019124174,Alien (1979),Horror|Sci-Fi
448,1221,5.0,1019124147,"Godfather: Part II, The (1974)",Crime|Drama
448,1240,3.0,1019124194,"Terminator, The (1984)",Action|Sci-Fi|Thriller
448,1265,4.0,1164622262,Groundhog Day (1993),Comedy|Fantasy|Romance
448,1270,5.0,1019127202,Back to the Future (1985),Adventure|Comedy|Sci-Fi
448,1291,4.0,1019124231,Indiana Jones and the Last Crusade (1989),Action|Adventure
448,1580,4.0,1019124455,Men in Black (a.k.a. MIB) (1997),Action|Comedy|Sci-Fi
448,1682,3.0,1019137845,"Truman Show, The (1998)",Comedy|Drama|Sci-Fi
448,1704,4.0,1081171097,Good Will Hunting (1997),Drama|Romance
448,2571,2.0,1162753923,"Matrix, The (1999)",Action|Sci-Fi|Thriller
448,2628,2.0,1119469513,Star Wars: Episode I - The Phantom Menace (1999),Action|Adventure|Sci-Fi
448,2762,4.0,1019142152,"Sixth Sense, The (1999)",Drama|Horror|Mystery
448,2858,4.0,1043776610,American Beauty (1999),Drama|Romance
448,2959,4.0,1019137594,Fight Club (1999),Action|Crime|Drama|Thriller
448,3578,4.0,1019124292,Gladiator (2000),Action|Adventure|Drama
448,3793,4.0,1019125762,X-Men (2000),Action|Adventure|Sci-Fi
448,4226,4.0,1026978102,Memento (2000),Mystery|Thriller
448,4886,4.0,1071935179,"Monsters, Inc. (2001)",Adventure|Animation|Children|Comedy|Fantasy
448,4993,4.0,1041438979,"Lord of the Rings: The Fellowship of the Ring, The (2001)",Adventure|Fantasy
448,5952,4.0,1042547681,"Lord of the Rings: The Two Towers, The (2002)",Adventure|Fantasy
448,6377,3.5,1104061834,Finding Nemo (2003),Adventure|Animation|Children|Comedy
448,6539,3.5,1066291868,Pirates of the Caribbean: The Curse of the Black Pearl (2003),Action|Adventure|Comedy|Fantasy
448,6874,4.0,1067427681,Kill Bill: Vol. 1 (2003),Action|Crime|Thriller
448,7153,4.5,1074121330,"Lord of the Rings: The Return of the King, The (2003)",Action|Adventure|Drama|Fantasy
448,8961,4.5,1148466855,"Incredibles, The (2004)",Action|Adventure|Animation|Children|Comedy
448,58559,3.5,1232881338,"Dark Knight, The (2008)",Action|Crime|Drama|IMAX
448,79132,4.0,1316888022,Inception (2010),Action|Crime|Drama|Mystery|Sci-Fi|Thriller|IMAX
462,1,1.5,1154037653,Toy Story (1995),Adventure|Animation|Children|Comedy|Fantasy
462,10,3.0,1269929071,GoldenEye (1995),Action|Adventure|Thriller
462,32,3.5,1121921239,Twelve Monkeys (a.k.a. 12 Monkeys) (1995),Mystery|Sci-Fi|Thriller
462,47,4.0,1154037716,Seven (a.k.a. Se7en) (1995),Mystery|Thriller
462,50,3.5,1154037688,"Usual Suspects, The (1995)",Crime|Mystery|Thriller
462,231,2.5,1385917618,Dumb & Dumber (Dumb and Dumber) (1994),Adventure|Comedy
462,260,4.0,1140399826,Star Wars: Episode IV - A New Hope (1977),Action|Adventure|Sci-Fi
462,296,2.5,1123890816,Pulp Fiction (1994),Comedy|Crime|Drama|Thriller
462,318,4.0,1127101020,"Shawshank Redemption, The (1994)",Crime|Drama
462,356,2.5,1127100963,Forrest Gump (1994),Comedy|Drama|Romance|War
462,364,1.0,1121921449,"Lion King, The (1994)",Adventure|Animation|Children|Drama|Musical|IMAX
462,377,1.0,1154037677,Speed (1994),Action|Romance|Thriller
462,500,0.5,1123892424,Mrs. Doubtfire (1993),Comedy|Drama
462,527,1.5,1269929012,Schindler's List (1993),Drama|War
462,541,3.5,1123891140,Blade Runner (1982),Action|Sci-Fi|Thriller
462,589,2.5,1154037648,Terminator 2: Judgment Day (1991),Action|Sci-Fi
462,592,3.0,1269928992,Batman (1989),Action|Crime|Thriller
462,593,3.5,1123891493,"Silence of the Lambs, The (1991)",Crime|Horror|Thriller
462,597,1.5,1269929045,Pretty Woman (1990),Comedy|Romance
462,608,3.5,1123891152,Fargo (1996),Comedy|Crime|Drama|Thriller
462,858,5.0,1388252488,"Godfather, The (1972)",Crime|Drama
462,1036,1.5,1154024531,Die Hard (1988),Action|Crime|Thriller
462,1089,3.5,1123893698,Reservoir Dogs (1992),Crime|Mystery|Thriller
462,1136,4.5,1130433405,Monty Python and the Holy Grail (1975),Adventure|Comedy|Fantasy
462,1196,2.5,1123893572,Star Wars: Episode V - The Empire Strikes Back (1980),Action|Adventure|Sci-Fi
462,1198,3.5,1488672595,Raiders of the Lost Ark (Indiana Jones and the Raiders of the Lost Ark) (1981),Action|Adventure
462,1200,2.0,1154037863,Aliens (1986),Action|Adventure|Horror|Sci-Fi
462,1210,1.0,1154037668,Star Wars: Episode VI - Return of the Jedi (1983),Action|Adventure|Sci-Fi
462,1213,4.5,1123891892,Goodfellas (1990),Crime|Drama
462,1214,3.0,1154037840,Alien (1979),Horror|Sci-Fi
462,1221,4.5,1214102466,"Godfather: Part II, The (1974)",Crime|Drama
462,1240,4.0,1154037798,"Terminator, The (1984)",Action|Sci-Fi|Thriller
462,1270,1.5,1154037729,Back to the Future (1985),Adventure|Comedy|Sci-Fi
462,1580,4.0,1154037785,Men in Black (a.k.a. MIB) (1997),Action|Comedy|Sci-Fi
462,1682,4.0,1123891809,"Truman Show, The (1998)",Comedy|Drama|Sci-Fi
462,1721,2.5,1269929058,Titanic (1997),Drama|Romance
462,2028,2.0,1127101042,Saving Private Ryan (1998),Action|Drama|War
462,2571,0.5,1154037742,"Matrix, The (1999)",Action|Sci-Fi|Thriller
462,2628,0.5,1140399820,Star Wars: Episode I - The Phantom Menace (1999),Action|Adventure|Sci-Fi
462,2762,2.5,1121921346,"Sixth Sense, The (1999)",Drama|Horror|Mystery
462,2858,3.5,1154037735,American Beauty (1999),Drama|Romance
462,2959,3.5,1154037881,Fight Club (1999),Action|Crime|Drama|Thriller
462,3578,2.0,1136822144,Gladiator (2000),Action|Adventure|Drama
462,3793,4.0,1121921084,X-Men (2000),Action|Adventure|Sci-Fi
462,4886,1.5,1162738772,"Monsters, Inc. (2001)",Adventure|Animation|Children|Comedy|Fantasy
462,4993,4.5,1123892035,"Lord of the Rings: The Fellowship of the Ring, The (2001)",Adventure|Fantasy
462,5952,4.0,1121921155,"Lord of the Rings: The Two Towers, The (2002)",Adventure|Fantasy
462,6539,4.0,1137445122,Pirates of the Caribbean: The Curse of the Black Pearl (2003),Action|Adventure|Comedy|Fantasy
462,7153,4.5,1121922359,"Lord of the Rings: The Return of the King, The (2003)",Action|Adventure|Drama|Fantasy
469,1,4.0,965336888,Toy Story (1995),Adventure|Animation|Children|Comedy|Fantasy
469,10,2.0,965334356,GoldenEye (1995),Action|Adventure|Thriller
469,32,5.0,965335350,Twelve Monkeys (a.k.a. 12 Monkeys) (1995),Mystery|Sci-Fi|Thriller
469,47,4.0,965336711,Seven (a.k.a. Se7en) (1995),Mystery|Thriller
469,50,4.0,965336630,"Usual Suspects, The (1995)",Crime|Mystery|Thriller
469,110,5.0,965333863,Braveheart (1995),Action|Drama|War
469,260,4.0,965333666,Star Wars: Episode IV - A New Hope (1977),Action|Adventure|Sci-Fi
469,293,4.0,965336739,Léon: The Professional (a.k.a. The Professional) (Léon) (1994),Action|Crime|Drama|Thriller
469,296,5.0,965336630,Pulp Fiction (1994),Comedy|Crime|Drama|Thriller
469,316,3.0,965334440,Stargate (1994),Action|Adventure|Sci-Fi
469,318,5.0,965662055,"Shawshank Redemption, The (1994)",Crime|Drama
469,367,2.0,965336711,"Mask, The (1994)",Action|Comedy|Crime|Fantasy
469,380,4.0,965334400,True Lies (1994),Action|Adventure|Comedy|Romance|Thriller
469,457,3.0,965333831,"Fugitive, The (1993)",Thriller
469,480,3.0,965333973,Jurassic Park (1993),Action|Adventure|Sci-Fi|Thriller
469,527,4.0,965845606,Schindler's List (1993),Drama|War
469,541,5.0,965335217,Blade Runner (1982),Action|Sci-Fi|Thriller
469,588,2.0,965425547,Aladdin (1992),Adventure|Animation|Children|Comedy|Musical
469,589,4.0,965333794,Terminator 2: Judgment Day (1991),Action|Sci-Fi
469,590,4.0,965846465,Dances with Wolves (1990),Adventure|Drama|Western
469,592,3.0,965334034,Batman (1989),Action|Crime|Thriller
469,593,4.0,965661952,"Silence of the Lambs, The (1991)",Crime|Horror|Thriller
469,608,5.0,965336630,Fargo (1996),Comedy|Crime|Drama|Thriller
469,648,2.0,965334535,Mission: Impossible (1996),Action|Adventure|Mystery|Thriller
469,780,2.0,965334475,Independence Day (a.k.a. ID4) (1996),Action|Adventure|Sci-Fi|Thriller
469,858,5.0,965333666,"Godfather, The (1972)",Crime|Drama
469,1036,4.0,965333794,Die Hard (1988),Action|Crime|Thriller
469,1089,5.0,965336673,Reservoir Dogs (1992),Crime|Mystery|Thriller
469,1136,5.0,965336905,Monty Python and the Holy Grail (1975),Adventure|Comedy|Fantasy
469,1193,5.0,965662034,One Flew Over the Cuckoo's Nest (1975),Drama
469,1196,5.0,965333710,Star Wars: Episode V - The Empire Strikes Back (1980),Action|Adventure|Sci-Fi
469,1197,5.0,965333764,"Princess Bride, The (1987)",Action|Adventure|Comedy|Fantasy|Romance
469,1198,4.0,965333666,Raiders of the Lost Ark (Indiana Jones and the Raiders of the Lost Ark) (1981),Action|Adventure
469,1200,4.0,965333750,Aliens (1986),Action|Adventure|Horror|Sci-Fi
469,1210,3.0,965333863,Star Wars: Episode VI - Return of the Jedi (1983),Action|Adventure|Sci-Fi
469,1213,4.0,965336611,Goodfellas (1990),Crime|Drama
469,1214,5.0,965333710,Alien (1979),Horror|Sci-Fi
469,1221,5.0,965333666,"Godfather: Part II, The (1974)",Crime|Drama
469,1240,4.0,965333750,"Terminator, The (1984)",Action|Sci-Fi|Thriller
469,1265,5.0,965336955,Groundhog Day (1993),Comedy|Fantasy|Romance
469,1270,3.0,965335350,Back to the Future (1985),Adventure|Comedy|Sci-Fi
469,1291,3.0,965333750,Indiana Jones and the Last Crusade (1989),Action|Adventure
469,1580,3.0,965334076,Men in Black (a.k.a. MIB) (1997),Action|Comedy|Sci-Fi
469,1704,3.0,965846390,Good Will Hunting (1997),Drama|Romance
469,2028,4.0,965333710,Saving Private Ryan (1998),Action|Drama|War
469,2571,4.0,965335373,"Matrix, The (1999)",Action|Sci-Fi|Thriller
469,2628,3.0,965334591,Star Wars: Episode I - The Phantom Menace (1999),Action|Adventure|Sci-Fi
469,2762,5.0,965845908,"Sixth Sense, The (1999)",Drama|Horror|Mystery
469,2858,5.0,965333510,American Beauty (1999),Drama|Romance
474,1,4.0,978575760,Toy Story (1995),Adventure|Animation|Children|Comedy|Fantasy
474,32,4.0,1081177409,Twelve Monkeys (a.k.a. 12 Monkeys) (1995),Mystery|Sci-Fi|Thriller
474,34,4.5,1081177349,Babe (1995),Children|Drama
474,47,4.0,979180247,Seven (a.k.a. Se7en) (1995),Mystery|Thriller
474,50,4.0,979179872,"Usual Suspects, The (1995)",Crime|Mystery|Thriller
474,110,3.0,1137180852,Braveheart (1995),Action|Drama|War
474,150,4.5,1100119714,Apollo 13 (1995),Adventure|Drama|IMAX
474,153,3.0,1046881303,Batman Forever (1995),Action|Adventure|Comedy|Crime
474,260,4.0,975173633,Star Wars: Episode IV - A New Hope (1977),Action|Adventure|Sci-Fi
474,293,3.5,1079099410,Léon: The Professional (a.k.a. The Professional) (Léon) (1994),Action|Crime|Drama|Thriller
474,296,4.0,979179939,Pulp Fiction (1994),Comedy|Crime|Drama|Thriller
474,316,3.5,1053021158,Stargate (1994),Action|Adventure|Sci-Fi
474,318,5.0,979179840,"Shawshank Redemption, The (1994)",Crime|Drama
474,344,1.0,1046887677,Ace Ventura: Pet Detective (1994),Comedy
474,356,3.0,1100292489,Forrest Gump (1994),Comedy|Drama|Romance|War
474,364,4.5,1081177308,"Lion King, The (1994)",Adventure|Animation|Children|Drama|Musical|IMAX
474,367,1.0,1046887326,"Mask, The (1994)",Action|Comedy|Crime|Fantasy
474,377,4.0,974667447,Speed (1994),Action|Romance|Thriller
474,380,4.0,974667484,True Lies (1994),Action|Adventure|Comedy|Romance|Thriller
474,457,5.0,974667331,"Fugitive, The (1993)",Thriller
474,480,4.5,1100119725,Jurassic Park (1993),Action|Adventure|Sci-Fi|Thriller
474,500,2.5,1053021883,Mrs. Doubtfire (1993),Comedy|Drama
474,527,5.0,979179823,Schindler's List (1993),Drama|War
474,541,3.0,1127688948,Blade Runner (1982),Action|Sci-Fi|Thriller
474,588,4.0,978576063,Aladdin (1992),Adventure|Animation|Children|Comedy|Musical
474,589,4.0,1111499815,Terminator 2: Judgment Day (1991),Action|Sci-Fi
474,590,3.5,1100292189,Dances with Wolves (1990),Adventure|Drama|Western
474,592,4.0,1002928730,Batman (1989),Action|Crime|Thriller
474,593,4.5,1087831816,"Silence of the Lambs, The (1991)",Crime|Horror|Thriller
474,595,5.0,1100119595,Beauty and the Beast (1991),Animation|Children|Fantasy|Musical|Romance|IMAX
474,597,4.0,974669033,Pretty Woman (1990),Comedy|Romance
474,608,4.0,1137008687,Fargo (1996),Comedy|Crime|Drama|Thriller
474,648,3.5,1053021262,Mission: Impossible (1996),Action|Adventure|Mystery|Thriller
474,780,4.0,974667743,Independence Day (a.k.a. ID4) (1996),Action|Adventure|Sci-Fi|Thriller
474,858,5.0,983033120,"Godfather, The (1972)",Crime|Drama
474,1036,3.0,983034060,Die Hard (1988),Action|Crime|Thriller
474,1089,4.0,1109690419,Reservoir Dogs (1992),Crime|Mystery|Thriller
474,1136,4.5,1081177312,Monty Python and the Holy Grail (1975),Adventure|Comedy|Fantasy
474,1193,3.5,1053021005,One Flew Over the Cuckoo's Nest (1975),Drama
474,1196,5.0,983034060,Star Wars: Episode V - The Empire Strikes Back (1980),Action|Adventure|Sci-Fi
474,1197,4.5,1087832016,"Princess Bride, The (1987)",Action|Adventure|Comedy|Fantasy|Romance
474,1198,4.0,983034022,Raiders of the Lost Ark (Indiana Jones and the Raiders of the Lost Ark) (1981),Action|Adventure
474,1200,3.5,1116853629,Aliens (1986),Action|Adventure|Horror|Sci-Fi
474,1210,4.0,1002928633,Star Wars: Episode VI - Return of the Jedi (1983),Action|Adventure|Sci-Fi
474,1213,3.5,1053021608,Goodfellas (1990),Crime|Drama
474,1214,4.0,1103379434,Alien (1979),Horror|Sci-Fi
474,1221,5.0,983033120,"Godfather: Part II, The (1974)",Crime|Drama
474,1240,4.0,1111412847,"Terminator, The (1984)",Action|Sci-Fi|Thriller
474,1265,3.0,974668666,Groundhog Day (1993),Comedy|Fantasy|Romance
474,1270,4.5,1081177274,Back to the Future (1985),Adventure|Comedy|Sci-Fi
474,1291,4.0,983034060,Indiana Jones and the Last Crusade (1989),Action|Adventure
474,1580,4.5,1100119838,Men in Black (a.k.a. MIB) (1997),Action|Comedy|Sci-Fi
474,1682,4.5,1100119638,"Truman Show, The (1998)",Comedy|Drama|Sci-Fi
474,1704,3.5,1129579341,Good Will Hunting (1997),Drama|Romance
474,1721,4.0,974668977,Titanic (1997),Drama|Romance
474,2028,3.0,974667301,Saving Private Ryan (1998),Action|Drama|War
474,2329,4.0,979180103,American History X (1998),Crime|Drama
474,2571,4.5,1053020932,"Matrix, The (1999)",Action|Sci-Fi|Thriller
474,2628,4.0,974667509,Star Wars: Episode I - The Phantom Menace (1999),Action|Adventure|Sci-Fi
474,2762,5.0,979179872,"Sixth Sense, The (1999)",Drama|Horror|Mystery
474,2858,3.5,1087831985,American Beauty (1999),Drama|Romance
474,2959,4.0,1100291874,Fight Club (1999),Action|Crime|Drama|Thriller
474,3578,3.0,974667165,Gladiator (2000),Action|Adventure|Drama
474,3793,4.5,1081177383,X-Men (2000),Action|Adventure|Sci-Fi
474,4226,5.0,990751680,Memento (2000),Mystery|Thriller
474,4306,4.5,1081177366,Shrek (2001),Adventure|Animation|Children|Comedy|Fantasy|Romance
474,4886,3.0,1046871268,"Monsters, Inc. (2001)",Adventure|Animation|Children|Comedy|Fantasy
474,4993,5.0,1013367179,"Lord of the Rings: The Fellowship of the Ring, The (2001)",Adventure|Fantasy
474,5952,5.0,1046809381,"Lord of the Rings: The Two Towers, The (2002)",Adventure|Fantasy
474,6377,4.0,1070397403,Finding Nemo (2003),Adventure|Animation|Children|Comedy
474,6539,3.5,1075129578,Pirates of the Caribbean: The Curse of the Black Pearl (2003),Action|Adventure|Comedy|Fantasy
474,6874,4.0,1082256514,Kill Bill: Vol. 1 (2003),Action|Crime|Thriller
474,7153,5.0,1072654131,"Lord of the Rings: The Return of the King, The (2003)",Action|Adventure|Drama|Fantasy
474,7361,4.5,1080568420,Eternal Sunshine of the Spotless Mind (2004),Drama|Romance|Sci-Fi
474,8961,4.0,1111151849,"Incredibles, The (2004)",Action|Adventure|Animation|Children|Comedy
477,1,4.0,1200939636,Toy Story (1995),Adventure|Animation|Children|Comedy|Fantasy
477,32,4.5,1200939654,Twelve Monkeys (a.k.a. 12 Monkeys) (1995),Mystery|Sci-Fi|Thriller
477,34,4.0,1200939719,Babe (1995),Children|Drama
477,47,4.0,1200939679,Seven (a.k.a. Se7en) (1995),Mystery|Thriller
477,150,4.0,1200940406,Apollo 13 (1995),Adventure|Drama|IMAX
477,231,3.5,1200939725,Dumb & Dumber (Dumb and Dumber) (1994),Adventure|Comedy
477,260,4.5,1200939628,Star Wars: Episode IV - A New Hope (1977),Action|Adventure|Sci-Fi
477,296,4.5,1200939617,Pulp Fiction (1994),Comedy|Crime|Drama|Thriller
477,316,3.0,1200939711,Stargate (1994),Action|Adventure|Sci-Fi
477,318,5.0,1200939396,"Shawshank Redemption, The (1994)",Crime|Drama
477,344,3.0,1200939667,Ace Ventura: Pet Detective (1994),Comedy
477,356,5.0,1200939619,Forrest Gump (1994),Comedy|Drama|Romance|War
477,364,4.0,1200939706,"Lion King, The (1994)",Adventure|Animation|Children|Drama|Musical|IMAX
477,367,1.0,1200940274,"Mask, The (1994)",Action|Comedy|Crime|Fantasy
477,377,3.0,1200943753,Speed (1994),Action|Romance|Thriller
477,457,5.0,1200944274,"Fugitive, The (1993)",Thriller
477,480,4.0,1200939622,Jurassic Park (1993),Action|Adventure|Sci-Fi|Thriller
477,500,3.5,1200939738,Mrs. Doubtfire (1993),Comedy|Drama
477,527,4.5,1229452307,Schindler's List (1993),Drama|War
477,541,5.0,1201158878,Blade Runner (1982),Action|Sci-Fi|Thriller
477,588,3.0,1200939653,Aladdin (1992),Adventure|Animation|Children|Comedy|Musical
477,589,5.0,1200939634,Terminator 2: Judgment Day (1991),Action|Sci-Fi
477,593,5.0,1200939621,"Silence of the Lambs, The (1991)",Crime|Horror|Thriller
477,595,3.0,1200944420,Beauty and the Beast (1991),Animation|Children|Fantasy|Musical|Romance|IMAX
477,608,4.5,1262794054,Fargo (1996),Comedy|Crime|Drama|Thriller
477,648,3.0,1200939670,Mission: Impossible (1996),Action|Adventure|Mystery|Thriller
477,780,4.0,1200939639,Independence Day (a.k.a. ID4) (1996),Action|Adventure|Sci-Fi|Thriller
477,1036,4.5,1279499481,Die Hard (1988),Action|Crime|Thriller
477,1089,4.0,1200939949,Reservoir Dogs (1992),Crime|Mystery|Thriller
477,1136,4.5,1200939813,Monty Python and the Holy Grail (1975),Adventure|Comedy|Fantasy
477,1193,4.5,1200939373,One Flew Over the Cuckoo's Nest (1975),Drama
477,1196,5.0,1200939665,Star Wars: Episode V - The Empire Strikes Back (1980),Action|Adventure|Sci-Fi
477,1198,4.0,1200939393,Raiders of the Lost Ark (Indiana Jones and the Raiders of the Lost Ark) (1981),Action|Adventure
477,1210,4.5,1200939648,Star Wars: Episode VI - Return of the Jedi (1983),Action|Adventure|Sci-Fi
477,1214,4.5,1200939818,Alien (1979),Horror|Sci-Fi
477,1240,4.0,1200939768,"Terminator, The (1984)",Action|Sci-Fi|Thriller
477,1265,4.0,1200939795,Groundhog Day (1993),Comedy|Fantasy|Romance
477,1270,4.5,1200939690,Back to the Future (1985),Adventure|Comedy|Sci-Fi
477,1291,4.0,1200939811,Indiana Jones and the Last Crusade (1989),Action|Adventure
477,1580,4.0,1200939760,Men in Black (a.k.a. MIB) (1997),Action|Comedy|Sci-Fi
477,1682,4.5,1200940021,"Truman Show, The (1998)",Comedy|Drama|Sci-Fi
477,1721,3.5,1200939764,Titanic (1997),Drama|Romance
477,2028,4.0,1200939714,Saving Private Ryan (1998),Action|Drama|War
477,2571,4.0,1200939698,"Matrix, The (1999)",Action|Sci-Fi|Thriller
477,2628,4.0,1200939784,Star Wars: Episode I - The Phantom Menace (1999),Action|Adventure|Sci-Fi
477,2762,4.0,1200939741,"Sixth Sense, The (1999)",Drama|Horror|Mystery
477,2858,4.5,1200939674,American Beauty (1999),Drama|Romance
477,3793,4.0,1200939934,X-Men (2000),Action|Adventure|Sci-Fi
477,4226,4.0,1200939350,Memento (2000),Mystery|Thriller
477,4306,4.0,1200939854,Shrek (2001),Adventure|Animation|Children|Comedy|Fantasy|Romance
477,4993,4.5,1200939842,"Lord of the Rings: The Fellowship of the Ring, The (2001)",Adventure|Fantasy
477,5952,4.0,1200939884,"Lord of the Rings: The Two Towers, The (2002)",Adventure|Fantasy
477,6377,3.5,1200940263,Finding Nemo (2003),Adventure|Animation|Children|Comedy
477,6539,3.0,1200945523,Pirates of the Caribbean: The Curse of the Black Pearl (2003),Action|Adventure|Comedy|Fantasy
477,6874,3.5,1200946278,Kill Bill: Vol. 1 (2003),Action|Crime|Thriller
477,7153,4.0,1200940018,"Lord of the Rings: The Return of the King, The (2003)",Action|Adventure|Drama|Fantasy
477,7361,4.0,1200940259,Eternal Sunshine of the Spotless Mind (2004),Drama|Romance|Sci-Fi
477,8961,4.0,1200940137,"Incredibles, The (2004)",Action|Adventure|Animation|Children|Comedy
477,58559,4.5,1216608858,"Dark Knight, The (2008)",Action|Crime|Drama|IMAX
477,79132,4.5,1280608200,Inception (2010),Action|Crime|Drama|Mystery|Sci-Fi|Thriller|IMAX
480,1,3.0,1179178004,Toy Story (1995),Adventure|Animation|Children|Comedy|Fantasy
480,10,4.0,1179177922,GoldenEye (1995),Action|Adventure|Thriller
480,32,4.0,1179177844,Twelve Monkeys (a.k.a. 12 Monkeys) (1995),Mystery|Sci-Fi|Thriller
480,34,4.0,1179178044,Babe (1995),Children|Drama
480,47,4.5,1179177656,Seven (a.k.a. Se7en) (1995),Mystery|Thriller
480,50,3.5,1179160287,"Usual Suspects, The (1995)",Crime|Mystery|Thriller
480,110,5.0,1179160978,Braveheart (1995),Action|Drama|War
480,150,3.5,1179160667,Apollo 13 (1995),Adventure|Drama|IMAX
480,153,1.0,1179177736,Batman Forever (1995),Action|Adventure|Comedy|Crime
480,165,3.0,1179177627,Die Hard: With a Vengeance (1995),Action|Crime|Thriller
480,231,3.0,1179177739,Dumb & Dumber (Dumb and Dumber) (1994),Adventure|Comedy
480,260,4.5,1179160262,Star Wars: Episode IV - A New Hope (1977),Action|Adventure|Sci-Fi
480,293,4.5,1179178211,Léon: The Professional (a.k.a. The Professional) (Léon) (1994),Action|Crime|Drama|Thriller
480,296,4.0,1179177639,Pulp Fiction (1994),Comedy|Crime|Drama|Thriller
480,316,4.0,1179177651,Stargate (1994),Action|Adventure|Sci-Fi
480,318,5.0,1179160238,"Shawshank Redemption, The (1994)",Crime|Drama
480,344,3.5,1179177619,Ace Ventura: Pet Detective (1994),Comedy
480,356,5.0,1179161816,Forrest Gump (1994),Comedy|Drama|Romance|War
480,364,3.5,1179162651,"Lion King, The (1994)",Adventure|Animation|Children|Drama|Musical|IMAX
480,367,4.0,1179177752,"Mask, The (1994)",Action|Comedy|Crime|Fantasy
480,377,3.5,1179177648,Speed (1994),Action|Romance|Thriller
480,380,2.5,1179177630,True Lies (1994),Action|Adventure|Comedy|Romance|Thriller
480,457,3.5,1179161885,"Fugitive, The (1993)",Thriller
480,480,5.0,1179162498,Jurassic Park (1993),Action|Adventure|Sci-Fi|Thriller
480,500,4.0,1179177891,Mrs. Doubtfire (1993),Comedy|Drama
480,527,5.0,1179160233,Schindler's List (1993),Drama|War
480,541,4.0,1179160077,Blade Runner (1982),Action|Sci-Fi|Thriller
480,588,4.0,1179177801,Aladdin (1992),Adventure|Animation|Children|Comedy|Musical
480,589,4.5,1179177674,Terminator 2: Judgment Day (1991),Action|Sci-Fi
480,590,5.0,1179161349,Dances with Wolves (1990),Adventure|Drama|Western
480,592,4.5,1179177615,Batman (1989),Action|Crime|Thriller
480,593,4.5,1179160242,"Silence of the Lambs, The (1991)",Crime|Horror|Thriller
480,595,3.0,1179160788,Beauty and the Beast (1991),Animation|Children|Fantasy|Musical|Romance|IMAX
480,597,3.0,1179177776,Pretty Woman (1990),Comedy|Romance
480,608,4.0,1179177667,Fargo (1996),Comedy|Crime|Drama|Thriller
480,648,3.0,1179177792,Mission: Impossible (1996),Action|Adventure|Mystery|Thriller
480,780,3.0,1179177680,Independence Day (a.k.a. ID4) (1996),Action|Adventure|Sci-Fi|Thriller
480,858,5.0,1179160125,"Godfather, The (1972)",Crime|Drama
480,1036,3.5,1179161463,Die Hard (1988),Action|Crime|Thriller
480,1089,4.0,1179178001,Reservoir Dogs (1992),Crime|Mystery|Thriller
480,1136,5.0,1179160187,Monty Python and the Holy Grail (1975),Adventure|Comedy|Fantasy
480,1193,3.5,1179160200,One Flew Over the Cuckoo's Nest (1975),Drama
480,1196,5.0,1179160264,Star Wars: Episode V - The Empire Strikes Back (1980),Action|Adventure|Sci-Fi
480,1197,4.5,1179160217,"Princess Bride, The (1987)",Action|Adventure|Comedy|Fantasy|Romance
480,1198,5.0,1179160219,Raiders of the Lost Ark (Indiana Jones and the Raiders of the Lost Ark) (1981),Action|Adventure
480,1200,4.0,1179160559,Aliens (1986),Action|Adventure|Horror|Sci-Fi
480,1210,3.5,1179177713,Star Wars: Episode VI - Return of the Jedi (1983),Action|Adventure|Sci-Fi
480,1213,4.0,1179160131,Goodfellas (1990),Crime|Drama
480,1214,5.0,1179160557,Alien (1979),Horror|Sci-Fi
480,1221,5.0,1179160127,"Godfather: Part II, The (1974)",Crime|Drama
480,1240,4.0,1179177903,"Terminator, The (1984)",Action|Sci-Fi|Thriller
480,1265,3.0,1179162064,Groundhog Day (1993),Comedy|Fantasy|Romance
480,1270,5.0,1179160718,Back to the Future (1985),Adventure|Comedy|Sci-Fi
480,1291,5.0,1179162388,Indiana Jones and the Last Crusade (1989),Action|Adventure
480,1580,3.5,1179177734,Men in Black (a.k.a. MIB) (1997),Action|Comedy|Sci-Fi
480,1682,4.5,1179178013,"Truman Show, The (1998)",Comedy|Drama|Sci-Fi
480,1704,5.0,1179161993,Good Will Hunting (1997),Drama|Romance
480,1721,4.0,1179178328,Titanic (1997),Drama|Romance
480,2028,4.5,1179177682,Saving Private Ryan (1998),Action|Drama|War
480,2329,5.0,1179160064,American History X (1998),Crime|Drama
480,2571,5.0,1179160175,"Matrix, The (1999)",Action|Sci-Fi|Thriller
480,2628,2.0,1179177670,Star Wars: Episode I - The Phantom Menace (1999),Action|Adventure|Sci-Fi
480,2762,4.0,1179160250,"Sixth Sense, The (1999)",Drama|Horror|Mystery
480,2858,4.0,1179160061,American Beauty (1999),Drama|Romance
480,2959,4.5,1179160120,Fight Club (1999),Action|Crime|Drama|Thriller
480,3578,4.5,1179161959,Gladiator (2000),Action|Adventure|Drama
480,3793,4.0,1179163791,X-Men (2000),Action|Adventure|Sci-Fi
480,4226,4.0,1179160178,Memento (2000),Mystery|Thriller
480,4306,3.5,1179163506,Shrek (2001),Adventure|Animation|Children|Comedy|Fantasy|Romance
480,4886,2.5,1179163392,"Monsters, Inc. (2001)",Adventure|Animation|Children|Comedy|Fantasy
480,4993,3.5,1179160162,"Lord of the Rings: The Fellowship of the Ring, The (2001)",Adventure|Fantasy
480,5952,4.5,1179160168,"Lord of the Rings: The Two Towers, The (2002)",Adventure|Fantasy
480,6377,3.0,1179161764,Finding Nemo (2003),Adventure|Animation|Children|Comedy
480,6539,3.0,1179163366,Pirates of the Caribbean: The Curse of the Black Pearl (2003),Action|Adventure|Comedy|Fantasy
480,6874,4.0,1179162511,Kill Bill: Vol. 1 (2003),Action|Crime|Thriller
480,7153,4.0,1179160166,"Lord of the Rings: The Return of the King, The (2003)",Action|Adventure|Drama|Fantasy
480,7361,4.5,1179160117,Eternal Sunshine of the Spotless Mind (2004),Drama|Romance|Sci-Fi
480,8961,3.5,1179162375,"Incredibles, The (2004)",Action|Adventure|Animation|Children|Comedy
483,1,4.0,1178293130,Toy Story (1995),Adventure|Animation|Children|Comedy|Fantasy
483,10,2.0,1178293444,GoldenEye (1995),Action|Adventure|Thriller
483,32,5.0,1178213437,Twelve Monkeys (a.k.a. 12 Monkeys) (1995),Mystery|Sci-Fi|Thriller
483,47,3.5,1178215187,Seven (a.k.a. Se7en) (1995),Mystery|Thriller
483,50,4.5,1204405320,"Usual Suspects, The (1995)",Crime|Mystery|Thriller
483,110,4.0,1178292986,Braveheart (1995),Action|Drama|War
483,150,2.0,1178293393,Apollo 13 (1995),Adventure|Drama|IMAX
483,153,2.0,1181494702,Batman Forever (1995),Action|Adventure|Comedy|Crime
483,165,4.5,1226359677,Die Hard: With a Vengeance (1995),Action|Crime|Thriller
483,231,3.0,1178293069,Dumb & Dumber (Dumb and Dumber) (1994),Adventure|Comedy
483,260,4.5,1327276785,Star Wars: Episode IV - A New Hope (1977),Action|Adventure|Sci-Fi
483,293,4.0,1181494891,Léon: The Professional (a.k.a. The Professional) (Léon) (1994),Action|Crime|Drama|Thriller
483,296,5.0,1178213426,Pulp Fiction (1994),Comedy|Crime|Drama|Thriller
483,318,5.0,1291838563,"Shawshank Redemption, The (1994)",Crime|Drama
483,344,4.0,1178215162,Ace Ventura: Pet Detective (1994),Comedy
483,356,5.0,1415579192,Forrest Gump (1994),Comedy|Drama|Romance|War
483,364,4.0,1178215210,"Lion King, The (1994)",Adventure|Animation|Children|Drama|Musical|IMAX
483,367,3.0,1178293175,"Mask, The (1994)",Action|Comedy|Crime|Fantasy
483,377,1.5,1181496681,Speed (1994),Action|Romance|Thriller
483,380,4.0,1178217461,True Lies (1994),Action|Adventure|Comedy|Romance|Thriller
483,457,2.5,1178293346,"Fugitive, The (1993)",Thriller
483,480,4.0,1178293045,Jurassic Park (1993),Action|Adventure|Sci-Fi|Thriller
483,500,3.5,1178293521,Mrs. Doubtfire (1993),Comedy|Drama
483,527,5.0,1415579196,Schindler's List (1993),Drama|War
483,588,4.0,1178293097,Aladdin (1992),Adventure|Animation|Children|Comedy|Musical
483,589,4.0,1178215130,Terminator 2: Judgment Day (1991),Action|Sci-Fi
483,592,3.5,1178215116,Batman (1989),Action|Crime|Thriller
483,595,3.5,1178293242,Beauty and the Beast (1991),Animation|Children|Fantasy|Musical|Romance|IMAX
483,597,3.0,1178293142,Pretty Woman (1990),Comedy|Romance
483,608,4.0,1199992684,Fargo (1996),Comedy|Crime|Drama|Thriller
483,648,2.0,1178293442,Mission: Impossible (1996),Action|Adventure|Mystery|Thriller
483,780,3.0,1178294810,Independence Day (a.k.a. ID4) (1996),Action|Adventure|Sci-Fi|Thriller
483,858,4.0,1178213656,"Godfather, The (1972)",Crime|Drama
483,1036,3.5,1178293072,Die Hard (1988),Action|Crime|Thriller
483,1136,4.5,1277996223,Monty Python and the Holy Grail (1975),Adventure|Comedy|Fantasy
483,1193,3.0,1178293569,One Flew Over the Cuckoo's Nest (1975),Drama
483,1196,4.5,1327276799,Star Wars: Episode V - The Empire Strikes Back (1980),Action|Adventure|Sci-Fi
483,1197,5.0,1178213522,"Princess Bride, The (1987)",Action|Adventure|Comedy|Fantasy|Romance
483,1198,4.0,1178292917,Raiders of the Lost Ark (Indiana Jones and the Raiders of the Lost Ark) (1981),Action|Adventure
483,1200,4.5,1181494833,Aliens (1986),Action|Adventure|Horror|Sci-Fi
483,1210,4.5,1327276791,Star Wars: Episode VI - Return of the Jedi (1983),Action|Adventure|Sci-Fi
483,1214,4.0,1178293094,Alien (1979),Horror|Sci-Fi
483,1221,3.5,1181494841,"Godfather: Part II, The (1974)",Crime|Drama
483,1240,3.5,1178215275,"Terminator, The (1984)",Action|Sci-Fi|Thriller
483,1265,5.0,1215894912,Groundhog Day (1993),Comedy|Fantasy|Romance
483,1270,4.5,1178215197,Back to the Future (1985),Adventure|Comedy|Sci-Fi
483,1291,5.0,1415579027,Indiana Jones and the Last Crusade (1989),Action|Adventure
483,1580,2.0,1178293293,Men in Black (a.k.a. MIB) (1997),Action|Comedy|Sci-Fi
483,1682,3.5,1178293741,"Truman Show, The (1998)",Comedy|Drama|Sci-Fi
483,1704,4.5,1178215676,Good Will Hunting (1997),Drama|Romance
483,1721,2.0,1181496542,Titanic (1997),Drama|Romance
483,2028,4.0,1178293027,Saving Private Ryan (1998),Action|Drama|War
483,2329,3.0,1181496656,American History X (1998),Crime|Drama
483,2571,4.5,1215548672,"Matrix, The (1999)",Action|Sci-Fi|Thriller
483,2628,3.0,1327276826,Star Wars: Episode I - The Phantom Menace (1999),Action|Adventure|Sci-Fi
483,2762,3.5,1178292994,"Sixth Sense, The (1999)",Drama|Horror|Mystery
483,2858,4.0,1178215201,American Beauty (1999),Drama|Romance
483,2959,4.5,1215871698,Fight Club (1999),Action|Crime|Drama|Thriller
483,3578,3.5,1178293197,Gladiator (2000),Action|Adventure|Drama
483,3793,3.0,1181494884,X-Men (2000),Action|Adventure|Sci-Fi
483,4226,4.0,1178293035,Memento (2000),Mystery|Thriller
483,4306,4.0,1178292998,Shrek (2001),Adventure|Animation|Children|Comedy|Fantasy|Romance
483,4886,4.5,1178293841,"Monsters, Inc. (2001)",Adventure|Animation|Children|Comedy|Fantasy
483,4993,4.5,1178292943,"Lord of the Rings: The Fellowship of the Ring, The (2001)",Adventure|Fantasy
483,5952,4.5,1181494857,"Lord of the Rings: The Two Towers, The (2002)",Adventure|Fantasy
483,6377,4.5,1178294172,Finding Nemo (2003),Adventure|Animation|Children|Comedy
483,6539,4.0,1178213524,Pirates of the Caribbean: The Curse of the Black Pearl (2003),Action|Adventure|Comedy|Fantasy
483,6874,5.0,1415579179,Kill Bill: Vol. 1 (2003),Action|Crime|Thriller
483,7153,4.0,1204277340,"Lord of the Rings: The Return of the King, The (2003)",Action|Adventure|Drama|Fantasy
483,7361,5.0,1178211487,Eternal Sunshine of the Spotless Mind (2004),Drama|Romance|Sci-Fi
483,8961,4.0,1178213548,"Incredibles, The (2004)",Action|Adventure|Animation|Children|Comedy
483,58559,4.0,1226359425,"Dark Knight, The (2008)",Action|Crime|Drama|IMAX
483,79132,5.0,1281384288,Inception (2010),Action|Crime|Drama|Mystery|Sci-Fi|Thriller|IMAX
489,10,2.5,1333101410,GoldenEye (1995),Action|Adventure|Thriller
489,32,3.5,1333023575,Twelve Monkeys (a.k.a. 12 Monkeys) (1995),Mystery|Sci-Fi|Thriller
489,34,2.0,1333101391,Babe (1995),Children|Drama
489,47,3.0,1333101316,Seven (a.k.a. Se7en) (1995),Mystery|Thriller
489,110,4.5,1332772116,Braveheart (1995),Action|Drama|War
489,150,3.5,1333023417,Apollo 13 (1995),Adventure|Drama|IMAX
489,153,3.0,1334169992,Batman Forever (1995),Action|Adventure|Comedy|Crime
489,165,3.0,1333830649,Die Hard: With a Vengeance (1995),Action|Crime|Thriller
489,231,2.5,1333101376,Dumb & Dumber (Dumb and Dumber) (1994),Adventure|Comedy
489,293,4.5,1332773372,Léon: The Professional (a.k.a. The Professional) (Léon) (1994),Action|Crime|Drama|Thriller
489,296,4.0,1333101247,Pulp Fiction (1994),Comedy|Crime|Drama|Thriller
489,316,3.0,1333101362,Stargate (1994),Action|Adventure|Sci-Fi
489,344,1.5,1335696138,Ace Ventura: Pet Detective (1994),Comedy
489,356,4.0,1333101250,Forrest Gump (1994),Comedy|Drama|Romance|War
489,364,4.0,1333101330,"Lion King, The (1994)",Adventure|Animation|Children|Drama|Musical|IMAX
489,367,1.5,1334169929,"Mask, The (1994)",Action|Comedy|Crime|Fantasy
489,377,3.5,1333101308,Speed (1994),Action|Romance|Thriller
489,380,3.5,1332772206,True Lies (1994),Action|Adventure|Comedy|Romance|Thriller
489,480,3.5,1333101257,Jurassic Park (1993),Action|Adventure|Sci-Fi|Thriller
489,500,3.5,1332772454,Mrs. Doubtfire (1993),Comedy|Drama
489,541,4.0,1333101450,Blade Runner (1982),Action|Sci-Fi|Thriller
489,588,3.5,1333101295,Aladdin (1992),Adventure|Animation|Children|Comedy|Musical
489,589,3.5,1334170029,Terminator 2: Judgment Day (1991),Action|Sci-Fi
489,590,4.0,1333101281,Dances with Wolves (1990),Adventure|Drama|Western
489,592,4.0,1334170003,Batman (1989),Action|Crime|Thriller
489,593,4.0,1333101253,"Silence of the Lambs, The (1991)",Crime|Horror|Thriller
489,595,4.0,1333101333,Beauty and the Beast (1991),Animation|Children|Fantasy|Musical|Romance|IMAX
489,597,4.0,1332772419,Pretty Woman (1990),Comedy|Romance
489,608,4.5,1332772289,Fargo (1996),Comedy|Crime|Drama|Thriller
489,648,3.0,1333101322,Mission: Impossible (1996),Action|Adventure|Mystery|Thriller
489,780,2.5,1333101277,Independence Day (a.k.a. ID4) (1996),Action|Adventure|Sci-Fi|Thriller
489,1036,3.0,1333101447,Die Hard (1988),Action|Crime|Thriller
489,1089,3.5,1385823465,Reservoir Dogs (1992),Crime|Mystery|Thriller
489,1136,3.5,1333101417,Monty Python and the Holy Grail (1975),Adventure|Comedy|Fantasy
489,1198,4.0,1333101305,Raiders of the Lost Ark (Indiana Jones and the Raiders of the Lost Ark) (1981),Action|Adventure
489,1200,4.0,1332772670,Aliens (1986),Action|Adventure|Horror|Sci-Fi
489,1214,4.0,1332772871,Alien (1979),Horror|Sci-Fi
489,1240,3.5,1333101394,"Terminator, The (1984)",Action|Sci-Fi|Thriller
489,1265,3.5,1333101421,Groundhog Day (1993),Comedy|Fantasy|Romance
489,1270,3.5,1333101319,Back to the Future (1985),Adventure|Comedy|Sci-Fi
489,1291,4.0,1333101440,Indiana Jones and the Last Crusade (1989),Action|Adventure
489,1580,3.0,1334170377,Men in Black (a.k.a. MIB) (1997),Action|Comedy|Sci-Fi
489,1682,2.5,1332772783,"Truman Show, The (1998)",Comedy|Drama|Sci-Fi
489,1704,3.5,1334170230,Good Will Hunting (1997),Drama|Romance
489,1721,3.5,1333101365,Titanic (1997),Drama|Romance
489,2028,3.0,1333101345,Saving Private Ryan (1998),Action|Drama|War
489,2571,4.0,1332772362,"Matrix, The (1999)",Action|Sci-Fi|Thriller
489,2628,1.0,1333101402,Star Wars: Episode I - The Phantom Menace (1999),Action|Adventure|Sci-Fi
489,2762,3.0,1333101341,"Sixth Sense, The (1999)",Drama|Horror|Mystery
489,2858,4.0,1333101301,American Beauty (1999),Drama|Romance
489,2959,4.5,1332772151,Fight Club (1999),Action|Crime|Drama|Thriller
489,3578,0.5,1332772197,Gladiator (2000),Action|Adventure|Drama
489,3793,3.5,1333101480,X-Men (2000),Action|Adventure|Sci-Fi
489,4226,4.5,1332772278,Memento (2000),Mystery|Thriller
489,4306,4.0,1333101413,Shrek (2001),Adventure|Animation|Children|Comedy|Fantasy|Romance
489,4993,4.0,1332772158,"Lord of the Rings: The Fellowship of the Ring, The (2001)",Adventure|Fantasy
489,5952,4.0,1332772103,"Lord of the Rings: The Two Towers, The (2002)",Adventure|Fantasy
489,6377,4.0,1332772170,Finding Nemo (2003),Adventure|Animation|Children|Comedy
489,6539,2.0,1333101545,Pirates of the Caribbean: The Curse of the Black Pearl (2003),Action|Adventure|Comedy|Fantasy
489,6874,5.0,1332772384,Kill Bill: Vol. 1 (2003),Action|Crime|Thriller
489,7153,4.0,1332772253,"Lord of the Rings: The Return of the King, The (2003)",Action|Adventure|Drama|Fantasy
489,7361,4.5,1332772373,Eternal Sunshine of the Spotless Mind (2004),Drama|Romance|Sci-Fi
489,8961,3.5,1334170069,"Incredibles, The (2004)",Action|Adventure|Animation|Children|Comedy
489,58559,4.0,1334170125,"Dark Knight, The (2008)",Action|Crime|Drama|IMAX
489,79132,4.5,1332772468,Inception (2010),Action|Crime|Drama|Mystery|Sci-Fi|Thriller|IMAX
509,1,4.0,1435992343,Toy Story (1995),Adventure|Animation|Children|Comedy|Fantasy
509,32,4.0,1435998135,Twelve Monkeys (a.k.a. 12 Monkeys) (1995),Mystery|Sci-Fi|Thriller
509,34,3.5,1435998986,Babe (1995),Children|Drama
509,153,2.0,1436027234,Batman Forever (1995),Action|Adventure|Comedy|Crime
509,231,2.5,1436027198,Dumb & Dumber (Dumb and Dumber) (1994),Adventure|Comedy
509,260,4.0,1435992290,Star Wars: Episode IV - A New Hope (1977),Action|Adventure|Sci-Fi
509,296,3.5,1436101835,Pulp Fiction (1994),Comedy|Crime|Drama|Thriller
509,344,4.0,1436027212,Ace Ventura: Pet Detective (1994),Comedy
509,364,4.0,1436000039,"Lion King, The (1994)",Adventure|Animation|Children|Drama|Musical|IMAX
509,367,3.5,1435999157,"Mask, The (1994)",Action|Comedy|Crime|Fantasy
509,588,3.5,1435992627,Aladdin (1992),Adventure|Animation|Children|Comedy|Musical
509,595,3.5,1436000042,Beauty and the Beast (1991),Animation|Children|Fantasy|Musical|Romance|IMAX
509,1136,4.0,1435993023,Monty Python and the Holy Grail (1975),Adventure|Comedy|Fantasy
509,1196,4.0,1435993043,Star Wars: Episode V - The Empire Strikes Back (1980),Action|Adventure|Sci-Fi
509,1197,4.0,1435992296,"Princess Bride, The (1987)",Action|Adventure|Comedy|Fantasy|Romance
509,1198,4.0,1435992293,Raiders of the Lost Ark (Indiana Jones and the Raiders of the Lost Ark) (1981),Action|Adventure
509,1265,3.0,1435992443,Groundhog Day (1993),Comedy|Fantasy|Romance
509,1682,4.0,1435992469,"Truman Show, The (1998)",Comedy|Drama|Sci-Fi
509,1704,3.5,1435992332,Good Will Hunting (1997),Drama|Romance
509,2028,3.5,1436393168,Saving Private Ryan (1998),Action|Drama|War
509,2571,3.5,1435993006,"Matrix, The (1999)",Action|Sci-Fi|Thriller
509,2762,4.0,1435992313,"Sixth Sense, The (1999)",Drama|Horror|Mystery
509,3578,3.0,1435993248,Gladiator (2000),Action|Adventure|Drama
509,3793,3.0,1435993251,X-Men (2000),Action|Adventure|Sci-Fi
509,4306,4.0,1435992327,Shrek (2001),Adventure|Animation|Children|Comedy|Fantasy|Romance
509,4886,3.5,1435992316,"Monsters, Inc. (2001)",Adventure|Animation|Children|Comedy|Fantasy
509,4993,5.0,1435992277,"Lord of the Rings: The Fellowship of the Ring, The (2001)",Adventure|Fantasy
509,5952,5.0,1435992279,"Lord of the Rings: The Two Towers, The (2002)",Adventure|Fantasy
509,6377,3.5,1435992322,Finding Nemo (2003),Adventure|Animation|Children|Comedy
509,6539,3.5,1435993253,Pirates of the Caribbean: The Curse of the Black Pearl (2003),Action|Adventure|Comedy|Fantasy
509,6874,3.0,1435993272,Kill Bill: Vol. 1 (2003),Action|Crime|Thriller
509,7153,5.0,1435992276,"Lord of the Rings: The Return of the King, The (2003)",Action|Adventure|Drama|Fantasy
509,8961,4.0,1435993274,"Incredibles, The (2004)",Action|Adventure|Animation|Children|Comedy
509,58559,3.5,1435993009,"Dark Knight, The (2008)",Action|Crime|Drama|IMAX
509,79132,3.5,1435998083,Inception (2010),Action|Crime|Drama|Mystery|Sci-Fi|Thriller|IMAX
514,1,4.0,1533872400,Toy Story (1995),Adventure|Animation|Children|Comedy|Fantasy
514,34,4.0,1533872519,Babe (1995),Children|Drama
514,47,4.0,1533872325,Seven (a.k.a. Se7en) (1995),Mystery|Thriller
514,150,4.0,1533948837,Apollo 13 (1995),Adventure|Drama|IMAX
514,260,5.0,1533871727,Star Wars: Episode IV - A New Hope (1977),Action|Adventure|Sci-Fi
514,296,4.0,1533945044,Pulp Fiction (1994),Comedy|Crime|Drama|Thriller
514,356,4.0,1533871408,Forrest Gump (1994),Comedy|Drama|Romance|War
514,364,4.0,1533872439,"Lion King, The (1994)",Adventure|Animation|Children|Drama|Musical|IMAX
514,457,4.0,1534051794,"Fugitive, The (1993)",Thriller
514,480,4.5,1533949907,Jurassic Park (1993),Action|Adventure|Sci-Fi|Thriller
514,588,4.0,1533872494,Aladdin (1992),Adventure|Animation|Children|Comedy|Musical
514,589,4.0,1533872281,Terminator 2: Judgment Day (1991),Action|Sci-Fi
514,592,2.5,1533872886,Batman (1989),Action|Crime|Thriller
514,593,5.0,1533871755,"Silence of the Lambs, The (1991)",Crime|Horror|Thriller
514,595,4.0,1533948940,Beauty and the Beast (1991),Animation|Children|Fantasy|Musical|Romance|IMAX
514,597,2.5,1533949276,Pretty Woman (1990),Comedy|Romance
514,608,4.0,1534052528,Fargo (1996),Comedy|Crime|Drama|Thriller
514,648,4.0,1535252568,Mission: Impossible (1996),Action|Adventure|Mystery|Thriller
514,1036,4.0,1533872278,Die Hard (1988),Action|Crime|Thriller
514,1089,4.0,1536456569,Reservoir Dogs (1992),Crime|Mystery|Thriller
514,1136,4.0,1533948683,Monty Python and the Holy Grail (1975),Adventure|Comedy|Fantasy
514,1193,4.0,1533948671,One Flew Over the Cuckoo's Nest (1975),Drama
514,1196,5.0,1533871843,Star Wars: Episode V - The Empire Strikes Back (1980),Action|Adventure|Sci-Fi
514,1197,5.0,1533872246,"Princess Bride, The (1987)",Action|Adventure|Comedy|Fantasy|Romance
514,1198,5.0,1533871625,Raiders of the Lost Ark (Indiana Jones and the Raiders of the Lost Ark) (1981),Action|Adventure
514,1200,5.0,1534052813,Aliens (1986),Action|Adventure|Horror|Sci-Fi
514,1210,4.0,1533872364,Star Wars: Episode VI - Return of the Jedi (1983),Action|Adventure|Sci-Fi
514,1213,4.5,1533872252,Goodfellas (1990),Crime|Drama
514,1214,4.0,1533872256,Alien (1979),Horror|Sci-Fi
514,1240,4.0,1533872268,"Terminator, The (1984)",Action|Sci-Fi|Thriller
514,1265,4.0,1533948808,Groundhog Day (1993),Comedy|Fantasy|Romance
514,1270,5.0,1533872291,Back to the Future (1985),Adventure|Comedy|Sci-Fi
514,1291,4.0,1533948866,Indiana Jones and the Last Crusade (1989),Action|Adventure
514,1682,4.0,1533872381,"Truman Show, The (1998)",Comedy|Drama|Sci-Fi
514,1704,4.0,1533871404,Good Will Hunting (1997),Drama|Romance
514,1721,4.0,1533954277,Titanic (1997),Drama|Romance
514,2028,4.0,1533872451,Saving Private Ryan (1998),Action|Drama|War
514,2571,4.0,1533949050,"Matrix, The (1999)",Action|Sci-Fi|Thriller
514,2762,4.0,1533872490,"Sixth Sense, The (1999)",Drama|Horror|Mystery
514,2858,4.0,1533953776,American Beauty (1999),Drama|Romance
514,2959,2.5,1533872414,Fight Club (1999),Action|Crime|Drama|Thriller
514,4306,4.0,1533949329,Shrek (2001),Adventure|Animation|Children|Comedy|Fantasy|Romance
514,4993,2.0,1533871470,"Lord of the Rings: The Fellowship of the Ring, The (2001)",Adventure|Fantasy
514,5952,2.0,1533871481,"Lord of the Rings: The Two Towers, The (2002)",Adventure|Fantasy
514,6377,4.0,1533949270,Finding Nemo (2003),Adventure|Animation|Children|Comedy
514,7153,3.0,1533871477,"Lord of the Rings: The Return of the King, The (2003)",Action|Adventure|Drama|Fantasy
514,8961,3.5,1533949311,"Incredibles, The (2004)",Action|Adventure|Animation|Children|Comedy
514,58559,3.0,1533871489,"Dark Knight, The (2008)",Action|Crime|Drama|IMAX
514,79132,4.0,1533871492,Inception (2010),Action|Crime|Drama|Mystery|Sci-Fi|Thriller|IMAX
517,1,4.0,1487954343,Toy Story (1995),Adventure|Animation|Children|Comedy|Fantasy
517,10,0.5,1487957717,GoldenEye (1995),Action|Adventure|Thriller
517,34,5.0,1487954303,Babe (1995),Children|Drama
517,47,2.0,1487958109,Seven (a.k.a. Se7en) (1995),Mystery|Thriller
517,110,1.5,1487953160,Braveheart (1995),Action|Drama|War
517,165,2.5,1487957639,Die Hard: With a Vengeance (1995),Action|Crime|Thriller
517,260,3.5,1487957618,Star Wars: Episode IV - A New Hope (1977),Action|Adventure|Sci-Fi
517,318,4.0,1487952883,"Shawshank Redemption, The (1994)",Crime|Drama
517,344,2.5,1487966186,Ace Ventura: Pet Detective (1994),Comedy
517,356,3.5,1487953018,Forrest Gump (1994),Comedy|Drama|Romance|War
517,364,4.5,1487953263,"Lion King, The (1994)",Adventure|Animation|Children|Drama|Musical|IMAX
517,367,3.0,1487957222,"Mask, The (1994)",Action|Comedy|Crime|Fantasy
517,377,3.0,1487957629,Speed (1994),Action|Romance|Thriller
517,457,2.5,1487957605,"Fugitive, The (1993)",Thriller
517,480,1.0,1487962661,Jurassic Park (1993),Action|Adventure|Sci-Fi|Thriller
517,500,5.0,1487953262,Mrs. Doubtfire (1993),Comedy|Drama
517,527,3.5,1487952885,Schindler's List (1993),Drama|War
517,588,3.0,1487956665,Aladdin (1992),Adventure|Animation|Children|Comedy|Musical
517,592,3.0,1487957995,Batman (1989),Action|Crime|Thriller
517,593,3.0,1487953156,"Silence of the Lambs, The (1991)",Crime|Horror|Thriller
517,595,4.0,1487956653,Beauty and the Beast (1991),Animation|Children|Fantasy|Musical|Romance|IMAX
517,597,3.0,1487957183,Pretty Woman (1990),Comedy|Romance
517,780,3.5,1487957666,Independence Day (a.k.a. ID4) (1996),Action|Adventure|Sci-Fi|Thriller
517,1136,2.0,1487957926,Monty Python and the Holy Grail (1975),Adventure|Comedy|Fantasy
517,1193,1.5,1488399289,One Flew Over the Cuckoo's Nest (1975),Drama
517,1210,2.0,1492338986,Star Wars: Episode VI - Return of the Jedi (1983),Action|Adventure|Sci-Fi
517,1265,3.0,1487953444,Groundhog Day (1993),Comedy|Fantasy|Romance
517,1270,5.0,1487956690,Back to the Future (1985),Adventure|Comedy|Sci-Fi
517,1580,3.0,1487957663,Men in Black (a.k.a. MIB) (1997),Action|Comedy|Sci-Fi
517,1682,1.5,1487953170,"Truman Show, The (1998)",Comedy|Drama|Sci-Fi
517,1704,2.5,1487953137,Good Will Hunting (1997),Drama|Romance
517,1721,3.5,1487953281,Titanic (1997),Drama|Romance
517,2028,3.0,1487953141,Saving Private Ryan (1998),Action|Drama|War
517,2571,2.5,1487962668,"Matrix, The (1999)",Action|Sci-Fi|Thriller
517,2858,1.0,1487953199,American Beauty (1999),Drama|Romance
517,3578,1.0,1487953195,Gladiator (2000),Action|Adventure|Drama
517,4306,4.0,1487954402,Shrek (2001),Adventure|Animation|Children|Comedy|Fantasy|Romance
517,4886,2.0,1487957118,"Monsters, Inc. (2001)",Adventure|Animation|Children|Comedy|Fantasy
517,6377,4.0,1487954354,Finding Nemo (2003),Adventure|Animation|Children|Comedy
517,6539,2.5,1488397735,Pirates of the Caribbean: The Curse of the Black Pearl (2003),Action|Adventure|Comedy|Fantasy
517,7153,3.0,1487957608,"Lord of the Rings: The Return of the King, The (2003)",Action|Adventure|Drama|Fantasy
517,7361,1.5,1487953362,Eternal Sunshine of the Spotless Mind (2004),Drama|Romance|Sci-Fi
525,1,4.0,1476475973,Toy Story (1995),Adventure|Animation|Children|Comedy|Fantasy
525,34,3.0,1476480775,Babe (1995),Children|Drama
525,47,3.5,1476476493,Seven (a.k.a. Se7en) (1995),Mystery|Thriller
525,50,4.5,1476476363,"Usual Suspects, The (1995)",Crime|Mystery|Thriller
525,150,4.0,1476480166,Apollo 13 (1995),Adventure|Drama|IMAX
525,260,4.0,1476475805,Star Wars: Episode IV - A New Hope (1977),Action|Adventure|Sci-Fi
525,293,4.0,1476477960,Léon: The Professional (a.k.a. The Professional) (Léon) (1994),Action|Crime|Drama|Thriller
525,318,4.5,1476475797,"Shawshank Redemption, The (1994)",Crime|Drama
525,356,4.0,1476475949,Forrest Gump (1994),Comedy|Drama|Romance|War
525,364,4.0,1476476559,"Lion King, The (1994)",Adventure|Animation|Children|Drama|Musical|IMAX
525,367,3.5,1476477819,"Mask, The (1994)",Action|Comedy|Crime|Fantasy
525,377,3.5,1476476736,Speed (1994),Action|Romance|Thriller
525,380,4.5,1476476016,True Lies (1994),Action|Adventure|Comedy|Romance|Thriller
525,457,3.5,1476481405,"Fugitive, The (1993)",Thriller
525,480,4.0,1476476002,Jurassic Park (1993),Action|Adventure|Sci-Fi|Thriller
525,500,3.5,1476478774,Mrs. Doubtfire (1993),Comedy|Drama
525,527,4.0,1476481327,Schindler's List (1993),Drama|War
525,588,3.5,1476476589,Aladdin (1992),Adventure|Animation|Children|Comedy|Musical
525,593,3.5,1476481468,"Silence of the Lambs, The (1991)",Crime|Horror|Thriller
525,595,3.5,1476476592,Beauty and the Beast (1991),Animation|Children|Fantasy|Musical|Romance|IMAX
525,597,4.0,1476476752,Pretty Woman (1990),Comedy|Romance
525,608,4.5,1476481332,Fargo (1996),Comedy|Crime|Drama|Thriller
525,1036,4.5,1476475914,Die Hard (1988),Action|Crime|Thriller
525,1136,4.5,1476476369,Monty Python and the Holy Grail (1975),Adventure|Comedy|Fantasy
525,1196,4.5,1476475807,Star Wars: Episode V - The Empire Strikes Back (1980),Action|Adventure|Sci-Fi
525,1197,4.5,1476476375,"Princess Bride, The (1987)",Action|Adventure|Comedy|Fantasy|Romance
525,1198,4.0,1476481383,Raiders of the Lost Ark (Indiana Jones and the Raiders of the Lost Ark) (1981),Action|Adventure
525,1210,4.0,1476475901,Star Wars: Episode VI - Return of the Jedi (1983),Action|Adventure|Sci-Fi
525,1265,4.0,1476480715,Groundhog Day (1993),Comedy|Fantasy|Romance
525,1270,4.0,1476481462,Back to the Future (1985),Adventure|Comedy|Sci-Fi
525,1682,4.5,1476477635,"Truman Show, The (1998)",Comedy|Drama|Sci-Fi
525,2571,4.0,1476475829,"Matrix, The (1999)",Action|Sci-Fi|Thriller
525,2628,3.0,1476476276,Star Wars: Episode I - The Phantom Menace (1999),Action|Adventure|Sci-Fi
525,2858,4.0,1476476361,American Beauty (1999),Drama|Romance
525,2959,3.5,1476476380,Fight Club (1999),Action|Crime|Drama|Thriller
525,3578,3.5,1476476000,Gladiator (2000),Action|Adventure|Drama
525,3793,3.0,1476480835,X-Men (2000),Action|Adventure|Sci-Fi
525,4226,4.0,1476476441,Memento (2000),Mystery|Thriller
525,4306,3.5,1476476130,Shrek (2001),Adventure|Animation|Children|Comedy|Fantasy|Romance
525,4886,3.5,1476478749,"Monsters, Inc. (2001)",Adventure|Animation|Children|Comedy|Fantasy
525,6377,4.5,1476479323,Finding Nemo (2003),Adventure|Animation|Children|Comedy
525,6539,4.5,1476479347,Pirates of the Caribbean: The Curse of the Black Pearl (2003),Action|Adventure|Comedy|Fantasy
525,6874,4.5,1476476091,Kill Bill: Vol. 1 (2003),Action|Crime|Thriller
525,7361,3.5,1476477712,Eternal Sunshine of the Spotless Mind (2004),Drama|Romance|Sci-Fi
525,8961,3.5,1476476089,"Incredibles, The (2004)",Action|Adventure|Animation|Children|Comedy
525,58559,4.0,1476475911,"Dark Knight, The (2008)",Action|Crime|Drama|IMAX
525,79132,4.0,1476475918,Inception (2010),Action|Crime|Drama|Mystery|Sci-Fi|Thriller|IMAX
534,1,4.0,1459787997,Toy Story (1995),Adventure|Animation|Children|Comedy|Fantasy
534,10,4.0,1459787996,GoldenEye (1995),Action|Adventure|Thriller
534,34,4.0,1459793302,Babe (1995),Children|Drama
534,47,4.0,1459787998,Seven (a.k.a. Se7en) (1995),Mystery|Thriller
534,153,3.5,1459787996,Batman Forever (1995),Action|Adventure|Comedy|Crime
534,165,4.5,1459787998,Die Hard: With a Vengeance (1995),Action|Crime|Thriller
534,231,3.0,1465036569,Dumb & Dumber (Dumb and Dumber) (1994),Adventure|Comedy
534,260,4.5,1459787998,Star Wars: Episode IV - A New Hope (1977),Action|Adventure|Sci-Fi
534,316,3.5,1459787997,Stargate (1994),Action|Adventure|Sci-Fi
534,344,3.5,1459787997,Ace Ventura: Pet Detective (1994),Comedy
534,356,4.5,1459787998,Forrest Gump (1994),Comedy|Drama|Romance|War
534,364,4.0,1459787997,"Lion King, The (1994)",Adventure|Animation|Children|Drama|Musical|IMAX
534,367,4.0,1459787997,"Mask, The (1994)",Action|Comedy|Crime|Fantasy
534,480,4.5,1459787998,Jurassic Park (1993),Action|Adventure|Sci-Fi|Thriller
534,500,4.5,1459787996,Mrs. Doubtfire (1993),Comedy|Drama
534,588,4.5,1459787997,Aladdin (1992),Adventure|Animation|Children|Comedy|Musical
534,592,4.0,1459787996,Batman (1989),Action|Crime|Thriller
534,593,4.0,1459787998,"Silence of the Lambs, The (1991)",Crime|Horror|Thriller
534,780,4.5,1459787997,Independence Day (a.k.a. ID4) (1996),Action|Adventure|Sci-Fi|Thriller
534,1036,4.5,1459787998,Die Hard (1988),Action|Crime|Thriller
534,1196,4.5,1459787997,Star Wars: Episode V - The Empire Strikes Back (1980),Action|Adventure|Sci-Fi
534,1198,4.0,1459787998,Raiders of the Lost Ark (Indiana Jones and the Raiders of the Lost Ark) (1981),Action|Adventure
534,1210,4.5,1459787997,Star Wars: Episode VI - Return of the Jedi (1983),Action|Adventure|Sci-Fi
534,1270,5.0,1459787998,Back to the Future (1985),Adventure|Comedy|Sci-Fi
534,1291,4.5,1459787998,Indiana Jones and the Last Crusade (1989),Action|Adventure
534,1580,4.0,1459787997,Men in Black (a.k.a. MIB) (1997),Action|Comedy|Sci-Fi
534,1682,5.0,1459787998,"Truman Show, The (1998)",Comedy|Drama|Sci-Fi
534,1721,4.5,1459787998,Titanic (1997),Drama|Romance
534,2028,4.5,1459787998,Saving Private Ryan (1998),Action|Drama|War
534,2329,4.0,1459787997,American History X (1998),Crime|Drama
534,2571,4.0,1459787998,"Matrix, The (1999)",Action|Sci-Fi|Thriller
534,2628,3.5,1459787995,Star Wars: Episode I - The Phantom Menace (1999),Action|Adventure|Sci-Fi
534,2762,4.0,1459787998,"Sixth Sense, The (1999)",Drama|Horror|Mystery
534,2858,3.5,1459787997,American Beauty (1999),Drama|Romance
534,3578,4.5,1459787998,Gladiator (2000),Action|Adventure|Drama
534,3793,4.0,1459787998,X-Men (2000),Action|Adventure|Sci-Fi
534,4306,4.5,1459787998,Shrek (2001),Adventure|Animation|Children|Comedy|Fantasy|Romance
534,4886,4.0,1459787998,"Monsters, Inc. (2001)",Adventure|Animation|Children|Comedy|Fantasy
534,4993,4.0,1459787998,"Lord of the Rings: The Fellowship of the Ring, The (2001)",Adventure|Fantasy
534,5952,4.0,1459787997,"Lord of the Rings: The Two Towers, The (2002)",Adventure|Fantasy
534,6377,4.0,1459787998,Finding Nemo (2003),Adventure|Animation|Children|Comedy
534,6539,4.5,1459787998,Pirates of the Caribbean: The Curse of the Black Pearl (2003),Action|Adventure|Comedy|Fantasy
534,6874,4.5,1459787998,Kill Bill: Vol. 1 (2003),Action|Crime|Thriller
534,7153,4.5,1459787997,"Lord of the Rings: The Return of the King, The (2003)",Action|Adventure|Drama|Fantasy
534,8961,4.0,1459787998,"Incredibles, The (2004)",Action|Adventure|Animation|Children|Comedy
534,58559,2.0,1459787998,"Dark Knight, The (2008)",Action|Crime|Drama|IMAX
534,79132,4.5,1459787998,Inception (2010),Action|Crime|Drama|Mystery|Sci-Fi|Thriller|IMAX
555,1,4.0,978746159,Toy Story (1995),Adventure|Animation|Children|Comedy|Fantasy
555,32,4.0,978841464,Twelve Monkeys (a.k.a. 12 Monkeys) (1995),Mystery|Sci-Fi|Thriller
555,50,5.0,978819462,"Usual Suspects, The (1995)",Crime|Mystery|Thriller
555,110,5.0,978840250,Braveheart (1995),Action|Drama|War
555,150,4.0,978748797,Apollo 13 (1995),Adventure|Drama|IMAX
555,153,3.0,978749155,Batman Forever (1995),Action|Adventure|Comedy|Crime
555,231,4.0,978746933,Dumb & Dumber (Dumb and Dumber) (1994),Adventure|Comedy
555,260,5.0,978841221,Star Wars: Episode IV - A New Hope (1977),Action|Adventure|Sci-Fi
555,293,5.0,978840381,Léon: The Professional (a.k.a. The Professional) (Léon) (1994),Action|Crime|Drama|Thriller
555,296,4.0,978840045,Pulp Fiction (1994),Comedy|Crime|Drama|Thriller
555,316,4.0,978841730,Stargate (1994),Action|Adventure|Sci-Fi
555,318,5.0,978840009,"Shawshank Redemption, The (1994)",Crime|Drama
555,344,4.0,978747261,Ace Ventura: Pet Detective (1994),Comedy
555,356,5.0,978746471,Forrest Gump (1994),Comedy|Drama|Romance|War
555,367,3.0,978746552,"Mask, The (1994)",Action|Comedy|Crime|Fantasy
555,380,4.0,978746471,True Lies (1994),Action|Adventure|Comedy|Romance|Thriller
555,457,4.0,978840147,"Fugitive, The (1993)",Thriller
555,480,4.0,978744519,Jurassic Park (1993),Action|Adventure|Sci-Fi|Thriller
555,500,4.0,978746838,Mrs. Doubtfire (1993),Comedy|Drama
555,541,4.0,978819723,Blade Runner (1982),Action|Sci-Fi|Thriller
555,589,5.0,978841345,Terminator 2: Judgment Day (1991),Action|Sci-Fi
555,592,3.0,978749155,Batman (1989),Action|Crime|Thriller
555,593,5.0,978747817,"Silence of the Lambs, The (1991)",Crime|Horror|Thriller
555,597,4.0,978746552,Pretty Woman (1990),Comedy|Romance
555,608,5.0,978840009,Fargo (1996),Comedy|Crime|Drama|Thriller
555,780,4.0,978841695,Independence Day (a.k.a. ID4) (1996),Action|Adventure|Sci-Fi|Thriller
555,1036,4.0,978820321,Die Hard (1988),Action|Crime|Thriller
555,1089,5.0,978840250,Reservoir Dogs (1992),Crime|Mystery|Thriller
555,1196,5.0,978744095,Star Wars: Episode V - The Empire Strikes Back (1980),Action|Adventure|Sci-Fi
555,1197,5.0,978820041,"Princess Bride, The (1987)",Action|Adventure|Comedy|Fantasy|Romance
555,1198,4.0,978819723,Raiders of the Lost Ark (Indiana Jones and the Raiders of the Lost Ark) (1981),Action|Adventure
555,1200,5.0,978748483,Aliens (1986),Action|Adventure|Horror|Sci-Fi
555,1210,5.0,978821670,Star Wars: Episode VI - Return of the Jedi (1983),Action|Adventure|Sci-Fi
555,1213,5.0,978840077,Goodfellas (1990),Crime|Drama
555,1214,5.0,978748483,Alien (1979),Horror|Sci-Fi
555,1240,5.0,978820321,"Terminator, The (1984)",Action|Sci-Fi|Thriller
555,1265,4.0,978746275,Groundhog Day (1993),Comedy|Fantasy|Romance
555,1270,3.0,978748996,Back to the Future (1985),Adventure|Comedy|Sci-Fi
555,1580,2.0,978746874,Men in Black (a.k.a. MIB) (1997),Action|Comedy|Sci-Fi
555,2028,5.0,978840102,Saving Private Ryan (1998),Action|Drama|War
555,2329,5.0,978748587,American History X (1998),Crime|Drama
555,2571,5.0,978840128,"Matrix, The (1999)",Action|Sci-Fi|Thriller
555,2628,5.0,978841879,Star Wars: Episode I - The Phantom Menace (1999),Action|Adventure|Sci-Fi
555,2762,4.0,978840128,"Sixth Sense, The (1999)",Drama|Horror|Mystery
555,2858,5.0,978744284,American Beauty (1999),Drama|Romance
555,2959,4.0,978840446,Fight Club (1999),Action|Crime|Drama|Thriller
555,3793,3.0,978744519,X-Men (2000),Action|Adventure|Sci-Fi
560,1,3.0,1469653413,Toy Story (1995),Adventure|Animation|Children|Comedy|Fantasy
560,32,3.5,1469647882,Twelve Monkeys (a.k.a. 12 Monkeys) (1995),Mystery|Sci-Fi|Thriller
560,34,2.5,1469647264,Babe (1995),Children|Drama
560,47,4.0,1469648029,Seven (a.k.a. Se7en) (1995),Mystery|Thriller
560,50,4.0,1469647239,"Usual Suspects, The (1995)",Crime|Mystery|Thriller
560,110,4.0,1469652439,Braveheart (1995),Action|Drama|War
560,150,4.0,1469648079,Apollo 13 (1995),Adventure|Drama|IMAX
560,260,4.0,1469647797,Star Wars: Episode IV - A New Hope (1977),Action|Adventure|Sci-Fi
560,293,4.5,1469647274,Léon: The Professional (a.k.a. The Professional) (Léon) (1994),Action|Crime|Drama|Thriller
560,296,4.0,1469647859,Pulp Fiction (1994),Comedy|Crime|Drama|Thriller
560,316,4.0,1469657593,Stargate (1994),Action|Adventure|Sci-Fi
560,344,3.5,1469653410,Ace Ventura: Pet Detective (1994),Comedy
560,356,3.5,1469647891,Forrest Gump (1994),Comedy|Drama|Romance|War
560,367,4.0,1469648910,"Mask, The (1994)",Action|Comedy|Crime|Fantasy
560,377,4.0,1469653411,Speed (1994),Action|Romance|Thriller
560,380,4.0,1469647870,True Lies (1994),Action|Adventure|Comedy|Romance|Thriller
560,500,3.5,1469648885,Mrs. Doubtfire (1993),Comedy|Drama
560,589,3.0,1469652670,Terminator 2: Judgment Day (1991),Action|Sci-Fi
560,593,4.0,1469647247,"Silence of the Lambs, The (1991)",Crime|Horror|Thriller
560,608,4.0,1469651955,Fargo (1996),Comedy|Crime|Drama|Thriller
560,780,3.5,1469648499,Independence Day (a.k.a. ID4) (1996),Action|Adventure|Sci-Fi|Thriller
560,1089,4.0,1469647269,Reservoir Dogs (1992),Crime|Mystery|Thriller
560,1136,4.0,1469652410,Monty Python and the Holy Grail (1975),Adventure|Comedy|Fantasy
560,1193,3.5,1469652451,One Flew Over the Cuckoo's Nest (1975),Drama
560,1196,4.0,1469647857,Star Wars: Episode V - The Empire Strikes Back (1980),Action|Adventure|Sci-Fi
560,1198,4.0,1469652436,Raiders of the Lost Ark (Indiana Jones and the Raiders of the Lost Ark) (1981),Action|Adventure
560,1210,4.0,1469647971,Star Wars: Episode VI - Return of the Jedi (1983),Action|Adventure|Sci-Fi
560,1214,3.5,1470702523,Alien (1979),Horror|Sci-Fi
560,1291,4.0,1469647842,Indiana Jones and the Last Crusade (1989),Action|Adventure
560,1580,4.0,1469648432,Men in Black (a.k.a. MIB) (1997),Action|Comedy|Sci-Fi
560,1682,4.0,1469648140,"Truman Show, The (1998)",Comedy|Drama|Sci-Fi
560,1704,4.0,1469648028,Good Will Hunting (1997),Drama|Romance
560,1721,3.5,1469648742,Titanic (1997),Drama|Romance
560,2028,3.5,1469652483,Saving Private Ryan (1998),Action|Drama|War
560,2329,4.0,1469647863,American History X (1998),Crime|Drama
560,2571,4.5,1469647800,"Matrix, The (1999)",Action|Sci-Fi|Thriller
560,2628,4.0,1469649995,Star Wars: Episode I - The Phantom Menace (1999),Action|Adventure|Sci-Fi
560,2762,4.0,1469648014,"Sixth Sense, The (1999)",Drama|Horror|Mystery
560,2858,4.0,1469647930,American Beauty (1999),Drama|Romance
560,2959,4.5,1469647249,Fight Club (1999),Action|Crime|Drama|Thriller
560,3578,4.0,1469647827,Gladiator (2000),Action|Adventure|Drama
560,3793,3.5,1469654085,X-Men (2000),Action|Adventure|Sci-Fi
560,4226,3.5,1469647836,Memento (2000),Mystery|Thriller
560,4306,3.5,1469649993,Shrek (2001),Adventure|Animation|Children|Comedy|Fantasy|Romance
560,4993,4.0,1469647838,"Lord of the Rings: The Fellowship of the Ring, The (2001)",Adventure|Fantasy
560,5952,4.0,1469647848,"Lord of the Rings: The Two Towers, The (2002)",Adventure|Fantasy
560,6539,3.5,1469647825,Pirates of the Caribbean: The Curse of the Black Pearl (2003),Action|Adventure|Comedy|Fantasy
560,6874,4.0,1469648076,Kill Bill: Vol. 1 (2003),Action|Crime|Thriller
560,7153,4.0,1469647831,"Lord of the Rings: The Return of the King, The (2003)",Action|Adventure|Drama|Fantasy
560,7361,4.0,1469649373,Eternal Sunshine of the Spotless Mind (2004),Drama|Romance|Sci-Fi
560,58559,4.5,1469647816,"Dark Knight, The (2008)",Action|Crime|Drama|IMAX
560,79132,4.0,1469647819,Inception (2010),Action|Crime|Drama|Mystery|Sci-Fi|Thriller|IMAX
561,1,4.0,1491094681,Toy Story (1995),Adventure|Animation|Children|Comedy|Fantasy
561,32,3.5,1491091981,Twelve Monkeys (a.k.a. 12 Monkeys) (1995),Mystery|Sci-Fi|Thriller
561,34,2.5,1491095062,Babe (1995),Children|Drama
561,47,4.5,1491091954,Seven (a.k.a. Se7en) (1995),Mystery|Thriller
561,50,4.5,1491090860,"Usual Suspects, The (1995)",Crime|Mystery|Thriller
561,110,5.0,1491090875,Braveheart (1995),Action|Drama|War
561,260,4.5,1491090699,Star Wars: Episode IV - A New Hope (1977),Action|Adventure|Sci-Fi
561,293,4.0,1491094655,Léon: The Professional (a.k.a. The Professional) (Léon) (1994),Action|Crime|Drama|Thriller
561,296,4.5,1491092060,Pulp Fiction (1994),Comedy|Crime|Drama|Thriller
561,316,4.5,1491095581,Stargate (1994),Action|Adventure|Sci-Fi
561,318,5.0,1491090705,"Shawshank Redemption, The (1994)",Crime|Drama
561,356,4.0,1491094623,Forrest Gump (1994),Comedy|Drama|Romance|War
561,364,4.0,1491091015,"Lion King, The (1994)",Adventure|Animation|Children|Drama|Musical|IMAX
561,367,2.0,1491095574,"Mask, The (1994)",Action|Comedy|Crime|Fantasy
561,377,3.5,1491091127,Speed (1994),Action|Romance|Thriller
561,380,3.5,1491091137,True Lies (1994),Action|Adventure|Comedy|Romance|Thriller
561,457,4.0,1491092027,"Fugitive, The (1993)",Thriller
561,480,4.5,1491092073,Jurassic Park (1993),Action|Adventure|Sci-Fi|Thriller
561,527,4.0,1491094602,Schindler's List (1993),Drama|War
561,589,4.0,1491090844,Terminator 2: Judgment Day (1991),Action|Sci-Fi
561,592,4.5,1491091082,Batman (1989),Action|Crime|Thriller
561,593,4.0,1491090874,"Silence of the Lambs, The (1991)",Crime|Horror|Thriller
561,608,3.0,1491091023,Fargo (1996),Comedy|Crime|Drama|Thriller
561,648,3.0,1491091275,Mission: Impossible (1996),Action|Adventure|Mystery|Thriller
561,780,4.0,1491091239,Independence Day (a.k.a. ID4) (1996),Action|Adventure|Sci-Fi|Thriller
561,1036,4.5,1491090835,Die Hard (1988),Action|Crime|Thriller
561,1089,3.5,1491092055,Reservoir Dogs (1992),Crime|Mystery|Thriller
561,1196,5.0,1491090693,Star Wars: Episode V - The Empire Strikes Back (1980),Action|Adventure|Sci-Fi
561,1197,5.0,1491090717,"Princess Bride, The (1987)",Action|Adventure|Comedy|Fantasy|Romance
561,1198,5.0,1491090690,Raiders of the Lost Ark (Indiana Jones and the Raiders of the Lost Ark) (1981),Action|Adventure
561,1200,4.5,1491090838,Aliens (1986),Action|Adventure|Horror|Sci-Fi
561,1210,4.5,1491090721,Star Wars: Episode VI - Return of the Jedi (1983),Action|Adventure|Sci-Fi
561,1213,4.0,1491091964,Goodfellas (1990),Crime|Drama
561,1214,4.5,1491091923,Alien (1979),Horror|Sci-Fi
561,1240,4.0,1491090845,"Terminator, The (1984)",Action|Sci-Fi|Thriller
561,1265,4.5,1491091969,Groundhog Day (1993),Comedy|Fantasy|Romance
561,1270,4.5,1491090819,Back to the Future (1985),Adventure|Comedy|Sci-Fi
561,1291,4.5,1491090713,Indiana Jones and the Last Crusade (1989),Action|Adventure
561,1580,3.0,1491091035,Men in Black (a.k.a. MIB) (1997),Action|Comedy|Sci-Fi
561,1682,3.5,1491092233,"Truman Show, The (1998)",Comedy|Drama|Sci-Fi
561,1704,4.0,1491092036,Good Will Hunting (1997),Drama|Romance
561,1721,3.0,1491091198,Titanic (1997),Drama|Romance
561,2028,4.5,1491091932,Saving Private Ryan (1998),Action|Drama|War
561,2329,3.5,1491091952,American History X (1998),Crime|Drama
561,2571,4.0,1491090825,"Matrix, The (1999)",Action|Sci-Fi|Thriller
561,2628,2.0,1491091395,Star Wars: Episode I - The Phantom Menace (1999),Action|Adventure|Sci-Fi
561,2762,4.0,1491091986,"Sixth Sense, The (1999)",Drama|Horror|Mystery
561,2858,3.5,1491092031,American Beauty (1999),Drama|Romance
561,2959,4.0,1491092018,Fight Club (1999),Action|Crime|Drama|Thriller
561,3578,5.0,1491091995,Gladiator (2000),Action|Adventure|Drama
561,3793,3.5,1491095221,X-Men (2000),Action|Adventure|Sci-Fi
561,4886,4.0,1491090971,"Monsters, Inc. (2001)",Adventure|Animation|Children|Comedy|Fantasy
561,4993,5.0,1491090821,"Lord of the Rings: The Fellowship of the Ring, The (2001)",Adventure|Fantasy
561,5952,5.0,1491090823,"Lord of the Rings: The Two Towers, The (2002)",Adventure|Fantasy
561,6377,3.5,1491092137,Finding Nemo (2003),Adventure|Animation|Children|Comedy
561,6539,4.5,1491095038,Pirates of the Caribbean: The Curse of the Black Pearl (2003),Action|Adventure|Comedy|Fantasy
561,6874,4.5,1491092193,Kill Bill: Vol. 1 (2003),Action|Crime|Thriller
561,7153,5.0,1491090706,"Lord of the Rings: The Return of the King, The (2003)",Action|Adventure|Drama|Fantasy
561,7361,3.0,1491092287,Eternal Sunshine of the Spotless Mind (2004),Drama|Romance|Sci-Fi
561,8961,3.0,1491091031,"Incredibles, The (2004)",Action|Adventure|Animation|Children|Comedy
561,58559,5.0,1491090831,"Dark Knight, The (2008)",Action|Crime|Drama|IMAX
561,79132,3.5,1491091990,Inception (2010),Action|Crime|Drama|Mystery|Sci-Fi|Thriller|IMAX
567,1,3.5,1525286001,Toy Story (1995),Adventure|Animation|Children|Comedy|Fantasy
567,34,2.5,1525288053,Babe (1995),Children|Drama
567,50,1.0,1525282012,"Usual Suspects, The (1995)",Crime|Mystery|Thriller
567,260,2.0,1525288368,Star Wars: Episode IV - A New Hope (1977),Action|Adventure|Sci-Fi
567,356,3.0,1525287534,Forrest Gump (1994),Comedy|Drama|Romance|War
567,364,2.5,1525288073,"Lion King, The (1994)",Adventure|Animation|Children|Drama|Musical|IMAX
567,480,2.0,1525288258,Jurassic Park (1993),Action|Adventure|Sci-Fi|Thriller
567,541,3.5,1525286579,Blade Runner (1982),Action|Sci-Fi|Thriller
567,648,2.5,1525287900,Mission: Impossible (1996),Action|Adventure|Mystery|Thriller
567,1196,2.0,1525288379,Star Wars: Episode V - The Empire Strikes Back (1980),Action|Adventure|Sci-Fi
567,1197,2.5,1525287953,"Princess Bride, The (1987)",Action|Adventure|Comedy|Fantasy|Romance
567,1198,2.5,1525287993,Raiders of the Lost Ark (Indiana Jones and the Raiders of the Lost Ark) (1981),Action|Adventure
567,1210,1.5,1525288690,Star Wars: Episode VI - Return of the Jedi (1983),Action|Adventure|Sci-Fi
567,1704,3.0,1525287317,Good Will Hunting (1997),Drama|Romance
567,2628,0.5,1525289756,Star Wars: Episode I - The Phantom Menace (1999),Action|Adventure|Sci-Fi
567,3793,2.5,1525288011,X-Men (2000),Action|Adventure|Sci-Fi
567,4226,3.5,1525282023,Memento (2000),Mystery|Thriller
567,4993,3.0,1525287066,"Lord of the Rings: The Fellowship of the Ring, The (2001)",Adventure|Fantasy
567,5952,3.0,1525287070,"Lord of the Rings: The Two Towers, The (2002)",Adventure|Fantasy
567,6377,3.0,1525285046,Finding Nemo (2003),Adventure|Animation|Children|Comedy
567,7153,3.0,1525287071,"Lord of the Rings: The Return of the King, The (2003)",Action|Adventure|Drama|Fantasy
567,7361,5.0,1525282255,Eternal Sunshine of the Spotless Mind (2004),Drama|Romance|Sci-Fi
567,8961,3.5,1525286051,"Incredibles, The (2004)",Action|Adventure|Animation|Children|Comedy
567,58559,4.0,1525285588,"Dark Knight, The (2008)",Action|Crime|Drama|IMAX
567,79132,3.0,1525287376,Inception (2010),Action|Crime|Drama|Mystery|Sci-Fi|Thriller|IMAX
580,1,3.0,1167792349,Toy Story (1995),Adventure|Animation|Children|Comedy|Fantasy
580,10,3.5,1167792602,GoldenEye (1995),Action|Adventure|Thriller
580,32,5.0,1167790855,Twelve Monkeys (a.k.a. 12 Monkeys) (1995),Mystery|Sci-Fi|Thriller
580,34,2.5,1167673463,Babe (1995),Children|Drama
580,47,5.0,1167791127,Seven (a.k.a. Se7en) (1995),Mystery|Thriller
580,50,5.0,1167789884,"Usual Suspects, The (1995)",Crime|Mystery|Thriller
580,110,4.5,1167789859,Braveheart (1995),Action|Drama|War
580,153,2.0,1167674840,Batman Forever (1995),Action|Adventure|Comedy|Crime
580,231,2.5,1167673475,Dumb & Dumber (Dumb and Dumber) (1994),Adventure|Comedy
580,260,4.0,1167860858,Star Wars: Episode IV - A New Hope (1977),Action|Adventure|Sci-Fi
580,293,5.0,1167783708,Léon: The Professional (a.k.a. The Professional) (Léon) (1994),Action|Crime|Drama|Thriller
580,296,5.0,1167789886,Pulp Fiction (1994),Comedy|Crime|Drama|Thriller
580,316,4.0,1167792723,Stargate (1994),Action|Adventure|Sci-Fi
580,318,5.0,1167673438,"Shawshank Redemption, The (1994)",Crime|Drama
580,356,4.0,1167789921,Forrest Gump (1994),Comedy|Drama|Romance|War
580,364,3.0,1167673486,"Lion King, The (1994)",Adventure|Animation|Children|Drama|Musical|IMAX
580,367,3.5,1167674978,"Mask, The (1994)",Action|Comedy|Crime|Fantasy
580,457,3.0,1167791336,"Fugitive, The (1993)",Thriller
580,480,4.0,1167791767,Jurassic Park (1993),Action|Adventure|Sci-Fi|Thriller
580,527,3.0,1167790845,Schindler's List (1993),Drama|War
580,541,5.0,1167789987,Blade Runner (1982),Action|Sci-Fi|Thriller
580,588,2.0,1167673410,Aladdin (1992),Adventure|Animation|Children|Comedy|Musical
580,589,4.0,1167790721,Terminator 2: Judgment Day (1991),Action|Sci-Fi
580,590,4.0,1167862031,Dances with Wolves (1990),Adventure|Drama|Western
580,592,3.0,1167674576,Batman (1989),Action|Crime|Thriller
580,593,4.5,1167790851,"Silence of the Lambs, The (1991)",Crime|Horror|Thriller
580,608,4.0,1167789994,Fargo (1996),Comedy|Crime|Drama|Thriller
580,780,3.0,1167792634,Independence Day (a.k.a. ID4) (1996),Action|Adventure|Sci-Fi|Thriller
580,858,4.5,1167789986,"Godfather, The (1972)",Crime|Drama
580,1036,4.0,1167673418,Die Hard (1988),Action|Crime|Thriller
580,1089,5.0,1167789893,Reservoir Dogs (1992),Crime|Mystery|Thriller
580,1136,5.0,1167673425,Monty Python and the Holy Grail (1975),Adventure|Comedy|Fantasy
580,1193,4.0,1167789891,One Flew Over the Cuckoo's Nest (1975),Drama
580,1196,4.0,1167673444,Star Wars: Episode V - The Empire Strikes Back (1980),Action|Adventure|Sci-Fi
580,1198,4.5,1167673435,Raiders of the Lost Ark (Indiana Jones and the Raiders of the Lost Ark) (1981),Action|Adventure
580,1200,4.5,1167789904,Aliens (1986),Action|Adventure|Horror|Sci-Fi
580,1210,4.0,1167673442,Star Wars: Episode VI - Return of the Jedi (1983),Action|Adventure|Sci-Fi
580,1213,4.0,1167790635,Goodfellas (1990),Crime|Drama
580,1214,4.0,1167792663,Alien (1979),Horror|Sci-Fi
580,1221,4.0,1167790632,"Godfather: Part II, The (1974)",Crime|Drama
580,1240,3.5,1167790561,"Terminator, The (1984)",Action|Sci-Fi|Thriller
580,1270,3.5,1167792864,Back to the Future (1985),Adventure|Comedy|Sci-Fi
580,1291,4.0,1167792469,Indiana Jones and the Last Crusade (1989),Action|Adventure
580,1580,4.0,1167792444,Men in Black (a.k.a. MIB) (1997),Action|Comedy|Sci-Fi
580,1682,4.5,1167791409,"Truman Show, The (1998)",Comedy|Drama|Sci-Fi
580,1704,4.5,1167673423,Good Will Hunting (1997),Drama|Romance
580,1721,4.0,1167790146,Titanic (1997),Drama|Romance
580,2028,5.0,1167673436,Saving Private Ryan (1998),Action|Drama|War
580,2329,4.0,1167789610,American History X (1998),Crime|Drama
580,2571,5.0,1167783678,"Matrix, The (1999)",Action|Sci-Fi|Thriller
580,2628,4.0,1167792623,Star Wars: Episode I - The Phantom Menace (1999),Action|Adventure|Sci-Fi
580,2762,4.5,1167791226,"Sixth Sense, The (1999)",Drama|Horror|Mystery
580,2858,5.0,1167789898,American Beauty (1999),Drama|Romance
580,2959,5.0,1167783675,Fight Club (1999),Action|Crime|Drama|Thriller
580,3578,4.0,1167674171,Gladiator (2000),Action|Adventure|Drama
580,3793,4.5,1167674398,X-Men (2000),Action|Adventure|Sci-Fi
580,4226,5.0,1167783666,Memento (2000),Mystery|Thriller
580,4306,4.0,1176756045,Shrek (2001),Adventure|Animation|Children|Comedy|Fantasy|Romance
580,4993,4.5,1167673962,"Lord of the Rings: The Fellowship of the Ring, The (2001)",Adventure|Fantasy
580,5952,4.5,1167673966,"Lord of the Rings: The Two Towers, The (2002)",Adventure|Fantasy
580,6377,4.5,1167792346,Finding Nemo (2003),Adventure|Animation|Children|Comedy
580,6539,4.0,1167673988,Pirates of the Caribbean: The Curse of the Black Pearl (2003),Action|Adventure|Comedy|Fantasy
580,6874,5.0,1167673986,Kill Bill: Vol. 1 (2003),Action|Crime|Thriller
580,7153,4.0,1167673964,"Lord of the Rings: The Return of the King, The (2003)",Action|Adventure|Drama|Fantasy
580,7361,4.0,1167790261,Eternal Sunshine of the Spotless Mind (2004),Drama|Romance|Sci-Fi
580,8961,4.5,1167674561,"Incredibles, The (2004)",Action|Adventure|Animation|Children|Comedy
590,1,4.0,1258420408,Toy Story (1995),Adventure|Animation|Children|Comedy|Fantasy
590,10,3.5,1258420600,GoldenEye (1995),Action|Adventure|Thriller
590,32,3.0,1258420444,Twelve Monkeys (a.k.a. 12 Monkeys) (1995),Mystery|Sci-Fi|Thriller
590,47,3.0,1258420506,Seven (a.k.a. Se7en) (1995),Mystery|Thriller
590,50,4.5,1264910688,"Usual Suspects, The (1995)",Crime|Mystery|Thriller
590,110,4.0,1258420384,Braveheart (1995),Action|Drama|War
590,150,4.5,1258416681,Apollo 13 (1995),Adventure|Drama|IMAX
590,153,2.5,1258416677,Batman Forever (1995),Action|Adventure|Comedy|Crime
590,165,3.0,1266472448,Die Hard: With a Vengeance (1995),Action|Crime|Thriller
590,231,2.0,1258420566,Dumb & Dumber (Dumb and Dumber) (1994),Adventure|Comedy
590,260,5.0,1258416665,Star Wars: Episode IV - A New Hope (1977),Action|Adventure|Sci-Fi
590,296,4.5,1258420369,Pulp Fiction (1994),Comedy|Crime|Drama|Thriller
590,318,4.5,1258416487,"Shawshank Redemption, The (1994)",Crime|Drama
590,344,3.0,1258420495,Ace Ventura: Pet Detective (1994),Comedy
590,356,5.0,1258416659,Forrest Gump (1994),Comedy|Drama|Romance|War
590,364,4.5,1258417725,"Lion King, The (1994)",Adventure|Animation|Children|Drama|Musical|IMAX
590,367,3.0,1258419667,"Mask, The (1994)",Action|Comedy|Crime|Fantasy
590,377,3.0,1258420459,Speed (1994),Action|Romance|Thriller
590,380,3.0,1258420437,True Lies (1994),Action|Adventure|Comedy|Romance|Thriller
590,457,4.0,1258420419,"Fugitive, The (1993)",Thriller
590,480,4.0,1258420379,Jurassic Park (1993),Action|Adventure|Sci-Fi|Thriller
590,500,2.5,1258420556,Mrs. Doubtfire (1993),Comedy|Drama
590,527,5.0,1258416466,Schindler's List (1993),Drama|War
590,541,4.5,1258416649,Blade Runner (1982),Action|Sci-Fi|Thriller
590,588,4.0,1258416644,Aladdin (1992),Adventure|Animation|Children|Comedy|Musical
590,589,4.5,1258416631,Terminator 2: Judgment Day (1991),Action|Sci-Fi
590,590,3.0,1258420432,Dances with Wolves (1990),Adventure|Drama|Western
590,592,3.5,1258420402,Batman (1989),Action|Crime|Thriller
590,593,3.5,1258420374,"Silence of the Lambs, The (1991)",Crime|Horror|Thriller
590,595,4.5,1258420518,Beauty and the Beast (1991),Animation|Children|Fantasy|Musical|Romance|IMAX
590,597,3.0,1258420561,Pretty Woman (1990),Comedy|Romance
590,608,4.0,1258420449,Fargo (1996),Comedy|Crime|Drama|Thriller
590,648,3.5,1258419662,Mission: Impossible (1996),Action|Adventure|Mystery|Thriller
590,780,4.0,1258417707,Independence Day (a.k.a. ID4) (1996),Action|Adventure|Sci-Fi|Thriller
590,858,5.0,1258416477,"Godfather, The (1972)",Crime|Drama
590,1036,4.0,1258420659,Die Hard (1988),Action|Crime|Thriller
590,1089,4.0,1258416629,Reservoir Dogs (1992),Crime|Mystery|Thriller
590,1136,3.5,1258419551,Monty Python and the Holy Grail (1975),Adventure|Comedy|Fantasy
590,1193,4.5,1258416482,One Flew Over the Cuckoo's Nest (1975),Drama
590,1196,5.0,1258420454,Star Wars: Episode V - The Empire Strikes Back (1980),Action|Adventure|Sci-Fi
590,1197,4.5,1258416624,"Princess Bride, The (1987)",Action|Adventure|Comedy|Fantasy|Romance
590,1198,5.0,1258416451,Raiders of the Lost Ark (Indiana Jones and the Raiders of the Lost Ark) (1981),Action|Adventure
590,1200,4.5,1258420736,Aliens (1986),Action|Adventure|Horror|Sci-Fi
590,1210,4.5,1258420427,Star Wars: Episode VI - Return of the Jedi (1983),Action|Adventure|Sci-Fi
590,1213,4.0,1258420771,Goodfellas (1990),Crime|Drama
590,1214,4.5,1258420654,Alien (1979),Horror|Sci-Fi
590,1221,5.0,1258416472,"Godfather: Part II, The (1974)",Crime|Drama
590,1240,4.5,1258420596,"Terminator, The (1984)",Action|Sci-Fi|Thriller
590,1265,4.0,1258416614,Groundhog Day (1993),Comedy|Fantasy|Romance
590,1270,4.5,1258420500,Back to the Future (1985),Adventure|Comedy|Sci-Fi
590,1291,4.0,1258420639,Indiana Jones and the Last Crusade (1989),Action|Adventure
590,1580,3.5,1258420589,Men in Black (a.k.a. MIB) (1997),Action|Comedy|Sci-Fi
590,1721,3.5,1258416578,Titanic (1997),Drama|Romance
590,2028,4.0,1258420540,Saving Private Ryan (1998),Action|Drama|War
590,2329,3.0,1258418095,American History X (1998),Crime|Drama
590,2571,4.0,1258419539,"Matrix, The (1999)",Action|Sci-Fi|Thriller
590,2628,2.5,1258429919,Star Wars: Episode I - The Phantom Menace (1999),Action|Adventure|Sci-Fi
590,2762,3.5,1258420545,"Sixth Sense, The (1999)",Drama|Horror|Mystery
590,2858,3.0,1258420464,American Beauty (1999),Drama|Romance
590,2959,3.5,1258416553,Fight Club (1999),Action|Crime|Drama|Thriller
590,3578,4.5,1258416547,Gladiator (2000),Action|Adventure|Drama
590,3793,3.0,1258419642,X-Men (2000),Action|Adventure|Sci-Fi
590,4226,3.5,1266472486,Memento (2000),Mystery|Thriller
590,4306,4.0,1258419637,Shrek (2001),Adventure|Animation|Children|Comedy|Fantasy|Romance
590,4993,4.5,1258420625,"Lord of the Rings: The Fellowship of the Ring, The (2001)",Adventure|Fantasy
590,5952,5.0,1258416542,"Lord of the Rings: The Two Towers, The (2002)",Adventure|Fantasy
590,6377,3.5,1258420970,Finding Nemo (2003),Adventure|Animation|Children|Comedy
590,6539,4.0,1258420924,Pirates of the Caribbean: The Curse of the Black Pearl (2003),Action|Adventure|Comedy|Fantasy
590,6874,4.0,1258421062,Kill Bill: Vol. 1 (2003),Action|Crime|Thriller
590,7153,4.5,1258420756,"Lord of the Rings: The Return of the King, The (2003)",Action|Adventure|Drama|Fantasy
590,8961,4.0,1258416706,"Incredibles, The (2004)",Action|Adventure|Animation|Children|Comedy
590,58559,4.5,1258422583,"Dark Knight, The (2008)",Action|Crime|Drama|IMAX
596,1,4.0,1535709666,Toy Story (1995),Adventure|Animation|Children|Comedy|Fantasy
596,32,3.5,1535709749,Twelve Monkeys (a.k.a. 12 Monkeys) (1995),Mystery|Sci-Fi|Thriller
596,34,4.0,1535827362,Babe (1995),Children|Drama
596,50,3.5,1535709301,"Usual Suspects, The (1995)",Crime|Mystery|Thriller
596,150,3.5,1535827366,Apollo 13 (1995),Adventure|Drama|IMAX
596,153,2.5,1535711533,Batman Forever (1995),Action|Adventure|Comedy|Crime
596,260,4.0,1535627138,Star Wars: Episode IV - A New Hope (1977),Action|Adventure|Sci-Fi
596,356,3.5,1535709659,Forrest Gump (1994),Comedy|Drama|Romance|War
596,364,4.0,1535709751,"Lion King, The (1994)",Adventure|Animation|Children|Drama|Musical|IMAX
596,367,3.0,1535711660,"Mask, The (1994)",Action|Comedy|Crime|Fantasy
596,457,3.5,1535827096,"Fugitive, The (1993)",Thriller
596,527,4.0,1535827023,Schindler's List (1993),Drama|War
596,541,4.0,1535827006,Blade Runner (1982),Action|Sci-Fi|Thriller
596,589,3.0,1535709683,Terminator 2: Judgment Day (1991),Action|Sci-Fi
596,592,3.5,1535709911,Batman (1989),Action|Crime|Thriller
596,593,4.0,1535709555,"Silence of the Lambs, The (1991)",Crime|Horror|Thriller
596,595,4.0,1535709725,Beauty and the Beast (1991),Animation|Children|Fantasy|Musical|Romance|IMAX
596,858,3.5,1535709558,"Godfather, The (1972)",Crime|Drama
596,1036,4.0,1535827278,Die Hard (1988),Action|Crime|Thriller
596,1136,4.0,1535709619,Monty Python and the Holy Grail (1975),Adventure|Comedy|Fantasy
596,1196,3.5,1535627133,Star Wars: Episode V - The Empire Strikes Back (1980),Action|Adventure|Sci-Fi
596,1197,3.5,1535627162,"Princess Bride, The (1987)",Action|Adventure|Comedy|Fantasy|Romance
596,1198,3.5,1535627318,Raiders of the Lost Ark (Indiana Jones and the Raiders of the Lost Ark) (1981),Action|Adventure
596,1200,3.5,1535709667,Aliens (1986),Action|Adventure|Horror|Sci-Fi
596,1210,4.0,1535627154,Star Wars: Episode VI - Return of the Jedi (1983),Action|Adventure|Sci-Fi
596,1214,4.0,1535709656,Alien (1979),Horror|Sci-Fi
596,1221,3.0,1535709743,"Godfather: Part II, The (1974)",Crime|Drama
596,1265,3.0,1535827379,Groundhog Day (1993),Comedy|Fantasy|Romance
596,1270,4.0,1535709729,Back to the Future (1985),Adventure|Comedy|Sci-Fi
596,1291,3.5,1535709691,Indiana Jones and the Last Crusade (1989),Action|Adventure
596,1704,4.0,1535827513,Good Will Hunting (1997),Drama|Romance
596,2571,4.0,1535709487,"Matrix, The (1999)",Action|Sci-Fi|Thriller
596,2762,4.0,1535709608,"Sixth Sense, The (1999)",Drama|Horror|Mystery
596,2959,4.0,1535709472,Fight Club (1999),Action|Crime|Drama|Thriller
596,3578,3.0,1535708234,Gladiator (2000),Action|Adventure|Drama
596,3793,4.0,1535708282,X-Men (2000),Action|Adventure|Sci-Fi
596,4226,4.5,1535708239,Memento (2000),Mystery|Thriller
596,4306,4.0,1535708237,Shrek (2001),Adventure|Animation|Children|Comedy|Fantasy|Romance
596,4886,3.5,1535708252,"Monsters, Inc. (2001)",Adventure|Animation|Children|Comedy|Fantasy
596,4993,4.0,1535627335,"Lord of the Rings: The Fellowship of the Ring, The (2001)",Adventure|Fantasy
596,5952,3.5,1535708244,"Lord of the Rings: The Two Towers, The (2002)",Adventure|Fantasy
596,6377,4.0,1535708253,Finding Nemo (2003),Adventure|Animation|Children|Comedy
596,6539,3.0,1535708248,Pirates of the Caribbean: The Curse of the Black Pearl (2003),Action|Adventure|Comedy|Fantasy
596,6874,3.5,1535708284,Kill Bill: Vol. 1 (2003),Action|Crime|Thriller
596,7153,3.5,1535627339,"Lord of the Rings: The Return of the King, The (2003)",Action|Adventure|Drama|Fantasy
596,7361,3.5,1535708285,Eternal Sunshine of the Spotless Mind (2004),Drama|Romance|Sci-Fi
596,8961,4.0,1535708318,"Incredibles, The (2004)",Action|Adventure|Animation|Children|Comedy
596,58559,4.0,1535627189,"Dark Knight, The (2008)",Action|Crime|Drama|IMAX
596,79132,4.0,1535627191,Inception (2010),Action|Crime|Drama|Mystery|Sci-Fi|Thriller|IMAX
597,1,4.0,941557863,Toy Story (1995),Adventure|Animation|Children|Comedy|Fantasy
597,10,3.0,941729264,GoldenEye (1995),Action|Adventure|Thriller
597,34,4.0,940362281,Babe (1995),Children|Drama
597,47,4.0,940361541,Seven (a.k.a. Se7en) (1995),Mystery|Thriller
597,50,5.0,940362491,"Usual Suspects, The (1995)",Crime|Mystery|Thriller
597,110,5.0,940420585,Braveheart (1995),Action|Drama|War
597,153,3.0,941729824,Batman Forever (1995),Action|Adventure|Comedy|Crime
597,260,5.0,940420585,Star Wars: Episode IV - A New Hope (1977),Action|Adventure|Sci-Fi
597,356,5.0,941557913,Forrest Gump (1994),Comedy|Drama|Romance|War
597,377,4.0,941729132,Speed (1994),Action|Romance|Thriller
597,380,2.0,941558116,True Lies (1994),Action|Adventure|Comedy|Romance|Thriller
597,457,5.0,940362150,"Fugitive, The (1993)",Thriller
597,480,5.0,940421094,Jurassic Park (1993),Action|Adventure|Sci-Fi|Thriller
597,500,4.0,941559656,Mrs. Doubtfire (1993),Comedy|Drama
597,541,4.0,940362325,Blade Runner (1982),Action|Sci-Fi|Thriller
597,588,4.0,941558405,Aladdin (1992),Adventure|Animation|Children|Comedy|Musical
597,589,5.0,940421094,Terminator 2: Judgment Day (1991),Action|Sci-Fi
597,592,4.0,941639892,Batman (1989),Action|Crime|Thriller
597,597,4.0,941559656,Pretty Woman (1990),Comedy|Romance
597,648,4.0,941729483,Mission: Impossible (1996),Action|Adventure|Mystery|Thriller
597,780,1.0,941729029,Independence Day (a.k.a. ID4) (1996),Action|Adventure|Sci-Fi|Thriller
597,858,5.0,940361738,"Godfather, The (1972)",Crime|Drama
597,1036,4.0,940362197,Die Hard (1988),Action|Crime|Thriller
597,1089,4.0,940362491,Reservoir Dogs (1992),Crime|Mystery|Thriller
597,1136,4.0,941640314,Monty Python and the Holy Grail (1975),Adventure|Comedy|Fantasy
597,1193,5.0,941640888,One Flew Over the Cuckoo's Nest (1975),Drama
597,1196,5.0,940420585,Star Wars: Episode V - The Empire Strikes Back (1980),Action|Adventure|Sci-Fi
597,1197,5.0,940420799,"Princess Bride, The (1987)",Action|Adventure|Comedy|Fantasy|Romance
597,1198,5.0,941730854,Raiders of the Lost Ark (Indiana Jones and the Raiders of the Lost Ark) (1981),Action|Adventure
597,1200,5.0,941729229,Aliens (1986),Action|Adventure|Horror|Sci-Fi
597,1210,5.0,940420695,Star Wars: Episode VI - Return of the Jedi (1983),Action|Adventure|Sci-Fi
597,1214,5.0,940420585,Alien (1979),Horror|Sci-Fi
597,1221,5.0,940361738,"Godfather: Part II, The (1974)",Crime|Drama
597,1240,4.0,940420695,"Terminator, The (1984)",Action|Sci-Fi|Thriller
597,1265,5.0,941557914,Groundhog Day (1993),Comedy|Fantasy|Romance
597,1270,5.0,941641148,Back to the Future (1985),Adventure|Comedy|Sci-Fi
597,1291,5.0,940420695,Indiana Jones and the Last Crusade (1989),Action|Adventure
597,1580,3.0,941558308,Men in Black (a.k.a. MIB) (1997),Action|Comedy|Sci-Fi
597,1704,5.0,940361937,Good Will Hunting (1997),Drama|Romance
597,1721,4.0,941631197,Titanic (1997),Drama|Romance
597,2028,5.0,941730854,Saving Private Ryan (1998),Action|Drama|War
597,2628,3.0,940420799,Star Wars: Episode I - The Phantom Menace (1999),Action|Adventure|Sci-Fi
597,2762,5.0,940360674,"Sixth Sense, The (1999)",Drama|Horror|Mystery
597,2858,5.0,940360674,American Beauty (1999),Drama|Romance
599,1,3.0,1498524204,Toy Story (1995),Adventure|Animation|Children|Comedy|Fantasy
599,10,3.5,1498500281,GoldenEye (1995),Action|Adventure|Thriller
599,32,3.0,1498519822,Twelve Monkeys (a.k.a. 12 Monkeys) (1995),Mystery|Sci-Fi|Thriller
599,47,4.0,1498499364,Seven (a.k.a. Se7en) (1995),Mystery|Thriller
599,50,3.5,1498500777,"Usual Suspects, The (1995)",Crime|Mystery|Thriller
599,110,3.5,1498501202,Braveheart (1995),Action|Drama|War
599,150,2.5,1498518425,Apollo 13 (1995),Adventure|Drama|IMAX
599,153,2.0,1498511246,Batman Forever (1995),Action|Adventure|Comedy|Crime
599,165,3.0,1498521550,Die Hard: With a Vengeance (1995),Action|Crime|Thriller
599,231,3.5,1498501223,Dumb & Dumber (Dumb and Dumber) (1994),Adventure|Comedy
599,260,5.0,1498533468,Star Wars: Episode IV - A New Hope (1977),Action|Adventure|Sci-Fi
599,293,5.0,1498456035,Léon: The Professional (a.k.a. The Professional) (Léon) (1994),Action|Crime|Drama|Thriller
599,296,5.0,1498456867,Pulp Fiction (1994),Comedy|Crime|Drama|Thriller
599,316,3.0,1498521582,Stargate (1994),Action|Adventure|Sci-Fi
599,318,4.0,1498498867,"Shawshank Redemption, The (1994)",Crime|Drama
599,344,2.5,1498514429,Ace Ventura: Pet Detective (1994),Comedy
599,356,3.5,1498797749,Forrest Gump (1994),Comedy|Drama|Romance|War
599,364,3.0,1498521329,"Lion King, The (1994)",Adventure|Animation|Children|Drama|Musical|IMAX
599,367,3.0,1498525039,"Mask, The (1994)",Action|Comedy|Crime|Fantasy
599,377,3.0,1498523288,Speed (1994),Action|Romance|Thriller
599,380,3.0,1519122884,True Lies (1994),Action|Adventure|Comedy|Romance|Thriller
599,457,3.0,1498523638,"Fugitive, The (1993)",Thriller
599,480,4.0,1498498722,Jurassic Park (1993),Action|Adventure|Sci-Fi|Thriller
599,500,3.0,1498525707,Mrs. Doubtfire (1993),Comedy|Drama
599,541,4.5,1498539290,Blade Runner (1982),Action|Sci-Fi|Thriller
599,588,3.0,1498523587,Aladdin (1992),Adventure|Animation|Children|Comedy|Musical
599,589,4.5,1498459510,Terminator 2: Judgment Day (1991),Action|Sci-Fi
599,592,3.5,1498501127,Batman (1989),Action|Crime|Thriller
599,593,3.0,1498519279,"Silence of the Lambs, The (1991)",Crime|Horror|Thriller
599,595,3.5,1498797790,Beauty and the Beast (1991),Animation|Children|Fantasy|Musical|Romance|IMAX
599,597,3.0,1498523500,Pretty Woman (1990),Comedy|Romance
599,608,3.5,1498798016,Fargo (1996),Comedy|Crime|Drama|Thriller
599,648,3.0,1498521434,Mission: Impossible (1996),Action|Adventure|Mystery|Thriller
599,780,3.5,1498542387,Independence Day (a.k.a. ID4) (1996),Action|Adventure|Sci-Fi|Thriller
599,858,4.0,1498499662,"Godfather, The (1972)",Crime|Drama
599,1036,4.0,1498498596,Die Hard (1988),Action|Crime|Thriller
599,1089,5.0,1498533764,Reservoir Dogs (1992),Crime|Mystery|Thriller
599,1136,4.5,1498539536,Monty Python and the Holy Grail (1975),Adventure|Comedy|Fantasy
599,1196,5.0,1519029372,Star Wars: Episode V - The Empire Strikes Back (1980),Action|Adventure|Sci-Fi
599,1197,3.5,1498501425,"Princess Bride, The (1987)",Action|Adventure|Comedy|Fantasy|Romance
599,1198,3.5,1498500961,Raiders of the Lost Ark (Indiana Jones and the Raiders of the Lost Ark) (1981),Action|Adventure
599,1200,5.0,1498533615,Aliens (1986),Action|Adventure|Horror|Sci-Fi
599,1210,5.0,1498533608,Star Wars: Episode VI - Return of the Jedi (1983),Action|Adventure|Sci-Fi
599,1213,4.0,1498500397,Goodfellas (1990),Crime|Drama
599,1214,5.0,1519029442,Alien (1979),Horror|Sci-Fi
599,1221,4.0,1498499670,"Godfather: Part II, The (1974)",Crime|Drama
599,1240,3.5,1498501551,"Terminator, The (1984)",Action|Sci-Fi|Thriller
599,1265,4.0,1498499477,Groundhog Day (1993),Comedy|Fantasy|Romance
599,1270,3.5,1498501586,Back to the Future (1985),Adventure|Comedy|Sci-Fi
599,1291,4.0,1498498683,Indiana Jones and the Last Crusade (1989),Action|Adventure
599,1580,3.0,1498525900,Men in Black (a.k.a. MIB) (1997),Action|Comedy|Sci-Fi
599,1682,4.0,1498498834,"Truman Show, The (1998)",Comedy|Drama|Sci-Fi
599,1704,4.5,1498762601,Good Will Hunting (1997),Drama|Romance
599,1721,3.0,1498524231,Titanic (1997),Drama|Romance
599,2028,3.5,1498537662,Saving Private Ryan (1998),Action|Drama|War
599,2329,4.0,1498499284,American History X (1998),Crime|Drama
599,2571,5.0,1519029461,"Matrix, The (1999)",Action|Sci-Fi|Thriller
599,2628,3.0,1498524385,Star Wars: Episode I - The Phantom Menace (1999),Action|Adventure|Sci-Fi
599,2762,3.5,1498501147,"Sixth Sense, The (1999)",Drama|Horror|Mystery
599,2858,5.0,1498533774,American Beauty (1999),Drama|Romance
599,2959,5.0,1498456882,Fight Club (1999),Action|Crime|Drama|Thriller
599,3578,3.5,1498501113,Gladiator (2000),Action|Adventure|Drama
599,3793,3.5,1498500859,X-Men (2000),Action|Adventure|Sci-Fi
599,4226,4.5,1498762577,Memento (2000),Mystery|Thriller
599,4306,2.5,1498516815,Shrek (2001),Adventure|Animation|Children|Comedy|Fantasy|Romance
599,4886,2.5,1498515011,"Monsters, Inc. (2001)",Adventure|Animation|Children|Comedy|Fantasy
599,4993,4.0,1498499417,"Lord of the Rings: The Fellowship of the Ring, The (2001)",Adventure|Fantasy
599,5952,3.0,1498523254,"Lord of the Rings: The Two Towers, The (2002)",Adventure|Fantasy
599,6539,2.5,1498516218,Pirates of the Caribbean: The Curse of the Black Pearl (2003),Action|Adventure|Comedy|Fantasy
599,6874,5.0,1498457174,Kill Bill: Vol. 1 (2003),Action|Crime|Thriller
599,7153,3.0,1498526223,"Lord of the Rings: The Return of the King, The (2003)",Action|Adventure|Drama|Fantasy
599,7361,3.0,1498519103,Eternal Sunshine of the Spotless Mind (2004),Drama|Romance|Sci-Fi
599,8961,2.5,1498518350,"Incredibles, The (2004)",Action|Adventure|Animation|Children|Comedy
599,58559,3.5,1498798185,"Dark Knight, The (2008)",Action|Crime|Drama|IMAX
599,79132,3.0,1498521715,Inception (2010),Action|Crime|Drama|Mystery|Sci-Fi|Thriller|IMAX
600,1,2.5,1237764347,Toy Story (1995),Adventure|Animation|Children|Comedy|Fantasy
600,32,4.5,1237858629,Twelve Monkeys (a.k.a. 12 Monkeys) (1995),Mystery|Sci-Fi|Thriller
600,34,2.0,1237711536,Babe (1995),Children|Drama
600,47,4.0,1237852430,Seven (a.k.a. Se7en) (1995),Mystery|Thriller
600,110,2.0,1237759135,Braveheart (1995),Action|Drama|War
600,150,2.0,1237710443,Apollo 13 (1995),Adventure|Drama|IMAX
600,165,2.5,1237713030,Die Hard: With a Vengeance (1995),Action|Crime|Thriller
600,231,3.5,1237742353,Dumb & Dumber (Dumb and Dumber) (1994),Adventure|Comedy
600,260,4.0,1237714798,Star Wars: Episode IV - A New Hope (1977),Action|Adventure|Sci-Fi
600,296,4.5,1237712505,Pulp Fiction (1994),Comedy|Crime|Drama|Thriller
600,318,3.5,1237714787,"Shawshank Redemption, The (1994)",Crime|Drama
600,344,3.0,1237709122,Ace Ventura: Pet Detective (1994),Comedy
600,356,4.0,1237852400,Forrest Gump (1994),Comedy|Drama|Romance|War
600,364,2.5,1237760758,"Lion King, The (1994)",Adventure|Animation|Children|Drama|Musical|IMAX
600,367,3.0,1237715117,"Mask, The (1994)",Action|Comedy|Crime|Fantasy
600,377,2.0,1237714778,Speed (1994),Action|Romance|Thriller
600,380,3.0,1237712987,True Lies (1994),Action|Adventure|Comedy|Romance|Thriller
600,457,3.0,1237712980,"Fugitive, The (1993)",Thriller
600,480,3.0,1237850755,Jurassic Park (1993),Action|Adventure|Sci-Fi|Thriller
600,500,4.0,1237742340,Mrs. Doubtfire (1993),Comedy|Drama
600,527,3.0,1237857081,Schindler's List (1993),Drama|War
600,588,3.5,1237709466,Aladdin (1992),Adventure|Animation|Children|Comedy|Musical
600,589,3.0,1237859381,Terminator 2: Judgment Day (1991),Action|Sci-Fi
600,592,2.5,1237760730,Batman (1989),Action|Crime|Thriller
600,593,4.0,1237858985,"Silence of the Lambs, The (1991)",Crime|Horror|Thriller
600,595,3.0,1237712468,Beauty and the Beast (1991),Animation|Children|Fantasy|Musical|Romance|IMAX
600,608,4.0,1237858332,Fargo (1996),Comedy|Crime|Drama|Thriller
600,648,3.0,1237742329,Mission: Impossible (1996),Action|Adventure|Mystery|Thriller
600,780,2.0,1237760690,Independence Day (a.k.a. ID4) (1996),Action|Adventure|Sci-Fi|Thriller
600,858,4.0,1237712965,"Godfather, The (1972)",Crime|Drama
600,1036,3.0,1237859371,Die Hard (1988),Action|Crime|Thriller
600,1136,4.5,1237850747,Monty Python and the Holy Grail (1975),Adventure|Comedy|Fantasy
600,1196,4.0,1237760638,Star Wars: Episode V - The Empire Strikes Back (1980),Action|Adventure|Sci-Fi
600,1197,5.0,1237763240,"Princess Bride, The (1987)",Action|Adventure|Comedy|Fantasy|Romance
600,1198,4.0,1237850738,Raiders of the Lost Ark (Indiana Jones and the Raiders of the Lost Ark) (1981),Action|Adventure
600,1200,2.0,1237759117,Aliens (1986),Action|Adventure|Horror|Sci-Fi
600,1210,4.5,1237743471,Star Wars: Episode VI - Return of the Jedi (1983),Action|Adventure|Sci-Fi
600,1213,2.0,1237742323,Goodfellas (1990),Crime|Drama
600,1214,2.5,1237709566,Alien (1979),Horror|Sci-Fi
600,1240,3.0,1237715083,"Terminator, The (1984)",Action|Sci-Fi|Thriller
600,1265,4.0,1237858421,Groundhog Day (1993),Comedy|Fantasy|Romance
600,1270,4.5,1237711743,Back to the Future (1985),Adventure|Comedy|Sci-Fi
600,1291,4.0,1237859361,Indiana Jones and the Last Crusade (1989),Action|Adventure
600,1682,3.5,1237712926,"Truman Show, The (1998)",Comedy|Drama|Sci-Fi
600,1721,3.0,1237742320,Titanic (1997),Drama|Romance
600,2329,4.0,1237743404,American History X (1998),Crime|Drama
600,2571,3.0,1237712912,"Matrix, The (1999)",Action|Sci-Fi|Thriller
600,2628,1.0,1237712907,Star Wars: Episode I - The Phantom Menace (1999),Action|Adventure|Sci-Fi
600,2762,3.5,1237857060,"Sixth Sense, The (1999)",Drama|Horror|Mystery
600,2858,4.5,1237710044,American Beauty (1999),Drama|Romance
600,2959,4.5,1237743321,Fight Club (1999),Action|Crime|Drama|Thriller
600,3793,3.0,1237742311,X-Men (2000),Action|Adventure|Sci-Fi
600,4226,4.0,1237742307,Memento (2000),Mystery|Thriller
600,4306,3.5,1237712656,Shrek (2001),Adventure|Animation|Children|Comedy|Fantasy|Romance
600,4886,3.0,1237761503,"Monsters, Inc. (2001)",Adventure|Animation|Children|Comedy|Fantasy
600,4993,5.0,1237714397,"Lord of the Rings: The Fellowship of the Ring, The (2001)",Adventure|Fantasy
600,5952,5.0,1237764306,"Lord of the Rings: The Two Towers, The (2002)",Adventure|Fantasy
600,6377,4.0,1237858799,Finding Nemo (2003),Adventure|Animation|Children|Comedy
600,6874,4.5,1237859423,Kill Bill: Vol. 1 (2003),Action|Crime|Thriller
600,7153,5.0,1237759080,"Lord of the Rings: The Return of the King, The (2003)",Action|Adventure|Drama|Fantasy
600,7361,5.0,1237712524,Eternal Sunshine of the Spotless Mind (2004),Drama|Romance|Sci-Fi
600,58559,3.5,1237851393,"Dark Knight, The (2008)",Action|Crime|Drama|IMAX
603,1,4.0,963178147,Toy Story (1995),Adventure|Animation|Children|Comedy|Fantasy
603,32,3.0,963179615,Twelve Monkeys (a.k.a. 12 Monkeys) (1995),Mystery|Sci-Fi|Thriller
603,34,4.0,963179273,Babe (1995),Children|Drama
603,110,1.0,963177645,Braveheart (1995),Action|Drama|War
603,153,1.0,963177510,Batman Forever (1995),Action|Adventure|Comedy|Crime
603,260,4.0,953926816,Star Wars: Episode IV - A New Hope (1977),Action|Adventure|Sci-Fi
603,293,2.0,954482255,Léon: The Professional (a.k.a. The Professional) (Léon) (1994),Action|Crime|Drama|Thriller
603,296,5.0,953925131,Pulp Fiction (1994),Comedy|Crime|Drama|Thriller
603,356,3.0,953926642,Forrest Gump (1994),Comedy|Drama|Romance|War
603,377,5.0,963177624,Speed (1994),Action|Romance|Thriller
603,380,2.0,954482760,True Lies (1994),Action|Adventure|Comedy|Romance|Thriller
603,457,3.0,963177606,"Fugitive, The (1993)",Thriller
603,527,3.0,953925102,Schindler's List (1993),Drama|War
603,541,3.0,953925349,Blade Runner (1982),Action|Sci-Fi|Thriller
603,590,3.0,963177385,Dances with Wolves (1990),Adventure|Drama|Western
603,592,2.0,953928090,Batman (1989),Action|Crime|Thriller
603,593,5.0,963179273,"Silence of the Lambs, The (1991)",Crime|Horror|Thriller
603,597,3.0,954482687,Pretty Woman (1990),Comedy|Romance
603,608,5.0,963179293,Fargo (1996),Comedy|Crime|Drama|Thriller
603,648,2.0,963177428,Mission: Impossible (1996),Action|Adventure|Mystery|Thriller
603,858,5.0,953926758,"Godfather, The (1972)",Crime|Drama
603,1036,4.0,953927732,Die Hard (1988),Action|Crime|Thriller
603,1089,5.0,953925210,Reservoir Dogs (1992),Crime|Mystery|Thriller
603,1193,4.0,953924781,One Flew Over the Cuckoo's Nest (1975),Drama
603,1196,3.0,953927628,Star Wars: Episode V - The Empire Strikes Back (1980),Action|Adventure|Sci-Fi
603,1197,3.0,953927685,"Princess Bride, The (1987)",Action|Adventure|Comedy|Fantasy|Romance
603,1198,4.0,953927655,Raiders of the Lost Ark (Indiana Jones and the Raiders of the Lost Ark) (1981),Action|Adventure
603,1200,4.0,953927759,Aliens (1986),Action|Adventure|Horror|Sci-Fi
603,1210,3.0,953927884,Star Wars: Episode VI - Return of the Jedi (1983),Action|Adventure|Sci-Fi
603,1213,4.0,963179312,Goodfellas (1990),Crime|Drama
603,1214,5.0,953925452,Alien (1979),Horror|Sci-Fi
603,1221,5.0,953926758,"Godfather: Part II, The (1974)",Crime|Drama
603,1240,4.0,953927348,"Terminator, The (1984)",Action|Sci-Fi|Thriller
603,1265,5.0,954482210,Groundhog Day (1993),Comedy|Fantasy|Romance
603,1270,2.0,953927759,Back to the Future (1985),Adventure|Comedy|Sci-Fi
603,1291,3.0,953927884,Indiana Jones and the Last Crusade (1989),Action|Adventure
603,1580,4.0,963177406,Men in Black (a.k.a. MIB) (1997),Action|Comedy|Sci-Fi
603,1682,2.0,963179734,"Truman Show, The (1998)",Comedy|Drama|Sci-Fi
603,1704,3.0,963179487,Good Will Hunting (1997),Drama|Romance
603,1721,3.0,954482414,Titanic (1997),Drama|Romance
603,2028,5.0,963177579,Saving Private Ryan (1998),Action|Drama|War
603,2329,3.0,963179487,American History X (1998),Crime|Drama
603,2571,5.0,963177606,"Matrix, The (1999)",Action|Sci-Fi|Thriller
603,2628,1.0,963177792,Star Wars: Episode I - The Phantom Menace (1999),Action|Adventure|Sci-Fi
603,2762,5.0,953926273,"Sixth Sense, The (1999)",Drama|Horror|Mystery
603,2858,5.0,953925031,American Beauty (1999),Drama|Romance
603,2959,4.0,963176105,Fight Club (1999),Action|Crime|Drama|Thriller
603,3578,4.0,963175947,Gladiator (2000),Action|Adventure|Drama
603,4226,5.0,1000194311,Memento (2000),Mystery|Thriller
606,1,2.5,1349082950,Toy Story (1995),Adventure|Animation|Children|Comedy|Fantasy
606,32,4.0,1173653921,Twelve Monkeys (a.k.a. 12 Monkeys) (1995),Mystery|Sci-Fi|Thriller
606,47,3.0,1171927423,Seven (a.k.a. Se7en) (1995),Mystery|Thriller
606,50,4.5,1171234887,"Usual Suspects, The (1995)",Crime|Mystery|Thriller
606,110,3.5,1172969333,Braveheart (1995),Action|Drama|War
606,231,2.5,1171927216,Dumb & Dumber (Dumb and Dumber) (1994),Adventure|Comedy
606,260,4.5,1171324078,Star Wars: Episode IV - A New Hope (1977),Action|Adventure|Sci-Fi
606,293,4.5,1171387841,Léon: The Professional (a.k.a. The Professional) (Léon) (1994),Action|Crime|Drama|Thriller
606,296,5.0,1171231349,Pulp Fiction (1994),Comedy|Crime|Drama|Thriller
606,318,3.5,1171927228,"Shawshank Redemption, The (1994)",Crime|Drama
606,356,4.0,1171231370,Forrest Gump (1994),Comedy|Drama|Romance|War
606,367,3.0,1171754864,"Mask, The (1994)",Action|Comedy|Crime|Fantasy
606,480,2.5,1173644082,Jurassic Park (1993),Action|Adventure|Sci-Fi|Thriller
606,500,3.0,1171736616,Mrs. Doubtfire (1993),Comedy|Drama
606,527,5.0,1171231423,Schindler's List (1993),Drama|War
606,541,5.0,1171325962,Blade Runner (1982),Action|Sci-Fi|Thriller
606,589,3.5,1171325855,Terminator 2: Judgment Day (1991),Action|Sci-Fi
606,590,4.0,1171231406,Dances with Wolves (1990),Adventure|Drama|Western
606,592,3.5,1349082957,Batman (1989),Action|Crime|Thriller
606,593,4.5,1171231373,"Silence of the Lambs, The (1991)",Crime|Horror|Thriller
606,597,4.0,1171365275,Pretty Woman (1990),Comedy|Romance
606,648,2.5,1228165022,Mission: Impossible (1996),Action|Adventure|Mystery|Thriller
606,780,2.5,1173644144,Independence Day (a.k.a. ID4) (1996),Action|Adventure|Sci-Fi|Thriller
606,858,4.0,1171234955,"Godfather, The (1972)",Crime|Drama
606,1089,5.0,1171327143,Reservoir Dogs (1992),Crime|Mystery|Thriller
606,1136,4.0,1171736505,Monty Python and the Holy Grail (1975),Adventure|Comedy|Fantasy
606,1193,4.5,1171376383,One Flew Over the Cuckoo's Nest (1975),Drama
606,1196,4.5,1171324086,Star Wars: Episode V - The Empire Strikes Back (1980),Action|Adventure|Sci-Fi
606,1198,3.5,1171310364,Raiders of the Lost Ark (Indiana Jones and the Raiders of the Lost Ark) (1981),Action|Adventure
606,1200,3.5,1177104994,Aliens (1986),Action|Adventure|Horror|Sci-Fi
606,1210,4.5,1171324088,Star Wars: Episode VI - Return of the Jedi (1983),Action|Adventure|Sci-Fi
606,1214,4.0,1171325965,Alien (1979),Horror|Sci-Fi
606,1221,4.0,1171237134,"Godfather: Part II, The (1974)",Crime|Drama
606,1240,4.0,1171325849,"Terminator, The (1984)",Action|Sci-Fi|Thriller
606,1270,3.5,1171325845,Back to the Future (1985),Adventure|Comedy|Sci-Fi
606,1291,4.0,1171754643,Indiana Jones and the Last Crusade (1989),Action|Adventure
606,1580,2.5,1171310310,Men in Black (a.k.a. MIB) (1997),Action|Comedy|Sci-Fi
606,1682,4.5,1171814392,"Truman Show, The (1998)",Comedy|Drama|Sci-Fi
606,1704,4.5,1171325208,Good Will Hunting (1997),Drama|Romance
606,1721,4.0,1171325893,Titanic (1997),Drama|Romance
606,2028,4.0,1171233580,Saving Private Ryan (1998),Action|Drama|War
606,2329,4.0,1171927475,American History X (1998),Crime|Drama
606,2571,5.0,1171325929,"Matrix, The (1999)",Action|Sci-Fi|Thriller
606,2628,3.5,1197932958,Star Wars: Episode I - The Phantom Menace (1999),Action|Adventure|Sci-Fi
606,2762,4.0,1171360350,"Sixth Sense, The (1999)",Drama|Horror|Mystery
606,2858,4.5,1171323814,American Beauty (1999),Drama|Romance
606,2959,5.0,1171231517,Fight Club (1999),Action|Crime|Drama|Thriller
606,3578,3.5,1171323835,Gladiator (2000),Action|Adventure|Drama
606,4226,4.0,1171231507,Memento (2000),Mystery|Thriller
606,4306,4.0,1175637342,Shrek (2001),Adventure|Animation|Children|Comedy|Fantasy|Romance
606,4886,4.0,1173570104,"Monsters, Inc. (2001)",Adventure|Animation|Children|Comedy|Fantasy
606,4993,4.5,1171376047,"Lord of the Rings: The Fellowship of the Ring, The (2001)",Adventure|Fantasy
606,5952,4.5,1171310163,"Lord of the Rings: The Two Towers, The (2002)",Adventure|Fantasy
606,6377,4.0,1171310356,Finding Nemo (2003),Adventure|Animation|Children|Comedy
606,6539,3.0,1172015230,Pirates of the Caribbean: The Curse of the Black Pearl (2003),Action|Adventure|Comedy|Fantasy
606,6874,4.5,1171235842,Kill Bill: Vol. 1 (2003),Action|Crime|Thriller
606,7153,4.5,1171310090,"Lord of the Rings: The Return of the King, The (2003)",Action|Adventure|Drama|Fantasy
606,7361,4.0,1171814375,Eternal Sunshine of the Spotless Mind (2004),Drama|Romance|Sci-Fi
606,8961,4.0,1171237031,"Incredibles, The (2004)",Action|Adventure|Animation|Children|Comedy
608,1,2.5,1117408267,Toy Story (1995),Adventure|Animation|Children|Comedy|Fantasy
608,10,4.0,1117408486,GoldenEye (1995),Action|Adventure|Thriller
608,32,3.5,1117336682,Twelve Monkeys (a.k.a. 12 Monkeys) (1995),Mystery|Sci-Fi|Thriller
608,34,3.5,1117491662,Babe (1995),Children|Drama
608,47,4.5,1117162426,Seven (a.k.a. Se7en) (1995),Mystery|Thriller
608,50,4.5,1117491010,"Usual Suspects, The (1995)",Crime|Mystery|Thriller
608,110,4.0,1117162428,Braveheart (1995),Action|Drama|War
608,150,2.0,1117162618,Apollo 13 (1995),Adventure|Drama|IMAX
608,153,2.5,1117408484,Batman Forever (1995),Action|Adventure|Comedy|Crime
608,231,3.0,1117504309,Dumb & Dumber (Dumb and Dumber) (1994),Adventure|Comedy
608,260,3.5,1117162625,Star Wars: Episode IV - A New Hope (1977),Action|Adventure|Sci-Fi
608,293,4.0,1117490629,Léon: The Professional (a.k.a. The Professional) (Léon) (1994),Action|Crime|Drama|Thriller
608,296,5.0,1117162592,Pulp Fiction (1994),Comedy|Crime|Drama|Thriller
608,316,3.0,1117415383,Stargate (1994),Action|Adventure|Sci-Fi
608,318,4.5,1147210910,"Shawshank Redemption, The (1994)",Crime|Drama
608,344,3.5,1117504297,Ace Ventura: Pet Detective (1994),Comedy
608,356,3.0,1117162603,Forrest Gump (1994),Comedy|Drama|Romance|War
608,364,3.5,1117408428,"Lion King, The (1994)",Adventure|Animation|Children|Drama|Musical|IMAX
608,367,2.0,1117408436,"Mask, The (1994)",Action|Comedy|Crime|Fantasy
608,377,2.5,1117415171,Speed (1994),Action|Romance|Thriller
608,380,3.0,1117408264,True Lies (1994),Action|Adventure|Comedy|Romance|Thriller
608,457,3.0,1117162610,"Fugitive, The (1993)",Thriller
608,480,3.0,1117162606,Jurassic Park (1993),Action|Adventure|Sci-Fi|Thriller
608,500,2.0,1117408421,Mrs. Doubtfire (1993),Comedy|Drama
608,527,4.0,1117415161,Schindler's List (1993),Drama|War
608,541,3.5,1117490759,Blade Runner (1982),Action|Sci-Fi|Thriller
608,588,3.0,1117408230,Aladdin (1992),Adventure|Animation|Children|Comedy|Musical
608,589,3.0,1117415154,Terminator 2: Judgment Day (1991),Action|Sci-Fi
608,590,3.0,1117162615,Dances with Wolves (1990),Adventure|Drama|Western
608,592,3.0,1117162346,Batman (1989),Action|Crime|Thriller
608,593,4.0,1117162597,"Silence of the Lambs, The (1991)",Crime|Horror|Thriller
608,595,2.5,1117504304,Beauty and the Beast (1991),Animation|Children|Fantasy|Musical|Romance|IMAX
608,597,2.5,1117490737,Pretty Woman (1990),Comedy|Romance
608,608,3.0,1117415165,Fargo (1996),Comedy|Crime|Drama|Thriller
608,648,3.5,1117415371,Mission: Impossible (1996),Action|Adventure|Mystery|Thriller
608,780,3.0,1117408246,Independence Day (a.k.a. ID4) (1996),Action|Adventure|Sci-Fi|Thriller
608,858,5.0,1117408367,"Godfather, The (1972)",Crime|Drama
608,1036,3.0,1117415358,Die Hard (1988),Action|Crime|Thriller
608,1089,4.0,1117407755,Reservoir Dogs (1992),Crime|Mystery|Thriller
608,1136,3.0,1117491522,Monty Python and the Holy Grail (1975),Adventure|Comedy|Fantasy
608,1193,3.5,1117503152,One Flew Over the Cuckoo's Nest (1975),Drama
608,1196,4.0,1117491243,Star Wars: Episode V - The Empire Strikes Back (1980),Action|Adventure|Sci-Fi
608,1200,4.5,1117491293,Aliens (1986),Action|Adventure|Horror|Sci-Fi
608,1210,4.0,1117408257,Star Wars: Episode VI - Return of the Jedi (1983),Action|Adventure|Sci-Fi
608,1213,4.5,1189471142,Goodfellas (1990),Crime|Drama
608,1214,4.0,1117491494,Alien (1979),Horror|Sci-Fi
608,1221,4.5,1117503038,"Godfather: Part II, The (1974)",Crime|Drama
608,1240,3.5,1117491402,"Terminator, The (1984)",Action|Sci-Fi|Thriller
608,1265,3.5,1117491561,Groundhog Day (1993),Comedy|Fantasy|Romance
608,1270,2.0,1117162329,Back to the Future (1985),Adventure|Comedy|Sci-Fi
608,1291,4.0,1117491212,Indiana Jones and the Last Crusade (1989),Action|Adventure
608,1580,3.5,1117490704,Men in Black (a.k.a. MIB) (1997),Action|Comedy|Sci-Fi
608,1682,4.5,1117162316,"Truman Show, The (1998)",Comedy|Drama|Sci-Fi
608,1704,4.5,1189471145,Good Will Hunting (1997),Drama|Romance
608,1721,2.0,1117408294,Titanic (1997),Drama|Romance
608,2028,4.5,1117415309,Saving Private Ryan (1998),Action|Drama|War
608,2329,4.0,1117162555,American History X (1998),Crime|Drama
608,2571,5.0,1117162423,"Matrix, The (1999)",Action|Sci-Fi|Thriller
608,2628,4.0,1117408301,Star Wars: Episode I - The Phantom Menace (1999),Action|Adventure|Sci-Fi
608,2762,4.5,1189471095,"Sixth Sense, The (1999)",Drama|Horror|Mystery
608,2858,5.0,1117336673,American Beauty (1999),Drama|Romance
608,2959,5.0,1117336631,Fight Club (1999),Action|Crime|Drama|Thriller
608,3578,4.0,1117162075,Gladiator (2000),Action|Adventure|Drama
608,3793,4.0,1117161991,X-Men (2000),Action|Adventure|Sci-Fi
608,4226,4.5,1147794895,Memento (2000),Mystery|Thriller
608,4306,4.5,1117491236,Shrek (2001),Adventure|Animation|Children|Comedy|Fantasy|Romance
608,4886,4.0,1117162255,"Monsters, Inc. (2001)",Adventure|Animation|Children|Comedy|Fantasy
608,4993,4.5,1117407739,"Lord of the Rings: The Fellowship of the Ring, The (2001)",Adventure|Fantasy
608,5952,4.5,1117407736,"Lord of the Rings: The Two Towers, The (2002)",Adventure|Fantasy
608,6377,4.0,1117162293,Finding Nemo (2003),Adventure|Animation|Children|Comedy
608,6539,4.0,1117162561,Pirates of the Caribbean: The Curse of the Black Pearl (2003),Action|Adventure|Comedy|Fantasy
608,6874,4.0,1189471139,Kill Bill: Vol. 1 (2003),Action|Crime|Thriller
608,7153,4.0,1117162552,"Lord of the Rings: The Return of the King, The (2003)",Action|Adventure|Drama|Fantasy
608,7361,4.5,1147794846,Eternal Sunshine of the Spotless Mind (2004),Drama|Romance|Sci-Fi
608,8961,4.0,1117162564,"Incredibles, The (2004)",Action|Adventure|Animation|Children|Comedy
610,1,5.0,1479542900,Toy Story (1995),Adventure|Animation|Children|Comedy|Fantasy
610,32,4.5,1479543331,Twelve Monkeys (a.k.a. 12 Monkeys) (1995),Mystery|Sci-Fi|Thriller
610,47,5.0,1479545853,Seven (a.k.a. Se7en) (1995),Mystery|Thriller
610,50,4.0,1493844757,"Usual Suspects, The (1995)",Crime|Mystery|Thriller
610,110,4.5,1479545829,Braveheart (1995),Action|Drama|War
610,153,3.0,1479544720,Batman Forever (1995),Action|Adventure|Comedy|Crime
610,231,4.0,1479544262,Dumb & Dumber (Dumb and Dumber) (1994),Adventure|Comedy
610,260,5.0,1479543007,Star Wars: Episode IV - A New Hope (1977),Action|Adventure|Sci-Fi
610,293,5.0,1479542783,Léon: The Professional (a.k.a. The Professional) (Léon) (1994),Action|Crime|Drama|Thriller
610,296,5.0,1479545817,Pulp Fiction (1994),Comedy|Crime|Drama|Thriller
610,318,3.0,1479541963,"Shawshank Redemption, The (1994)",Crime|Drama
610,344,3.0,1479544704,Ace Ventura: Pet Detective (1994),Comedy
610,356,3.0,1493844769,Forrest Gump (1994),Comedy|Drama|Romance|War
610,367,3.5,1479544707,"Mask, The (1994)",Action|Comedy|Crime|Fantasy
610,377,5.0,1479545866,Speed (1994),Action|Romance|Thriller
610,380,5.0,1479544108,True Lies (1994),Action|Adventure|Comedy|Romance|Thriller
610,457,4.5,1479545836,"Fugitive, The (1993)",Thriller
610,480,5.0,1479545821,Jurassic Park (1993),Action|Adventure|Sci-Fi|Thriller
610,527,3.5,1479545826,Schindler's List (1993),Drama|War
610,541,5.0,1493850255,Blade Runner (1982),Action|Sci-Fi|Thriller
610,589,5.0,1479542983,Terminator 2: Judgment Day (1991),Action|Sci-Fi
610,592,4.5,1479545848,Batman (1989),Action|Crime|Thriller
610,593,4.5,1479545819,"Silence of the Lambs, The (1991)",Crime|Horror|Thriller
610,608,4.5,1479542933,Fargo (1996),Comedy|Crime|Drama|Thriller
610,780,3.5,1479545838,Independence Day (a.k.a. ID4) (1996),Action|Adventure|Sci-Fi|Thriller
610,858,5.0,1479545844,"Godfather, The (1972)",Crime|Drama
610,1036,5.0,1493850224,Die Hard (1988),Action|Crime|Thriller
610,1089,5.0,1479542947,Reservoir Dogs (1992),Crime|Mystery|Thriller
610,1136,5.0,1479543327,Monty Python and the Holy Grail (1975),Adventure|Comedy|Fantasy
610,1196,5.0,1479544565,Star Wars: Episode V - The Empire Strikes Back (1980),Action|Adventure|Sci-Fi
610,1197,4.5,1493850231,"Princess Bride, The (1987)",Action|Adventure|Comedy|Fantasy|Romance
610,1198,5.0,1479545833,Raiders of the Lost Ark (Indiana Jones and the Raiders of the Lost Ark) (1981),Action|Adventure
610,1200,5.0,1479544099,Aliens (1986),Action|Adventure|Horror|Sci-Fi
610,1210,5.0,1479544574,Star Wars: Episode VI - Return of the Jedi (1983),Action|Adventure|Sci-Fi
610,1213,5.0,1479542160,Goodfellas (1990),Crime|Drama
610,1214,4.5,1493850227,Alien (1979),Horror|Sci-Fi
610,1221,5.0,1479542899,"Godfather: Part II, The (1974)",Crime|Drama
610,1240,5.0,1479544100,"Terminator, The (1984)",Action|Sci-Fi|Thriller
610,1265,4.5,1493850236,Groundhog Day (1993),Comedy|Fantasy|Romance
610,1270,5.0,1479542897,Back to the Future (1985),Adventure|Comedy|Sci-Fi
610,1291,4.5,1493850234,Indiana Jones and the Last Crusade (1989),Action|Adventure
610,1682,5.0,1479543017,"Truman Show, The (1998)",Comedy|Drama|Sci-Fi
610,1721,3.0,1479544112,Titanic (1997),Drama|Romance
610,2028,5.0,1479545856,Saving Private Ryan (1998),Action|Drama|War
610,2571,5.0,1479545822,"Matrix, The (1999)",Action|Sci-Fi|Thriller
610,2628,3.0,1493879393,Star Wars: Episode I - The Phantom Menace (1999),Action|Adventure|Sci-Fi
610,2762,4.5,1479545862,"Sixth Sense, The (1999)",Drama|Horror|Mystery
610,2858,3.5,1479545841,American Beauty (1999),Drama|Romance
610,2959,5.0,1479541966,Fight Club (1999),Action|Crime|Drama|Thriller
610,3578,5.0,1493844672,Gladiator (2000),Action|Adventure|Drama
610,3793,3.5,1493844700,X-Men (2000),Action|Adventure|Sci-Fi
610,4226,5.0,1493844685,Memento (2000),Mystery|Thriller
610,4306,3.5,1493844678,Shrek (2001),Adventure|Animation|Children|Comedy|Fantasy|Romance
610,4886,4.0,1479542968,"Monsters, Inc. (2001)",Adventure|Animation|Children|Comedy|Fantasy
610,4993,5.0,1479545850,"Lord of the Rings: The Fellowship of the Ring, The (2001)",Adventure|Fantasy
610,5952,5.0,1479545858,"Lord of the Rings: The Two Towers, The (2002)",Adventure|Fantasy
610,6377,4.0,1493844706,Finding Nemo (2003),Adventure|Animation|Children|Comedy
610,6539,4.0,1493844694,Pirates of the Caribbean: The Curse of the Black Pearl (2003),Action|Adventure|Comedy|Fantasy
610,6874,4.5,1493844709,Kill Bill: Vol. 1 (2003),Action|Crime|Thriller
610,7153,5.0,1479545863,"Lord of the Rings: The Return of the King, The (2003)",Action|Adventure|Drama|Fantasy
610,7361,5.0,1479543278,Eternal Sunshine of the Spotless Mind (2004),Drama|Romance|Sci-Fi
610,8961,5.0,1493844829,"Incredibles, The (2004)",Action|Adventure|Animation|Children|Comedy
610,58559,4.5,1493844688,"Dark Knight, The (2008)",Action|Crime|Drama|IMAX
610,79132,4.0,1493844703,Inception (2010),Action|Crime|Drama|Mystery|Sci-Fi|Thriller|IMAX
